image_id,class_name,x_min,y_min,x_max,y_max
e0dc2e79105ad93532484e956ef8a71a,Calcification,218.37961575146485,104.9780496736852,240.1427987464232,124.29512284441692
e0dc2e79105ad93532484e956ef8a71a,Cardiomegaly,114.18013353317897,208.00243991758765,321.9196075759641,307.5146350395389
e0dc2e79105ad93532484e956ef8a71a,ILD,302.79438615615203,220.88048869807542,345.00177135849583,308.1000008931975
e0dc2e79105ad93532484e956ef8a71a,Pneumothorax,71.49480272178435,23.135727469083903,181.73860613439624,80.9475504017232
e0dc2e79105ad93532484e956ef8a71a,Pneumothorax,59.76327966477791,78.34907225195504,81.00924901970178,118.13699219513438
e0dc2e79105ad93532484e956ef8a71a,Pleural effusion,41.11297479631505,235.1925493582997,115.20900537065422,308.7394277998831
e0dc2e79105ad93532484e956ef8a71a,Atelectasis,67.80348043330818,198.0655193757695,90.11196275676517,238.02127545220665
e0dc2e79105ad93532484e956ef8a71a,Pneumothorax,50.673752934939465,219.28096508007246,74.17733252572447,245.44668144871272
0aed23e64ebdea798486056b4f174424,Pleural effusion,265.50836310902764,251.39918202511905,360.7250012741888,305.1938928528936
0aed23e64ebdea798486056b4f174424,Pleural effusion,27.010180864348094,234.29027905360897,146.90214255968849,297.207904676787
0aed23e64ebdea798486056b4f174424,Infiltration,52.60023394867494,144.49451669781268,154.87469684023927,234.86629984441802
0aed23e64ebdea798486056b4f174424,Consolidation,75.66359899862607,181.98550452030915,145.17117375405638,231.81228282813447
aa15cfcfca7605465ca0513902738b95,Pulmonary fibrosis,115.14483980605678,64.05918941117287,159.64619376465623,117.8279456451726
aa15cfcfca7605465ca0513902738b95,Pleural thickening,230.0774705022822,45.36951478438151,265.46831105203455,53.42045154669163
aa15cfcfca7605465ca0513902738b95,Pleural thickening,94.12057809333261,58.59605375103384,127.75939683369128,74.98546073145087
665c4a6d2693dc0286d65ab479c9b169,Nodule/Mass,51.86803005633857,152.8113440197287,106.67771184881904,189.27003699136864
665c4a6d2693dc0286d65ab479c9b169,ILD,51.30298179043668,139.55363748458691,132.10488381440274,266.92231812577063
42da2c134b53cb5594774d3d29faac59,Aortic enlargement,167.47664299533622,72.4916262624456,262.83714509682886,168.99333968833096
42da2c134b53cb5594774d3d29faac59,Calcification,221.44439967914792,107.58315841731297,238.7350401700779,130.39265431797676
42da2c134b53cb5594774d3d29faac59,Cardiomegaly,99.36199863712727,185.66181746189298,339.33513029912496,269.8814946335747
c7179539654a1b3b7977e56e7e3009d5,Aortic enlargement,128.1932334510075,98.83353884093711,223.61596540715834,173.17139334155362
c7179539654a1b3b7977e56e7e3009d5,Cardiomegaly,89.1044034930662,191.1639950678175,290.2969106295288,274.02466091245367
bfd1974dc9778aadb407a11b57ab748f,Aortic enlargement,147.015281098947,104.98890258939582,254.20109280145604,194.95191122071512
618777b8305b062583337d9a6b7a3d4e,Other lesion,58.225137153424086,236.35375562228876,169.96761791675684,276.5168983357211
618777b8305b062583337d9a6b7a3d4e,ILD,123.33129330065512,199.2217934910022,161.65619372774856,239.38493620443458
618777b8305b062583337d9a6b7a3d4e,Calcification,213.86629995994298,138.48794528842438,228.5832431211783,158.61523243760354
e54b5a593bc03c789ecdc18d8270964e,Aortic enlargement,156.63682990023872,139.8464497908837,234.16632754957348,194.1578746366748
e54b5a593bc03c789ecdc18d8270964e,Calcification,204.70281704918642,159.59331169276157,217.3915466439807,173.07930847761958
e54b5a593bc03c789ecdc18d8270964e,ILD,49.267899979645534,153.52107392782665,123.14986970197488,285.7866473521561
e54b5a593bc03c789ecdc18d8270964e,ILD,240.165243713063,166.53656918500795,319.59903774978704,294.22913076221965
3019aec706bd013e1e3348564fbfd086,Nodule/Mass,103.02032318201768,142.21029796269994,133.0447365947562,170.4096367141257
3019aec706bd013e1e3348564fbfd086,Pulmonary fibrosis,136.66213580111022,143.39763854170738,156.55783143605743,160.02040664781097
3019aec706bd013e1e3348564fbfd086,Pulmonary fibrosis,256.9496543147337,111.882603371673,294.87399836773506,156.46187393202382
3019aec706bd013e1e3348564fbfd086,Nodule/Mass,290.05809113126577,195.23329994212204,321.39087542092716,234.9683811935601
3019aec706bd013e1e3348564fbfd086,Pleural thickening,253.80528286223617,101.31401698417741,298.8623445680301,118.31298222543437
3019aec706bd013e1e3348564fbfd086,Pleural thickening,240.95948859893457,101.04946056375273,257.54809436000426,130.8491721741788
3019aec706bd013e1e3348564fbfd086,Nodule/Mass,283.837138444758,144.38642883659656,299.77926944461365,155.95873038638098
3019aec706bd013e1e3348564fbfd086,Nodule/Mass,282.6108206755383,154.4492997494526,318.17403598290866,180.10962057723546
3019aec706bd013e1e3348564fbfd086,Mediastinal shift,213.32386671462717,94.07207427231647,252.56603532965653,172.56246739259345
efbe54fcf4bdab5041ecdf15af5fcd52,Calcification,154.5662829083697,129.82090967768616,168.50294862516424,148.40313063341222
efbe54fcf4bdab5041ecdf15af5fcd52,Calcification,70.28263785918365,235.009553302064,78.57827221441849,243.96883840571763
40497da14aafc428210b623fc8445288,Cardiomegaly,132.35959324289666,238.75675487150096,340.2239520875069,315.8532799680261
40497da14aafc428210b623fc8445288,Aortic enlargement,164.84306373050325,131.51804786392404,262.60803430069166,204.42944026898735
934e2731a86f3a6d750f7f7d9eaea85c,Pleural effusion,20.58940961512919,221.70747897659027,141.9407952560679,297.9330139543522
934e2731a86f3a6d750f7f7d9eaea85c,Pulmonary fibrosis,92.59989902627517,81.70412492378952,123.45944998979923,117.12988417869248
934e2731a86f3a6d750f7f7d9eaea85c,Lung Opacity,102.3273661778208,76.24631346786578,160.19260550684808,127.73175373672913
934e2731a86f3a6d750f7f7d9eaea85c,Lung Opacity,95.6187681422721,170.65639633756047,154.81326657023016,202.4970111939393
934e2731a86f3a6d750f7f7d9eaea85c,Atelectasis,73.97953521552897,205.05184991081228,158.20806413481702,226.82531735210094
91123b24b8a4c289820bbb2dc6dabdfe,Cardiomegaly,130.93642933713343,209.9448955772713,339.93964871396776,273.2783329762442
91123b24b8a4c289820bbb2dc6dabdfe,Aortic enlargement,178.5143979757624,93.07545860900102,259.65182663628144,156.75880450189084
688ecdb1a4e994d42b5a50a8c4a9736f,Cardiomegaly,124.7881274131274,176.20656491011096,310.7881274131274,279.42576491011096
5c55f871429730b84a8ee275839b8aae,No finding,,,,
bf754344a692a87c08c480dccf75e0c6,Calcification,228.6169761507268,120.2223494881376,237.2723437068301,131.99364936443806
bf754344a692a87c08c480dccf75e0c6,Pleural thickening,85.63030412390083,231.7034836107477,104.67211274732801,273.94167728453164
bf754344a692a87c08c480dccf75e0c6,Pleural thickening,311.0160752848299,225.4716189703533,323.4798045656186,265.97873913291664
bf754344a692a87c08c480dccf75e0c6,Pleural effusion,293.8378378378378,243.7084923232384,338.8378378378378,268.7084923232384
bf754344a692a87c08c480dccf75e0c6,Pleural effusion,70.83783783783781,257.7084923232384,131.8378378378378,277.2084923232384
6cbbbc0e77251e60d6f4af673cc19e2a,Pleural effusion,36.56650386414541,188.90010345299763,130.75143107638155,225.60253927209254
6cbbbc0e77251e60d6f4af673cc19e2a,Pulmonary fibrosis,223.5870040305627,163.20839837963118,273.24324072698516,189.76369017815287
6cbbbc0e77251e60d6f4af673cc19e2a,Aortic enlargement,159.08787049553564,113.33626500191994,213.60178252095596,149.82280413972603
6cbbbc0e77251e60d6f4af673cc19e2a,Cardiomegaly,125.5567911124437,174.3197965467849,288.63335326501715,224.3096212066392
6cbbbc0e77251e60d6f4af673cc19e2a,Atelectasis,45.48662774138528,171.68693859484208,103.94877727366045,190.7689842021767
9b609fc8e82081f4ac5bf83b8a0fbc5c,Aortic enlargement,169.05692783950673,105.1321614987943,241.69543263739862,173.30158237489357
9b609fc8e82081f4ac5bf83b8a0fbc5c,Cardiomegaly,129.81543674179503,202.07661430249325,315.1688627777951,267.16299604349257
9b609fc8e82081f4ac5bf83b8a0fbc5c,Consolidation,75.15965844281122,179.3807639660345,136.95733328923654,226.20837887388097
31b4de538dd6272b05e295142c5ccc2a,Aortic enlargement,181.20396130879493,82.57036387738421,244.08287420666414,136.74296575862545
31b4de538dd6272b05e295142c5ccc2a,Other lesion,74.49582999976694,123.66051920682645,143.66597712269336,182.25170265212884
9262bfe5dc41410f1725ebdd26a22334,Cardiomegaly,184.81420849420851,190.56747301821915,310.7662084942085,256.6154730182191
97f0ad3b3ccbfc848bf9cc7e1a76377c,Cardiomegaly,123.62059100807994,221.95131046560846,337.3192211450662,314.5662611003052
97f0ad3b3ccbfc848bf9cc7e1a76377c,Consolidation,282.7438786793128,213.28558409043217,351.1274403231484,263.1135107476959
97f0ad3b3ccbfc848bf9cc7e1a76377c,Consolidation,76.93565950123063,217.0768393795718,158.46990607657307,303.73410313133485
97f0ad3b3ccbfc848bf9cc7e1a76377c,ILD,12.497303336847075,236.03311582526996,92.0589471724635,294.52676885771
56237d3770e31568eb965067d2d948af,Cardiomegaly,140.12203196856535,156.13728889031844,295.45536530189867,229.73728889031844
218e819ed8c0fe25c92ee7f1d5b993c7,Pleural effusion,24.142475836616462,239.8905715933837,73.28847873074739,278.7410124992763
218e819ed8c0fe25c92ee7f1d5b993c7,Calcification,197.94077353302117,104.99099386369404,233.35287727941886,129.29845430077015
218e819ed8c0fe25c92ee7f1d5b993c7,Calcification,280.79159963377845,92.59410256566647,289.83707008898136,99.21699562842095
39077a997b195cfedd2287c9e9476b38,Cardiomegaly,179.3976833976834,163.88416799891408,292.07722007722003,229.86100197574805
6cd9d28658e91fe717e33e2f8b10e81a,Cardiomegaly,121.02534464438716,214.47292086286856,326.176029575894,317.37842156808716
6cd9d28658e91fe717e33e2f8b10e81a,ILD,46.06644053479812,90.44471211815768,149.95685149370223,302.21340041152865
6cd9d28658e91fe717e33e2f8b10e81a,ILD,209.13493368548305,86.65345682901804,341.95685149370223,319.00324526343275
6cd9d28658e91fe717e33e2f8b10e81a,Pulmonary fibrosis,237.0662662559586,139.89420427640545,291.5782432302827,163.60610652821202
6cd9d28658e91fe717e33e2f8b10e81a,Other lesion,231.24757208454199,156.54298670852498,279.3283607641424,199.42621418519641
b4e78fa47b3675c8de1ceae320bc4bf9,Cardiomegaly,108.0000142750574,169.06404384987061,318.079210246845,257.02019056791534
b4e78fa47b3675c8de1ceae320bc4bf9,Aortic enlargement,180.3326715707328,83.72369331674918,257.0681862670145,159.2548081564084
b4e78fa47b3675c8de1ceae320bc4bf9,Calcification,229.0785927917314,100.72636851875038,243.85961406519553,115.76719658205916
b4e78fa47b3675c8de1ceae320bc4bf9,ILD,53.435617907253736,135.24950025105326,93.02750324368384,220.1656380923255
b4e78fa47b3675c8de1ceae320bc4bf9,Pleural thickening,38.44815602172292,148.93201498789742,52.16856369263248,242.54663158827876
b4e78fa47b3675c8de1ceae320bc4bf9,Pleural thickening,317.1439368370731,103.46205835342647,337.15286469048283,170.0324523803643
b4e78fa47b3675c8de1ceae320bc4bf9,ILD,281.6051200264098,94.37523143117296,326.58628947115983,183.8882426170446
ae764a3ffd1b0317e4496637b3708a20,Lung Opacity,215.04006474387484,77.10719115238773,259.25108959601516,104.1593854443442
ae764a3ffd1b0317e4496637b3708a20,Pulmonary fibrosis,226.35083109365053,83.99605572318093,292.456839682089,151.9733644568151
ae764a3ffd1b0317e4496637b3708a20,Other lesion,302.98327417069385,74.63183462211903,379.1946598681929,155.09477149050232
8523b847bfffd922ccc8748667cb4a6b,Aortic enlargement,146.60944270372218,102.00247668993309,255.07381037502142,211.16165838669545
8523b847bfffd922ccc8748667cb4a6b,Nodule/Mass,337.0526929172825,313.08376726378293,349.03422190422833,328.7640917064117
4dcaf539b6497ad02f2734e1b78c9678,No finding,,,,
774a27811e9fea0a7551f17f0b00130c,Aortic enlargement,166.13766053899286,101.80072538285056,236.04059910186828,172.36347024413445
774a27811e9fea0a7551f17f0b00130c,Pleural thickening,200.64127032165328,57.72861904030081,235.42943708699846,68.06823800399127
f890e83cfa9198db05bc36b3ffc14c4d,Cardiomegaly,115.8569710730886,191.1969848445502,277.4752869891333,253.98395649538764
f890e83cfa9198db05bc36b3ffc14c4d,ILD,44.47532015595664,176.61415154215035,125.97532015595665,255.11415154215035
b7806ab0cae2d0a9e40e009a354e4712,Cardiomegaly,125.7478188130667,170.82414672954863,272.76379277588364,234.19945380123914
b7806ab0cae2d0a9e40e009a354e4712,Pleural thickening,53.52944563834965,162.71800280177428,71.21557784440282,228.6725374868475
9dac311de884273b67f2623ce139e248,ILD,38.732738244880686,202.61984701477792,130.74279939369725,241.03307423628664
9dac311de884273b67f2623ce139e248,Aortic enlargement,143.23070230911202,130.34743567985743,230.7472763740417,186.84805316026947
9dac311de884273b67f2623ce139e248,Cardiomegaly,134.95210746513214,193.18001891238464,308.80259918870877,304.72003100733605
9dac311de884273b67f2623ce139e248,Consolidation,227.35097451703678,204.9520571721933,305.2386115208694,249.7026269292578
57a1a6b02398e336508aa57ecf962e74,Cardiomegaly,111.36427779591294,224.32279816710965,327.7766489299336,307.3498251941367
57a1a6b02398e336508aa57ecf962e74,Pulmonary fibrosis,222.3108305495061,67.84109364695733,294.1179943169339,113.68937297134767
57a1a6b02398e336508aa57ecf962e74,Pulmonary fibrosis,52.830481657566416,120.06562373831581,131.58672578958397,152.55413955096327
57a1a6b02398e336508aa57ecf962e74,Pulmonary fibrosis,116.5303849996394,64.80478375792488,160.927287328963,137.0689591168977
57a1a6b02398e336508aa57ecf962e74,Pleural thickening,305.9926659279669,79.19480290099104,341.49295568704014,116.15622427717518
552e53af89d7ae4c482cb935ac1542b7,Pleural thickening,53.93050193050193,74.18532630007239,128.988416988417,89.75289386763995
552e53af89d7ae4c482cb935ac1542b7,Pleural thickening,205.89961389961383,62.32432243906854,276.32432432432427,91.23551935026545
552e53af89d7ae4c482cb935ac1542b7,Pulmonary fibrosis,50.223938223938205,68.99613711088321,133.6216216216216,139.42084753559362
552e53af89d7ae4c482cb935ac1542b7,Pulmonary fibrosis,196.63320463320457,60.84169695644305,276.32432432432427,138.6795347942809
cf53ffbeb2ef098612d71ea84d97ebc4,Cardiomegaly,123.23046194077729,177.02927863041103,313.9781145850984,306.6586870098869
cf53ffbeb2ef098612d71ea84d97ebc4,Nodule/Mass,237.1631208952166,113.10033906615124,270.0994057847005,160.89187641030662
cf53ffbeb2ef098612d71ea84d97ebc4,Pulmonary fibrosis,82.60883507284464,100.95100530366835,108.42452457245898,109.76061289481046
e52b5e6afc1c45823626dfc0b0c07a8c,ILD,35.224883849197404,97.71658192840235,122.65865699525322,160.13206483782412
e52b5e6afc1c45823626dfc0b0c07a8c,ILD,256.4588249914902,56.94264836948362,285.60341604017543,83.28888236140034
e52b5e6afc1c45823626dfc0b0c07a8c,ILD,274.85990834080206,127.48336851326066,309.90695797112994,150.34313662224963
e52b5e6afc1c45823626dfc0b0c07a8c,ILD,272.0747123436897,198.70033839126472,332.420625614453,271.4559465073739
937a353dd57519c0757ce2da3ae2bdc2,Cardiomegaly,158.09472063301672,135.1508001003267,305.36594611809045,186.97560486221974
937a353dd57519c0757ce2da3ae2bdc2,Enlarged PA,230.2015663289957,95.12351186959631,264.8536193843072,128.40936208251944
7aa301c90a61603f9b5e2e05a88b4204,Pneumothorax,50.64677641854094,166.75363285113676,91.03556121618891,288.64603532161425
7aa301c90a61603f9b5e2e05a88b4204,Atelectasis,74.0094903590201,175.93826611416688,161.6383747725826,260.82823549908187
7aa301c90a61603f9b5e2e05a88b4204,Other lesion,14.214998839099167,168.13728875628976,48.784304620385434,313.35762773934067
53ae3d1a464529cb387ce44aa655846f,Pulmonary fibrosis,233.71656838446435,72.72528559417295,315.9741698060272,141.7920586065689
53ae3d1a464529cb387ce44aa655846f,Nodule/Mass,262.12207103363716,84.4487968804099,274.54947844265024,95.66259028463656
53ae3d1a464529cb387ce44aa655846f,Nodule/Mass,270.9987906115036,105.60208898383746,281.94674475753897,117.3256002700744
2021c6c746096cd28002e71ceb992c69,Nodule/Mass,273.70609621447693,161.2123809683884,285.45583743795123,172.7724617395797
2021c6c746096cd28002e71ceb992c69,Nodule/Mass,262.28273669165463,124.91910412860169,286.76136424055943,155.8355992143459
2021c6c746096cd28002e71ceb992c69,Pleural thickening,332.17400093007063,131.40710720499231,340.4593114731751,151.8808223975437
2021c6c746096cd28002e71ceb992c69,Pulmonary fibrosis,295.673849078016,126.61146220493524,329.9347278103127,144.87180278207572
2021c6c746096cd28002e71ceb992c69,Nodule/Mass,320.98383912021643,189.52918919773307,330.2089559897075,198.25360625907487
2021c6c746096cd28002e71ceb992c69,ILD,79.12045852186472,203.07007477089792,132.44137456857393,246.12055839944375
2021c6c746096cd28002e71ceb992c69,Pleural thickening,121.24366173229495,78.8458644160813,143.43393629607496,89.00032323542585
2021c6c746096cd28002e71ceb992c69,Pulmonary fibrosis,88.99195662290605,117.39594248520888,167.30335606169223,179.32370898092233
2021c6c746096cd28002e71ceb992c69,Pulmonary fibrosis,128.2494591531097,87.36105524524723,143.39280693398862,106.23543793702642
7073d58de75ee80e16ec3a4458349f90,Cardiomegaly,105.8223938223938,206.88030699505313,295.78378378378375,278.0463301610763
7073d58de75ee80e16ec3a4458349f90,Aortic enlargement,139.18146718146716,137.93822205296817,233.69884169884168,185.3822374969836
7073d58de75ee80e16ec3a4458349f90,Rib fracture,61.253035804892406,139.73309004817582,89.07896942930519,175.25555850487302
7073d58de75ee80e16ec3a4458349f90,Lung Opacity,48.82017184504839,193.2536091895996,78.42222889229603,210.30439404881423
7073d58de75ee80e16ec3a4458349f90,ILD,253.66640661200213,213.38300798172804,295.1092864781488,232.56514094834452
395f2f015b69bcf2e58fcba55ecb6793,Consolidation,256.13118340208354,191.04644471838998,290.1763041549675,237.0236119156983
395f2f015b69bcf2e58fcba55ecb6793,Lung cavity,261.2379515150161,170.87278972365263,300.38984038083265,196.67630192622363
379350d6cca599b6a09c5387c9160aad,Pulmonary fibrosis,146.30822564007084,82.27047156989926,187.68368142432354,164.1266526102554
379350d6cca599b6a09c5387c9160aad,Lung cavity,118.95974848749908,120.08068021801287,137.8211496477633,136.11731325171183
379350d6cca599b6a09c5387c9160aad,Nodule/Mass,88.79631016443831,147.14537551724288,106.03295900472708,157.271181262729
379350d6cca599b6a09c5387c9160aad,Pulmonary fibrosis,105.20696816361038,165.98073662477486,146.28429115483647,181.57654550248293
379350d6cca599b6a09c5387c9160aad,Nodule/Mass,86.04619473151281,187.13730877180447,152.35840225079014,303.7391974785408
379350d6cca599b6a09c5387c9160aad,Pulmonary fibrosis,282.91388301309775,186.26180696070062,342.3819028779572,255.52012784705659
379350d6cca599b6a09c5387c9160aad,Pulmonary fibrosis,259.2536505179497,93.42242670765302,300.14738756601776,170.43717159289002
379350d6cca599b6a09c5387c9160aad,Nodule/Mass,305.0635745335451,119.64411365667418,317.80096804032036,143.29864244285415
134214ffc7f507842719617ecd5bfc52,Aortic enlargement,181.7021195800208,61.061942725200346,275.31335991775313,145.7167890337815
134214ffc7f507842719617ecd5bfc52,Cardiomegaly,116.90334925265778,168.23513451194245,315.23699675501405,261.8486068455431
134214ffc7f507842719617ecd5bfc52,ILD,261.4285553527711,94.20468341965987,354.1674838019466,173.11086071282364
588634981efe8a011372632c6d76eea0,ILD,37.87459174412277,202.882707284153,142.85259175120805,261.79573415380094
4b19ca098b479dd60cc2288ab680e3eb,Pleural thickening,112.87866580159204,48.88677782187449,156.38466629425466,57.60914059345772
4b19ca098b479dd60cc2288ab680e3eb,ILD,48.20974812643488,99.38809515419517,129.43803952674472,254.01869639132985
4b19ca098b479dd60cc2288ab680e3eb,ILD,272.3746453241891,136.0412747067012,341.3242415128242,294.3944644921372
5beee832c007826c93c25ba287ee4d48,Calcification,229.87385840952743,72.6605091445497,252.68665431778135,101.9464671593089
5beee832c007826c93c25ba287ee4d48,Aortic enlargement,200.35287369779067,75.04773556215434,259.8308833156439,132.50296530464794
5beee832c007826c93c25ba287ee4d48,Cardiomegaly,162.66383790033905,132.98987403127924,308.7088516154639,201.64400448629283
5beee832c007826c93c25ba287ee4d48,Pleural thickening,121.44145499687639,39.5033985180693,170.3194232966964,63.3619261230031
bdf81a571d4164c54e1d57e870bab752,Cardiomegaly,155.8226562218738,208.55470859135508,324.78135528745815,285.0725333311329
bdf81a571d4164c54e1d57e870bab752,Nodule/Mass,93.69603996962134,232.33266143138334,101.63192160768278,239.16183848726615
bdf81a571d4164c54e1d57e870bab752,Nodule/Mass,138.28813679301425,250.95768976560925,145.0903210542098,256.545198265877
fb96a81650614fc467bc6e5af94543b8,Cardiomegaly,119.93201673174356,215.27556321186424,326.1178126441548,278.0173515276297
fb96a81650614fc467bc6e5af94543b8,Calcification,232.30692898163213,99.93282114452877,250.67269221985126,114.215488331388
fb96a81650614fc467bc6e5af94543b8,ILD,52.31735807072268,124.28855451124889,121.56708102770853,275.2937092629379
fb96a81650614fc467bc6e5af94543b8,ILD,275.71430087907606,138.72090558486164,344.6310924756918,266.7412049230192
4c5cda3481350033d181e879d29f0135,Nodule/Mass,200.82665739537777,4.74359848835751,280.295851708174,62.36843678072491
4c5cda3481350033d181e879d29f0135,Other lesion,289.39537777452466,133.90271879883616,350.05888488352946,172.65045489197976
39949d5d2d8855e391b87d8a932b5aaf,Nodule/Mass,64.13686754387093,169.0905571033518,115.6202739801822,209.75104350080755
39949d5d2d8855e391b87d8a932b5aaf,ILD,76.85629736931254,120.4476439284814,134.09373158379978,171.83451630808807
c826c6a366c7ff0a6a2b202e423b2353,Nodule/Mass,95.1605070091944,88.95016306729826,115.76913447806047,108.05733786310795
c826c6a366c7ff0a6a2b202e423b2353,Nodule/Mass,82.84885943039127,109.37507405592241,119.24851314163526,131.77658933376824
c826c6a366c7ff0a6a2b202e423b2353,Nodule/Mass,58.76085329795041,138.8045156954454,107.47215458799752,170.86942972059728
c826c6a366c7ff0a6a2b202e423b2353,Aortic enlargement,191.59557053235255,107.93412303769958,256.9348290082617,172.3179930070099
439dc69a4c208bef639794335fc7e8aa,Atelectasis,77.56592827405038,148.87213549203904,132.54700510711268,175.75537188169545
439dc69a4c208bef639794335fc7e8aa,Nodule/Mass,130.27974420678024,149.38912080722474,167.1227338371828,192.29890196763782
439dc69a4c208bef639794335fc7e8aa,Cardiomegaly,140.48241825827634,216.5972117813657,299.19068128154896,302.41677410219194
439dc69a4c208bef639794335fc7e8aa,Calcification,155.88852336788347,137.29624521826494,165.65967617033488,148.88204068402877
439dc69a4c208bef639794335fc7e8aa,Calcification,217.93534366345003,60.20614461914403,231.1263999467594,72.68315512073583
439dc69a4c208bef639794335fc7e8aa,Calcification,228.68361174614657,105.21250392845735,237.9662069084754,118.58072946587713
439dc69a4c208bef639794335fc7e8aa,Calcification,170.54525257156064,223.29849617566558,184.22486649499263,231.7650390160314
878e449975ff3b3fe915c976e7b8349e,Cardiomegaly,168.5723892039681,206.88030699505308,346.6222312538101,293.6138977286438
878e449975ff3b3fe915c976e7b8349e,Other lesion,162.94976261292047,91.23551935026543,202.308148750254,253.58300969775576
878e449975ff3b3fe915c976e7b8349e,ILD,55.865895697474606,79.86105458594449,156.55106316158944,221.13584641031997
878e449975ff3b3fe915c976e7b8349e,ILD,245.47737895106312,83.93069879487712,350.57211579316845,193.2297146919248
878e449975ff3b3fe915c976e7b8349e,Calcification,234.45345550608704,95.55825367754177,268.9950823003454,126.37127411660308
2127bbf73b1d0f150ca12bfa5ca2b91d,Pleural effusion,5.443814449766935,178.9656520812971,52.53936493477785,307.5473448613955
2127bbf73b1d0f150ca12bfa5ca2b91d,Pleural effusion,32.39908665465413,86.59865110823922,84.34429213410618,172.03746445805382
2127bbf73b1d0f150ca12bfa5ca2b91d,Nodule/Mass,88.11708227251576,54.69643204608311,200.0190815219409,183.69345313348964
2127bbf73b1d0f150ca12bfa5ca2b91d,ILD,44.892237339585634,179.632025644704,139.57716884643494,299.87924443333196
2127bbf73b1d0f150ca12bfa5ca2b91d,Aortic enlargement,189.4427724496128,113.50182850306463,280.18249847701003,195.14336125955407
2127bbf73b1d0f150ca12bfa5ca2b91d,Pleural thickening,257.16879984687307,52.11245891097563,334.1003066961881,98.31270612976427
2127bbf73b1d0f150ca12bfa5ca2b91d,Other lesion,187.0072211441007,60.95842336100578,232.54873246654117,164.90747918872177
2eae70b57d68947a20d6d0cc8f9f2e58,ILD,71.42343824466077,161.11623051555307,154.49821902828972,326.9769158050844
2eae70b57d68947a20d6d0cc8f9f2e58,ILD,276.3755057566995,195.17862252292014,347.0990275248672,316.0692464857134
2eae70b57d68947a20d6d0cc8f9f2e58,Nodule/Mass,323.9302705120919,146.28105108959448,347.70575869463744,186.9520396228017
885cb27d4cf51dc3aa6fa71b3aff08d8,Pleural effusion,16.246882636296114,240.4146870166887,114.40481317750375,280.7111006072897
885cb27d4cf51dc3aa6fa71b3aff08d8,Consolidation,31.099727389242013,203.21799754844156,153.79714056575153,249.71385938375045
67f342c22873acfcf19d3b6501e53802,ILD,101.22910551918207,161.53960604472806,186.8251900104068,218.6196482637522
67f342c22873acfcf19d3b6501e53802,Atelectasis,112.74731213937326,175.25364216228581,171.0158868062228,211.7626302049733
58baa9b0269a2987f5475a554033c4b1,No finding,,,,
754d373b98400f931d1070778c25e2d2,Cardiomegaly,134.68814503944938,176.80137850904495,319.00814503944946,287.81022806656705
754d373b98400f931d1070778c25e2d2,Calcification,34.06678130298219,177.04861318655776,77.83188801654939,263.87453668001143
754d373b98400f931d1070778c25e2d2,Lung Opacity,93.25127930123568,210.46070682652248,124.0878479519887,240.30470503050915
36aa7cdf317c33edc514ef43814d4c9b,No finding,,,,
e154120eb7eb235ddb471c94deff2ee6,Aortic enlargement,209.89830508474574,108.34067858679819,256.6779661016949,170.17118706137444
e154120eb7eb235ddb471c94deff2ee6,Cardiomegaly,170.84745762711867,191.32372943425582,300.2033898305085,245.832204010527
e154120eb7eb235ddb471c94deff2ee6,Lung Opacity,169.62711864406782,57.49322095967956,189.15254237288138,127.86610231561176
e154120eb7eb235ddb471c94deff2ee6,Pulmonary fibrosis,109.33609856798009,132.8603266535964,128.43724302748865,139.79219359454706
e154120eb7eb235ddb471c94deff2ee6,Calcification,229.43930158810434,123.10341758784296,239.2047443269296,141.00672927568925
7a74f4e463b72f018838f26cf7aabdf2,Aortic enlargement,190.49461063423064,81.17999431660179,249.94649009819025,154.8353437909963
7a74f4e463b72f018838f26cf7aabdf2,Nodule/Mass,44.039980735208154,203.6483564604175,55.15699884635507,216.72327056829812
ee29da033302291107e61a87de63aee3,Pulmonary fibrosis,306.0132817214967,185.20468987508886,310.8656347651644,211.53723401690917
ee29da033302291107e61a87de63aee3,Nodule/Mass,303.3444875474795,177.3256609192686,310.623017112981,185.4120327423473
cf46419b1583aff3e8ca76705dd5e584,Aortic enlargement,155.73594589261984,102.921009445967,250.74418157418413,179.20929356871093
cf46419b1583aff3e8ca76705dd5e584,ILD,70.22853377921204,141.06515150733895,121.691328106726,171.08600405564098
cf46419b1583aff3e8ca76705dd5e584,ILD,49.64341604820643,172.498750057914,86.45910737481258,206.75784061303517
f688540fa7c5a58e3f5f0d0908a15164,Aortic enlargement,193.48154167634087,112.81525485798467,245.8293475737173,156.74745824781522
f688540fa7c5a58e3f5f0d0908a15164,Cardiomegaly,141.62758300441143,189.696610790188,295.7079173438588,256.0016955359507
f688540fa7c5a58e3f5f0d0908a15164,ILD,214.22312514511265,74.98474638340839,319.4125841653123,243.39152604442538
f688540fa7c5a58e3f5f0d0908a15164,ILD,65.57511028558163,62.78135655289991,180.64151381472024,243.39152604442538
8b92de834e67f5a072af66d59aacc825,Pleural effusion,2.2849087803952237,192.795364910111,145.0229297932407,272.85714097188713
8b92de834e67f5a072af66d59aacc825,Atelectasis,31.193875061477858,169.07335718810336,144.1195245969569,212.06949618424233
8b92de834e67f5a072af66d59aacc825,Cardiomegaly,126.95482586756405,173.52123363597974,335.64142620912935,268.40926452401067
0e68445ef76f193664ea018630544d95,Enlarged PA,197.62525645188651,79.98319525633507,262.9421372264591,174.80986493362934
0e68445ef76f193664ea018630544d95,Pulmonary fibrosis,294.8236487388229,198.23898367154396,325.32635793407167,212.88305146815412
0e68445ef76f193664ea018630544d95,Atelectasis,86.47675667141313,172.86098295105276,118.40238958708103,183.61525310517794
03f00327702f48c4b6726a0e1649a157,Cardiomegaly,132.89729093851167,241.400808134537,289.51048371327664,290.89030484071657
03f00327702f48c4b6726a0e1649a157,Nodule/Mass,68.54315410831319,220.59253271179392,104.21075494728656,254.6498207676594
940635db4ae037a40c8a95a81de062d6,Calcification,210.88578081976317,94.79443922826054,225.87907700295966,106.67831323417707
940635db4ae037a40c8a95a81de062d6,Aortic enlargement,185.14257416559556,77.55117106281304,243.41840461349145,124.3876156743664
940635db4ae037a40c8a95a81de062d6,Cardiomegaly,137.3337618078557,143.02898666403937,312.7270379131734,212.70111073794214
9aec9e6e04ea05b1715969f8f20c86bc,Aortic enlargement,184.6386353899534,117.38406056644516,237.5205572735728,163.68068651738741
9aec9e6e04ea05b1715969f8f20c86bc,Cardiomegaly,137.7433461724041,199.86655507674456,313.6838284141314,257.3382286710177
8d612aaeaf1b5a01971cbdba49b37fdb,Pleural effusion,52.47457627118645,42.84915316306938,175.72881355932202,272.67966163764567
8d612aaeaf1b5a01971cbdba49b37fdb,Atelectasis,63.050847457627114,50.577966722391416,172.06779661016952,243.79830570544226
7f15c433dbc249a491b86b27e5a6c180,Pleural thickening,221.61814692346107,57.94102190445596,270.4590188091487,81.90560970970004
7f15c433dbc249a491b86b27e5a6c180,Pulmonary fibrosis,224.87420504917355,73.96190932580636,265.7681762525758,107.95407471540014
7f15c433dbc249a491b86b27e5a6c180,Pleural thickening,105.37687183552437,56.378114004113954,164.96273553606335,75.91446275838902
7f15c433dbc249a491b86b27e5a6c180,Pulmonary fibrosis,105.05126602295311,68.88137720684999,158.7762250972096,104.82825891471614
ba1cf5031a6f73a997901af57110de77,Aortic enlargement,191.61890905103053,70.82599890690398,262.58392715175836,136.6369892939879
ba1cf5031a6f73a997901af57110de77,Cardiomegaly,118.12259651854212,166.98633780513993,321.22084812783083,272.0796995371456
ba1cf5031a6f73a997901af57110de77,Consolidation,213.91659394409615,24.044842671037873,369.26752910562243,295.3039370714253
ba1cf5031a6f73a997901af57110de77,Consolidation,31.33920622848794,20.32896466555311,170.1407290532193,278.58248604674384
0ecaae458f6ca4c8f4dd9975d62a6fa4,Aortic enlargement,176.8980457792131,98.57796672239141,244.20961316329178,153.0864412986626
0ecaae458f6ca4c8f4dd9975d62a6fa4,Cardiomegaly,122.53101058438035,193.7644074003575,309.7952429221376,256.0016955359507
0ecaae458f6ca4c8f4dd9975d62a6fa4,Other lesion,30.62888158749524,199.11992590407826,48.75249780143427,216.20587003583807
287422bed1d9d153387361889619abed,Cardiomegaly,114.46598560482936,170.9847463834084,301.1402368237753,224.6796616376457
287422bed1d9d153387361889619abed,Aortic enlargement,111.00905502670072,80.67966163764568,277.4355700023218,168.5440684173067
bb3cb6e89c003ad4be9c6141b1d66723,Nodule/Mass,47.41500589329041,87.74762622294965,157.0325797882501,178.3698496732814
bb3cb6e89c003ad4be9c6141b1d66723,Atelectasis,86.36337463985119,76.83327084389508,148.60045871940704,102.30010006168907
bb3cb6e89c003ad4be9c6141b1d66723,Nodule/Mass,272.4479074278699,70.48447318792546,286.12965807516235,82.55903853854828
bb3cb6e89c003ad4be9c6141b1d66723,Pleural effusion,310.0727217079242,205.31711960321368,358.93611687682596,224.6364241642102
bb3cb6e89c003ad4be9c6141b1d66723,Pleural effusion,35.460440858696565,229.46625030445927,89.69880949617747,250.79798242389296
bb3cb6e89c003ad4be9c6141b1d66723,Aortic enlargement,185.47106402722486,85.7789226320477,249.4821116984861,145.34677836178696
a59c21bc96c0d0c599ba2447ce946bde,ILD,114.69395559497785,129.1134418197863,189.76448209597032,177.68848837925202
a59c21bc96c0d0c599ba2447ce946bde,Consolidation,269.8233794003455,220.0974086254588,314.15590320746725,287.4051819968553
a59c21bc96c0d0c599ba2447ce946bde,Lung Opacity,153.00556119325836,212.33112708260532,191.83696890752555,267.018692946865
27d34a0e721626ef60aeb17cb39e8196,Aortic enlargement,138.90093616121013,85.30501741976352,218.0995398529645,151.2818513965975
27d34a0e721626ef60aeb17cb39e8196,Pleural effusion,297.2981435447189,290.6486467633929,344.0973184534828,322.5250946398408
27d34a0e721626ef60aeb17cb39e8196,Other lesion,286.4983339503887,91.23551935026546,344.0973184534828,272.8571409718871
27d34a0e721626ef60aeb17cb39e8196,Other lesion,1.203363833500838,117.92277803752414,21.003014756439445,344.764476879223
27d34a0e721626ef60aeb17cb39e8196,Other lesion,17.403078224996047,10.432430547176644,90.30179298672451,46.01544213018823
27d34a0e721626ef60aeb17cb39e8196,Lung Opacity,260.8067824916223,251.58916887848727,315.29782620193583,298.0617741765203
27d34a0e721626ef60aeb17cb39e8196,ILD,241.23206648130503,124.72187577264637,299.95621451225685,184.973232364718
27d34a0e721626ef60aeb17cb39e8196,ILD,19.728701101398805,143.3913102096263,73.30160807700403,215.523215988867
8a28453b44f960e96195ef63a19eef4d,Pleural thickening,91.37417487992172,67.01325838680698,157.87540526547693,88.64415271268733
8a28453b44f960e96195ef63a19eef4d,ILD,47.85498734819811,205.61121091929962,128.04764751901467,229.24496583090965
8a28453b44f960e96195ef63a19eef4d,Cardiomegaly,138.8051994931486,198.40091281067282,306.0362347274124,250.47528803964397
ef5443eef2359a9882e61754855887cb,ILD,63.344245792062836,64.12809557910164,156.05540748897306,227.76899351682755
ef5443eef2359a9882e61754855887cb,ILD,232.64288889076846,62.705131249208385,322.47482196355105,249.5877799085244
ef5443eef2359a9882e61754855887cb,Pulmonary fibrosis,285.51538140576815,134.54844529304094,320.6228363109186,214.5419706637199
ef5443eef2359a9882e61754855887cb,Pulmonary fibrosis,69.76032747970164,106.43812985881198,113.01144753428117,122.77026689699018
ef5443eef2359a9882e61754855887cb,Nodule/Mass,85.81904104538715,93.73444948908657,147.31151637873666,121.97625582930286
ef5443eef2359a9882e61754855887cb,Pulmonary fibrosis,81.33730264475915,134.5236498253402,115.55808723976197,159.44978706639134
d0715b16ff3a8071968d4f7adff9c339,Nodule/Mass,151.44758173733084,135.04002283361228,166.0036492741087,148.88603829542538
d0715b16ff3a8071968d4f7adff9c339,Pulmonary fibrosis,125.53068100111655,162.73205375723853,156.77297229956667,177.6431473314988
d0715b16ff3a8071968d4f7adff9c339,Aortic enlargement,192.90123274694378,98.9690581541465,278.0483395858952,178.87634303377783
d0715b16ff3a8071968d4f7adff9c339,Calcification,236.95501560412723,108.80899040930379,252.2469201882301,129.83535921244516
b1876d26a3f3cc44a8c667aa2a8a972c,Calcification,250.3901668100191,115.6807695198536,257.324269104597,132.6693201415694
b1876d26a3f3cc44a8c667aa2a8a972c,Pulmonary fibrosis,112.74823626264808,92.79823194774657,142.9115812440619,113.9472439462091
b1876d26a3f3cc44a8c667aa2a8a972c,Cardiomegaly,168.98044759453512,189.29543338346357,312.9804475945351,262.79543338346355
b1876d26a3f3cc44a8c667aa2a8a972c,Aortic enlargement,213.98044759453512,94.79543338346357,265.9804475945351,161.79543338346357
24151df5b3919093e2c97bc6647260fb,ILD,51.750569825479765,165.0010385571027,125.34546037533003,217.11090132028923
24151df5b3919093e2c97bc6647260fb,ILD,269.70466876157485,173.68601568430051,348.96070473833663,261.7764979744491
24151df5b3919093e2c97bc6647260fb,Aortic enlargement,162.29467119048053,105.30744974394844,260.94232645685776,169.4316924390906
a87c6ab4132c0ef29ebf51bc418ce921,Calcification,222.2494573047585,75.06349675354396,250.90915145076852,99.6953764964612
a87c6ab4132c0ef29ebf51bc418ce921,Consolidation,119.30081912238035,127.44521570050715,187.17904209977252,196.04032384533997
a87c6ab4132c0ef29ebf51bc418ce921,Cardiomegaly,154.3712343273663,151.76529949731156,327.95322154086864,237.84680895226387
8738f1843ea1425fdb36e2b0fac23626,Pleural thickening,221.7154457805348,59.49407049915492,278.45273081065784,84.06163913025551
8738f1843ea1425fdb36e2b0fac23626,Pleural thickening,104.99874514713883,61.81802969398876,165.78869339369925,76.4257732043729
8738f1843ea1425fdb36e2b0fac23626,Infiltration,88.38282595974566,71.77785481470521,169.43609028849284,112.94513198033319
8738f1843ea1425fdb36e2b0fac23626,Lung Opacity,63.32883773295789,195.13437777505658,78.98244006262034,206.81285960454645
8738f1843ea1425fdb36e2b0fac23626,Lung Opacity,281.9202131221731,254.9007259612696,311.8297747163496,282.37950673654
25f92d35866a758f4175812fe3f7f47c,Pulmonary fibrosis,250.22744099032755,94.17221906825814,333.92699916411243,153.85860146165567
25f92d35866a758f4175812fe3f7f47c,Pulmonary fibrosis,104.3187517414321,58.25475001736406,165.39680770608604,120.58212278215085
25f92d35866a758f4175812fe3f7f47c,Pleural thickening,78.30402420093137,27.09106363497067,160.8725072642598,60.36754231447548
36aec3c16185942a4925ed5f272156b1,Pleural effusion,26.734211197772982,184.68705630756773,152.9998649312922,252.75284240621033
36aec3c16185942a4925ed5f272156b1,ILD,58.904591583712445,97.14269029749333,150.6579928367015,180.40889675675493
36aec3c16185942a4925ed5f272156b1,Consolidation,112.9953765217223,140.3743566121599,159.35890646858792,194.83310607355762
36aec3c16185942a4925ed5f272156b1,Pulmonary fibrosis,48.633085384850666,150.6067870929941,112.86383259530602,168.0408470501177
781b722e178a483b4781fbd148706b7d,Calcification,209.63343175107858,75.09258650145009,232.37852979029435,101.4455276779207
781b722e178a483b4781fbd148706b7d,ILD,310.653039594216,201.30435120733245,355.9863729275492,231.70435120733245
4336126559df623f417e0cce8658d834,Lung Opacity,248.60943256481818,173.353931730564,311.91151979571,221.32785765928864
4336126559df623f417e0cce8658d834,Pleural effusion,269.172530964662,209.41708984250187,339.3289843288351,267.3166556185489
4336126559df623f417e0cce8658d834,Cardiomegaly,124.95797280319766,175.72913547705133,295.9669998844414,276.23283918075504
4336126559df623f417e0cce8658d834,Pleural thickening,238.8720478404324,60.04374531869282,304.1401671072992,96.9388850019311
6072691c16f225c5758fd5d4750b3044,Calcification,226.61872634951348,108.783169923749,242.81496705985185,120.46070006798496
6072691c16f225c5758fd5d4750b3044,Cardiomegaly,141.64987256113858,170.358651532889,313.78780359562137,245.8420801043176
abbe42351ae1e98ba1bec5733e5dab40,Pleural thickening,340.9826388954604,307.813087061368,371.4095202678193,330.38419869219564
abbe42351ae1e98ba1bec5733e5dab40,Pleural thickening,30.714158422392188,301.8176355344294,85.99680204259357,343.08044898453613
abbe42351ae1e98ba1bec5733e5dab40,Pulmonary fibrosis,47.427515795941424,129.7129093493683,154.5644220366418,193.89950804953455
abbe42351ae1e98ba1bec5733e5dab40,ILD,233.47942878371313,141.4672831375431,282.4641024392696,201.74328734502205
abbe42351ae1e98ba1bec5733e5dab40,Nodule/Mass,95.43380279778488,285.0129078262313,107.62965868562235,293.82552308432804
1d6476853a2aaaf281c1be2e2584e383,Nodule/Mass,114.51547093783945,240.6673765505012,126.70896185281347,248.7963704938172
1d6476853a2aaaf281c1be2e2584e383,Infiltration,84.21649351275244,196.6969093116554,147.7704461604959,267.2713567286265
1d6476853a2aaaf281c1be2e2584e383,Infiltration,220.56189192564395,198.17490821044015,284.4853442980836,284.637843789347
1d6476853a2aaaf281c1be2e2584e383,Infiltration,96.30640809248595,116.84887408779795,136.13586624819837,168.05817743085677
1d6476853a2aaaf281c1be2e2584e383,Nodule/Mass,249.9343181216624,240.13053028405065,257.99504179603275,251.9845356875365
ce5a5ce9eb9ca67da16e9c8677a056e4,Pleural effusion,33.525443085367755,223.0857005786887,95.55132079203352,286.6191406996581
ce5a5ce9eb9ca67da16e9c8677a056e4,Atelectasis,68.16633694271631,243.3403592557425,118.9698548682994,257.63344070104944
f706b17da0996dc76d0ab344fd0b2ae0,Consolidation,259.5436272857745,82.88674695253479,308.5072466920643,147.12701561358705
f706b17da0996dc76d0ab344fd0b2ae0,ILD,244.36154842299555,29.51432840080285,314.50785652064644,159.46486070991247
14d90cb65cec1138f6bcb97bd7892393,ILD,258.7249707320202,81.96631690404159,320.39609913456206,191.99321644039475
14d90cb65cec1138f6bcb97bd7892393,ILD,293.6090410682895,196.7980914130361,343.84523935852815,294.297931881665
14d90cb65cec1138f6bcb97bd7892393,Nodule/Mass,281.4215610097109,88.00253771938301,315.90321190715287,117.4308432266826
14d90cb65cec1138f6bcb97bd7892393,Nodule/Mass,261.20817944914154,133.7799018418491,292.12276301236534,156.37132829189724
14d90cb65cec1138f6bcb97bd7892393,Nodule/Mass,284.09686151037454,168.55880835047589,315.01144507359834,191.4474904117089
171dff98d336340bca7e12645e0a5a41,Pulmonary fibrosis,299.11437072686743,228.3716878079578,328.25103986642057,267.75098760782214
171dff98d336340bca7e12645e0a5a41,Pulmonary fibrosis,74.70598629627048,200.11124912805528,104.96329655657567,224.66540076797065
171dff98d336340bca7e12645e0a5a41,Pleural thickening,301.92102388890237,292.571956394544,340.8633028350359,336.8157579343914
171dff98d336340bca7e12645e0a5a41,Pleural thickening,41.25764244883571,309.55088220922863,67.44163135016144,351.67968191955424
171dff98d336340bca7e12645e0a5a41,Pulmonary fibrosis,80.22191650674654,64.39759665623421,155.44069236049907,96.7775897874038
171dff98d336340bca7e12645e0a5a41,Pulmonary fibrosis,247.35366203361744,78.11711818064315,314.4503481940401,130.82034204298034
171dff98d336340bca7e12645e0a5a41,Pulmonary fibrosis,247.6586469707103,131.8290161838863,289.44158335242804,188.0625995393944
171dff98d336340bca7e12645e0a5a41,Pulmonary fibrosis,122.6148227626499,89.96903933628845,163.48280433308915,125.77697133845055
ca40cec6911dc19ae5a22ef7b474eea9,Aortic enlargement,150.57626847259274,106.06177417652026,235.04819158730572,172.03860815335426
7e6998dc71a747ce227b50463c4e79b4,Cardiomegaly,149.4920828721906,230.79264875863745,323.8393863381334,317.53958626553975
7e6998dc71a747ce227b50463c4e79b4,Other lesion,115.1848728408426,114.83759257886217,132.03753741764513,129.93871617436778
7e6998dc71a747ce227b50463c4e79b4,Calcification,224.7271925900589,99.73646898335654,260.23816437689277,138.02860381481722
a7b8a9e921ea304362918523cc3529ef,Pneumothorax,219.1749092541981,113.70494924175946,289.55085455831045,152.3505082992128
a7b8a9e921ea304362918523cc3529ef,Pneumothorax,262.93431114201155,151.60732447118485,299.4756673576084,188.02333204455437
a7b8a9e921ea304362918523cc3529ef,Atelectasis,213.31024714552208,156.06642743935254,262.0320554329845,185.05059673244259
a7b8a9e921ea304362918523cc3529ef,Pleural effusion,187.29997025836846,183.73483923425277,307.6287373816561,305.055008486721
a7b8a9e921ea304362918523cc3529ef,Other lesion,95.24517573782052,194.02538930477462,180.72462779261502,280.6826530565377
dd7e2b3e4d751779e5a5f61e827f6f7b,Aortic enlargement,171.87407659961363,93.1720563027426,250.33970200871502,161.76277360232066
730f25f4ac6b4fd10d9cf582494c911e,Pleural effusion,43.58708452336646,253.79260901720997,94.25267636632486,296.6770324243146
730f25f4ac6b4fd10d9cf582494c911e,ILD,73.58426657896531,225.61846943855483,124.57224313848891,257.3935911353638
730f25f4ac6b4fd10d9cf582494c911e,Consolidation,101.83256805936587,244.95383472719604,139.3330848565162,292.74868829541947
0ccde8751e5952ea6bb047378dcbabba,Nodule/Mass,68.09922251018143,169.0733571881033,189.47141270428946,309.1814652962114
d65bd4d5a6fae0e0f6833e1a7dd48399,Aortic enlargement,167.51047579594757,137.37055681721665,263.49933395771967,209.12370932491345
2b2810284313c5547241b38668f67b2c,Aortic enlargement,178.0689301258848,131.61411657902022,230.21634525621948,188.20539839002686
41143299da79b12a5a6d8c4456c68aa7,Cardiomegaly,138.34133495509218,204.01077116082067,316.2808828409083,260.94652166859674
41143299da79b12a5a6d8c4456c68aa7,Calcification,98.99791733209763,111.90882181000632,113.3046146495502,127.81734033423788
d01381128975c8bf4dbfd2bf79bd6de1,ILD,53.07885239866042,38.42220333317242,162.01934906566652,198.14833181735602
d01381128975c8bf4dbfd2bf79bd6de1,ILD,217.79688335917365,34.47391701109146,331.530761879528,187.38027821168072
d284e83f3baf1f572284e30999dc013c,Cardiomegaly,147.76009995115578,204.26604476214519,297.7600999511558,277.8660447621452
1417df96cf0ef3878d5be9cbf5b03b0b,Cardiomegaly,97.64874167993128,144.36702805661932,310.189189836615,260.7710459559218
77fb399d095bb11d1344a1a114f59376,Cardiomegaly,122.77271868505578,191.95432500906196,336.4284904590971,287.0091773297371
2719b0f265ede38083eb9558a9b325dc,Calcification,90.12959670723896,97.02128310221244,100.70840465389622,111.25522072915645
2719b0f265ede38083eb9558a9b325dc,Calcification,221.21482561147053,119.20947999127222,238.23290796044094,136.7925794127913
36eaf06f68d1f5eb34e2247a5ffabdb6,Pulmonary fibrosis,116.06884293979465,85.69742725220165,167.68564903612943,130.19220293620856
36eaf06f68d1f5eb34e2247a5ffabdb6,Pleural thickening,108.70773405048176,66.95872592510254,159.31394695665614,92.72373612001473
96b106d836d2b4f16362d3a1d1f767a5,Cardiomegaly,149.5352966211592,200.78023179944282,329.357136299804,254.43119828938646
96b106d836d2b4f16362d3a1d1f767a5,ILD,301.2335043211883,184.60511785751487,339.5034891157395,212.2587159149666
c67911931c2b1daf694d97eb139a9807,Nodule/Mass,268.42700859880125,186.59843157405928,304.5828551661028,218.9260120342348
cc657609a4dcf498ea39a9586d7ae9b3,Calcification,221.42642803244738,122.18894428145258,237.703205283058,138.57073299819615
e774e7f6a28e1767f2e5db7ceb01428d,Cardiomegaly,156.17967999275564,196.54143774667665,352.75223147946997,265.1005889912924
e774e7f6a28e1767f2e5db7ceb01428d,Calcification,243.81927947049203,101.10357238739337,257.2769186643606,114.52743415131694
5118cbe9894006f58312565294e85556,Pulmonary fibrosis,50.36026681590652,54.44855559787067,72.90257817246415,78.60025866226069
5118cbe9894006f58312565294e85556,Pulmonary fibrosis,100.76537654372974,23.723798059756735,123.27386817335712,46.620552951287834
5118cbe9894006f58312565294e85556,Pleural thickening,63.74405556688354,5.689276653952629,156.3020677626888,28.495203575172535
5118cbe9894006f58312565294e85556,Pleural thickening,337.9677574315512,141.68496588901283,359.5965300274192,222.37101863696623
5118cbe9894006f58312565294e85556,Pulmonary fibrosis,254.10862115461777,72.4718853496048,298.59243716824636,112.32602279701013
5118cbe9894006f58312565294e85556,Atelectasis,227.28749679345933,39.61915042674365,300.55495846296526,91.86038464834253
5118cbe9894006f58312565294e85556,Mediastinal shift,192.31149198125254,29.280947578070876,240.9762303219556,98.55966183407223
5118cbe9894006f58312565294e85556,Pulmonary fibrosis,285.2476242291229,183.41913110347153,317.35283355111443,230.4396239117616
5118cbe9894006f58312565294e85556,Emphysema,85.98596357369784,68.16332994988531,159.2534252432038,111.24888394708026
5118cbe9894006f58312565294e85556,Pulmonary fibrosis,292.05069951918335,116.63457819672962,347.0012957713128,160.25870161888952
1797ac887e393a0e25ebb44b3125f0c1,Aortic enlargement,198.58561712337564,104.65122537695179,258.11415903726214,153.4170069128076
1797ac887e393a0e25ebb44b3125f0c1,Atelectasis,340.5722133920532,249.5036579390124,368.3521996185334,262.507866348574
25e40d94f13653fcd2b829c45cb18e3f,ILD,37.9131682175405,74.46859365508175,144.5689353430305,271.40084938321866
25e40d94f13653fcd2b829c45cb18e3f,ILD,238.84501521288325,78.65864164929742,330.2642441775889,264.5444072108657
25e40d94f13653fcd2b829c45cb18e3f,Pleural thickening,282.2243600908057,244.6428331270727,312.64996242787026,274.6231827470096
25e40d94f13653fcd2b829c45cb18e3f,Pulmonary fibrosis,61.89583877795634,111.11289650709953,92.37115154749229,127.79412033884552
25e40d94f13653fcd2b829c45cb18e3f,Pulmonary fibrosis,242.94325608644954,83.31386478442788,273.55794155223333,114.16042778405321
25e40d94f13653fcd2b829c45cb18e3f,Lung Opacity,100.94989252100864,143.98750608990318,142.03207138515592,214.17536421712438
25e40d94f13653fcd2b829c45cb18e3f,Lung Opacity,244.7375185455242,142.5948898572202,283.03446494430557,207.21228305370954
25e40d94f13653fcd2b829c45cb18e3f,Other lesion,256.5590954203499,96.5351895536705,284.4183154698254,117.31155704819463
d9b150bb7eb1476c685a8c147016c0ac,Atelectasis,44.14892361449934,268.89525162154536,59.26571110077826,281.8383907253047
d9b150bb7eb1476c685a8c147016c0ac,Atelectasis,348.2748192266108,246.7772291024631,365.9773729934374,260.21187981775756
d9b150bb7eb1476c685a8c147016c0ac,Aortic enlargement,155.39881362654424,153.18774337920172,251.0469678604421,196.4376359575828
9021a7769e065e341d0893fac8250f2f,Cardiomegaly,146.6236272047962,191.56251753703555,306.28979710047435,283.3292316195391
74897408dcbd69ef7c76cbbbbeb722d6,Cardiomegaly,154.27812564654084,169.99213676370135,282.27812564654084,253.99213676370135
74897408dcbd69ef7c76cbbbbeb722d6,Pulmonary fibrosis,249.27812564654084,194.49213676370135,280.77812564654084,222.99213676370135
74897408dcbd69ef7c76cbbbbeb722d6,Lung Opacity,273.77812564654084,206.49213676370135,311.27812564654084,241.99213676370135
5b26a75de620121bcdf0b76e15fbbd3f,Aortic enlargement,196.32803504136865,78.25047874304472,272.8836339899139,146.2169129315093
5b26a75de620121bcdf0b76e15fbbd3f,Cardiomegaly,163.6844275190438,162.03322963759535,289.71571327548304,236.7635281994246
5b26a75de620121bcdf0b76e15fbbd3f,Calcification,144.02257179440107,29.16067437342474,164.6050496552318,43.8624442740181
5b26a75de620121bcdf0b76e15fbbd3f,Pleural thickening,249.49746734393938,29.83007670809855,268.6445066868963,39.30689416067321
91fe3b729dcb9a1fe5ddc310893fd339,Pulmonary fibrosis,113.74991867383456,48.393793254792946,182.9833737883527,110.965386366441
91fe3b729dcb9a1fe5ddc310893fd339,Pulmonary fibrosis,228.8993494472947,43.05019116493727,316.19781033479666,111.99227610702222
91fe3b729dcb9a1fe5ddc310893fd339,Lung Opacity,124.32725209410818,76.5114078809133,180.5794343746542,109.38129540158918
5164cecc1932454bd2f467ebb4ea0650,Pulmonary fibrosis,261.3934454655801,137.45897613396625,332.12653273551496,195.78809005801688
5164cecc1932454bd2f467ebb4ea0650,Nodule/Mass,309.0846937006119,209.29019976265823,327.30382223983753,232.51382845464138
b45de8c5c4a5ec655fe0d6250a45c218,Pleural thickening,96.84640699765191,97.48713523316295,149.6655082832685,112.01658713609888
b45de8c5c4a5ec655fe0d6250a45c218,Pleural thickening,211.48786546984246,84.92777850350643,242.99926112319326,101.67358747638178
b45de8c5c4a5ec655fe0d6250a45c218,Nodule/Mass,300.8391912127071,214.57774574355807,310.23445136435777,223.76987317334815
b45de8c5c4a5ec655fe0d6250a45c218,Pleural thickening,53.24225974820079,257.0096688402318,87.50874767519909,282.21914521439527
b45de8c5c4a5ec655fe0d6250a45c218,Aortic enlargement,177.31057810457395,133.87107270489486,244.66195092660504,188.65320405644246
c872af6db5f8dc838fcbbed78666bdd7,ILD,53.457245263592945,127.19233718427141,139.3636462913859,303.3249558120527
c872af6db5f8dc838fcbbed78666bdd7,Aortic enlargement,180.9161989624379,92.96569295310866,246.27976496184556,151.42018647149897
bebbc91bc41beeb5580968fb34b7c5e2,Cardiomegaly,124.7527345694845,153.1214233913502,343.71242973937564,269.77965123945154
bebbc91bc41beeb5580968fb34b7c5e2,ILD,64.97738752013731,108.29441917194092,137.74737523238605,240.07500988924045
42480dff233be45d4fdca62069ea267f,Calcification,185.2245754236421,36.40444708723115,211.91686724507372,141.06647683869417
42480dff233be45d4fdca62069ea267f,Calcification,217.84848764983627,103.30182692837245,243.94761743079158,132.43455685919204
42480dff233be45d4fdca62069ea267f,Calcification,218.44164969031257,156.17233680282283,256.99718232126924,180.98910674389137
42480dff233be45d4fdca62069ea267f,Calcification,158.4566176691749,137.74942480622815,192.00083176638643,202.6298794145057
8e3d51015dcc574507110141019bc77a,ILD,71.47112153426787,218.57278296971478,162.86838180824046,284.6489465804341
8e3d51015dcc574507110141019bc77a,ILD,265.99135682230406,167.96550856639206,360.6111339980607,259.71963740660397
8e3d51015dcc574507110141019bc77a,Lung cavity,315.1342039349686,186.61843845839516,340.95058082575576,210.08307788911492
8e3d51015dcc574507110141019bc77a,Other lesion,266.39455653404394,213.84699096025165,328.8603099587015,253.92597544544208
8e3d51015dcc574507110141019bc77a,Other lesion,101.7176968767336,251.61086477507445,151.69029961645964,282.48251498664
448408b2da910f68f956ba77db83bf7f,Pulmonary fibrosis,83.09022128584924,115.5357739859561,158.93963840882458,143.46493801879922
448408b2da910f68f956ba77db83bf7f,Lung Opacity,289.5548266465029,125.50523708499331,337.9681782712794,192.38371870770115
448408b2da910f68f956ba77db83bf7f,Infiltration,85.31099947947699,82.3042303224988,165.9999188541045,132.9823344092712
448408b2da910f68f956ba77db83bf7f,ILD,62.112935159271565,153.752049198932,153.39227520181893,217.30737645529416
dd14fbccb38c064bdacc33391d8cca9e,Pleural effusion,55.656228133261344,167.43039298546356,141.3313503322052,191.61178997763196
dd14fbccb38c064bdacc33391d8cca9e,Pleural effusion,35.88504608735121,133.8725359351074,71.23352307852387,239.48108606416943
dd14fbccb38c064bdacc33391d8cca9e,Pleural effusion,16.113864041441083,227.6371365169849,107.7802535270244,273.0389431145256
dd14fbccb38c064bdacc33391d8cca9e,Consolidation,86.58485522298572,182.50108961336235,170.52672492502293,251.16677196794157
dd14fbccb38c064bdacc33391d8cca9e,Pleural thickening,80.79576076077626,66.62775064000985,183.26273274188375,109.06695709527065
b6cd281d9e2086509d4aff85866aa1dc,Nodule/Mass,108.40216041295768,179.1817723001951,118.98983440778227,188.6595823768192
1e87b2befde0db02bf14e75e798e4269,Nodule/Mass,141.55899931242405,193.90262893415925,198.76447876447884,244.27216348987153
1e87b2befde0db02bf14e75e798e4269,Nodule/Mass,70.54530068228706,258.8955767479816,208.62749246310898,332.0126430385316
1e87b2befde0db02bf14e75e798e4269,Pleural effusion,77.12064314804049,203.6515711062326,115.25762944941036,270.810950513849
1e87b2befde0db02bf14e75e798e4269,Cardiomegaly,173.1206431480405,182.52886306674037,330.9288623261227,289.2256190610986
1e87b2befde0db02bf14e75e798e4269,Other lesion,176.4083143809172,107.78697308084473,296.7370815042049,178.73760777760072
1e87b2befde0db02bf14e75e798e4269,ILD,102.1069445179035,192.81941313726222,181.66858835351994,261.06200834177565
2fb8c4094b8bd6943407a071dfe6c73d,Cardiomegaly,103.90241779039572,196.5225601779518,299.2063626080704,259.1825758069557
2fb8c4094b8bd6943407a071dfe6c73d,Pleural effusion,9.044893689409301,226.19715701251351,44.82658413617139,263.5123484784225
69fa47c3c46618fe8c58966a2cc66aef,No finding,,,,
6b94fef0e417c083388ba961b1d2786a,Cardiomegaly,120.38471023427863,168.90998766954377,296.75955610357573,235.19852034525277
6b94fef0e417c083388ba961b1d2786a,ILD,36.94908258601641,79.18399276491687,121.59775143698243,202.27900283784874
6b94fef0e417c083388ba961b1d2786a,ILD,225.01090353077348,76.84885707247643,311.3275264477684,207.61645584914118
28290df9749ce386affc87de6b7c3a49,Atelectasis,314.07581404474996,249.55477880278937,341.1291396930039,264.5868134380943
47ce4f0300b152a5d4e22f812f747292,Calcification,230.46263224014652,131.73506779861407,240.25829266954008,145.80801474480515
8f83a4da5d18bff5a21d5caaef7d38ae,Calcification,236.7804899274485,104.9410256311445,252.03628220111474,125.60583087023741
77b20dccfcee611b676bbfa760f883d3,Nodule/Mass,295.7038775673001,150.20840965674867,332.642926770206,188.93951789963086
77b20dccfcee611b676bbfa760f883d3,Cardiomegaly,165.80124930776884,197.24324135798747,325.7039690500071,259.5135116282577
710700d3055a746543394296d1fb736e,No finding,,,,
c4c6b6599a13c1c914b839f7a9f79540,Pleural thickening,138.31382659522316,73.7079121967206,192.9219053933988,91.23891904336737
c4c6b6599a13c1c914b839f7a9f79540,Consolidation,109.95800804746729,122.36492746408443,150.45249182548596,168.63906264127652
c4c6b6599a13c1c914b839f7a9f79540,Cardiomegaly,161.168631533488,234.83730134681784,329.83650685535093,306.0282876839678
897bb7685ab7e0b33ffd63d8a8c602af,Infiltration,65.70749974032857,122.79839221452325,125.64951875545893,184.6580005136468
c61f7e35aef4b38aa85063ffbe65218e,Pleural thickening,221.00696343789994,36.23388166221203,264.20491069621914,50.15747849545162
c61f7e35aef4b38aa85063ffbe65218e,Pleural thickening,300.62472027509466,88.15174824559543,329.346856183458,201.0366483013944
c61f7e35aef4b38aa85063ffbe65218e,Calcification,304.55925944062386,95.95934940219249,322.26468568550536,192.90373042993912
c61f7e35aef4b38aa85063ffbe65218e,Pleural thickening,305.8123577333355,224.43957339527094,337.45268202333517,255.5835557925766
c61f7e35aef4b38aa85063ffbe65218e,Aortic enlargement,187.95177130079676,85.38001757497148,238.14389728504872,130.88001757497148
17df698e956c640c7aad338afb841679,Other lesion,135.657994844405,130.73416400251725,196.59384072135768,280.45445313674213
a88f299e626d550027eaeb70250032ef,Pleural effusion,50.11678889420464,189.7436311846793,130.2283929142641,234.941400425776
a88f299e626d550027eaeb70250032ef,Atelectasis,61.996116377592216,181.009553073851,101.00315547939051,198.46352997586584
05711a72a0819422965daa93f30b6f75,Nodule/Mass,237.93965412328566,100.6112298647495,269.0774808860144,130.95299181775218
26ca88b5b40079f5627ef686bcc945fe,Cardiomegaly,126.1221270769503,232.6268048390702,322.1492369498283,310.2558035848449
26ca88b5b40079f5627ef686bcc945fe,Calcification,198.91860234527638,137.85893624033216,223.18409410138509,162.55907220489686
58d76e6dae9bbb3a24fe79f771b735a6,Pulmonary fibrosis,81.29385325757688,49.512754709252505,141.27382135906564,106.14209526024128
efa7592fab822d9a1d6dc92d31e41fa1,Pulmonary fibrosis,299.0294653545672,273.14192777719325,342.02974832858587,310.78845636781426
efa7592fab822d9a1d6dc92d31e41fa1,Calcification,218.0148649269825,143.75881426708037,237.9749838729092,161.1667240848046
efa7592fab822d9a1d6dc92d31e41fa1,Pleural thickening,287.7900861685598,306.89572782404235,331.1008611769389,327.65694672415947
384ee8c20076c44adbe60bfe7e805869,No finding,,,,
a9bfb9e92e3303005bbb9e98a86bd3c8,Other lesion,115.00946941064173,70.59955786210922,155.22210580252113,295.7414678057097
a9bfb9e92e3303005bbb9e98a86bd3c8,Calcification,208.66928075375324,89.04605888690001,245.82779286270508,128.30399696530094
a9bfb9e92e3303005bbb9e98a86bd3c8,Pleural thickening,112.97370755233345,42.757710715929406,169.05211669451833,66.59463541242158
bf5ba5b99fc00f8c786977623a50b8a6,Aortic enlargement,166.68753248139365,118.04878955482502,244.27291684897457,182.50190125686322
bf5ba5b99fc00f8c786977623a50b8a6,Calcification,129.36142588438435,209.5096206023262,154.0359209087238,254.74038446354186
82a05fbda7ecdf80c82d6392b4fcb309,Nodule/Mass,298.2955956477026,199.02859638713085,336.46986529207885,240.07500988924053
9112756a7e8b3ae899c07ee78f42ba65,ILD,248.6747990562695,70.35584982007212,304.1476174128925,130.33583466817078
9112756a7e8b3ae899c07ee78f42ba65,Aortic enlargement,200.13608299422432,83.53064417977009,250.06161951518504,128.2556039797974
9112756a7e8b3ae899c07ee78f42ba65,Cardiomegaly,170.66614824226832,171.59374332090917,317.32241177259044,244.055112299248
615f0f5be81be998158659b735a3e8c8,Pleural thickening,111.62990125045765,69.59305349327768,154.8211047032716,85.4941377615687
615f0f5be81be998158659b735a3e8c8,Pleural thickening,212.60548513924937,73.45396115956582,273.1502971222118,88.7060215801715
615f0f5be81be998158659b735a3e8c8,Pulmonary fibrosis,235.798076582315,162.85391055164487,317.33232315765747,233.67811804444025
615f0f5be81be998158659b735a3e8c8,Lung Opacity,77.98985740423281,208.77898259775438,164.12684370560268,250.27754167556418
615f0f5be81be998158659b735a3e8c8,Other lesion,245.66109028094513,177.24007769861893,306.1542409658766,224.82509210784085
615f0f5be81be998158659b735a3e8c8,Other lesion,209.67155406841536,84.07827841011627,272.00520154309976,132.98040206235572
615f0f5be81be998158659b735a3e8c8,Pulmonary fibrosis,218.04465192478074,89.26313245366214,266.7021861713561,118.03546674761026
615f0f5be81be998158659b735a3e8c8,Infiltration,72.93208399436762,166.00878021813955,110.91428584736877,205.03211339999785
9bd79ff85b40084060c327b2b9ca1e81,Aortic enlargement,183.89927408499943,98.534052670866,243.16215873187645,141.9327189661175
9bd79ff85b40084060c327b2b9ca1e81,Cardiomegaly,130.10680955937258,204.2955083483696,306.98372681312867,249.15295334262117
9a9c1899b72972a4c1a6a540aa2941cf,Aortic enlargement,176.0832461304936,113.51320448566715,253.0030797558654,173.35262935746138
9a9c1899b72972a4c1a6a540aa2941cf,Calcification,221.46041416848274,136.6329822770422,240.82871759933175,153.40615440019667
9a9c1899b72972a4c1a6a540aa2941cf,Cardiomegaly,125.17227711226194,233.1920542292557,311.66137014643675,300.2847427218735
a651f4b5a5f723845a76084017650322,Aortic enlargement,186.7708461516761,103.45359041745787,249.216364426439,158.7941011812557
a651f4b5a5f723845a76084017650322,Cardiomegaly,137.6784575708877,192.35544319284926,306.94901339744615,260.9062694292956
a651f4b5a5f723845a76084017650322,Pleural thickening,84.6586779036362,47.756044100345186,123.14711055097432,72.74853283238293
d709c132746f0409128eaa1c87a9a274,Cardiomegaly,131.25102468852654,186.61678158215852,302.81308909389577,234.61904084671502
d709c132746f0409128eaa1c87a9a274,Nodule/Mass,105.68876867397294,115.62184351020933,112.57091452404508,120.05902713970615
d709c132746f0409128eaa1c87a9a274,Nodule/Mass,89.95814958809385,174.51537168353076,99.29820467033457,181.77621762270738
d709c132746f0409128eaa1c87a9a274,Other lesion,316.85610988040463,211.55124475787167,343.7232249293077,248.753932121699
5d4e0afb1579da54bc7a06f1fe159349,Aortic enlargement,189.32368972878453,81.84674110975834,236.07215395894835,135.76102832410788
5d4e0afb1579da54bc7a06f1fe159349,Calcification,221.39927832466336,96.86084640995693,234.02477596346674,118.01708569660045
5d4e0afb1579da54bc7a06f1fe159349,Calcification,99.58028759350651,108.8038847169331,127.2198905325085,135.76102832410788
5d4e0afb1579da54bc7a06f1fe159349,Cardiomegaly,148.1621529612247,192.2974696313248,301.53626365812437,251.6541169914244
3d88da32e0b7971e4f1bb1aa684a038a,Infiltration,102.4076320978917,47.22255747441943,176.4076320978917,123.22255747441945
3d88da32e0b7971e4f1bb1aa684a038a,Aortic enlargement,203.41823970910417,84.76021668921089,249.10850921887388,141.96591997786564
3d88da32e0b7971e4f1bb1aa684a038a,Cardiomegaly,147.19839884353138,182.08420540107804,280.1830857093652,252.66267049747026
3d88da32e0b7971e4f1bb1aa684a038a,Aortic enlargement,291.6985194882502,177.6266181318322,296.899037969037,185.4273958530124
3d88da32e0b7971e4f1bb1aa684a038a,Nodule/Mass,298.0134347863485,207.34386659347106,304.3283500844467,212.9158506800283
1c04f08e163f0fdb38461013b2f6f9b9,Cardiomegaly,110.51489282746026,217.43298573592614,317.2425437506204,285.6721573003931
45f407b266655c8d3faf9bd6faa9a6d2,Aortic enlargement,137.1429441137996,101.07311831324624,248.9613394171264,187.24032786807794
45f407b266655c8d3faf9bd6faa9a6d2,Pulmonary fibrosis,45.76447053258629,192.79950267806709,116.70302239168609,225.59863405700304
45f407b266655c8d3faf9bd6faa9a6d2,Calcification,218.9026310022536,110.52371549022777,243.5507719024493,127.75715740119414
871e8ae9dc52f1fd45a7cd3068c71d2e,Pleural thickening,274.16071831430764,57.65839788284573,331.21581013400714,82.407112315482
871e8ae9dc52f1fd45a7cd3068c71d2e,Pulmonary fibrosis,238.26088525921583,62.397513412499485,339.54969995036777,110.31523710122077
871e8ae9dc52f1fd45a7cd3068c71d2e,Other lesion,271.59644452465824,86.619659452952,329.93367323918244,129.79826761201952
871e8ae9dc52f1fd45a7cd3068c71d2e,Infiltration,239.54302215404053,114.00121584650702,345.31931597707893,206.67725287084707
871e8ae9dc52f1fd45a7cd3068c71d2e,Infiltration,40.811803456210825,64.50378698123448,169.66656138609395,168.76432863361703
871e8ae9dc52f1fd45a7cd3068c71d2e,Pulmonary fibrosis,54.27424085187026,87.6727962373195,105.55971664485857,119.79346816052826
057afd48abd153972bb91397b71b66b8,Nodule/Mass,100.45569620253164,195.78809005801685,135.0210970464135,229.81340651371306
057afd48abd153972bb91397b71b66b8,Nodule/Mass,274.90295358649786,123.41678204113923,298.126582278481,146.1003263449367
a6f29ff09ae2e8a11cf1e151471fdcba,Nodule/Mass,249.2678257340026,124.74096174048468,279.58811052485436,163.24772342486648
a6f29ff09ae2e8a11cf1e151471fdcba,Atelectasis,248.4699871731465,124.99726038239955,300.6795072709036,146.95257120534035
a6f29ff09ae2e8a11cf1e151471fdcba,Cardiomegaly,156.01113986000095,189.65139818841368,300.2787545092921,236.94574018088105
a6f29ff09ae2e8a11cf1e151471fdcba,Calcification,231.9205459151376,108.1779518988691,241.85633204800894,117.31887514111065
202dc97c4b3ec7e50f4813456938500a,Cardiomegaly,129.1440904993462,181.7458959651899,303.5610121503752,251.95686642932498
76482dd89d7d8ea3650e9a0b8e01aba6,Nodule/Mass,269.37987708344116,185.63257905466267,305.46649312309296,228.31974208453974
76482dd89d7d8ea3650e9a0b8e01aba6,Pulmonary fibrosis,86.87814381459062,137.10076423957264,122.39252153179501,162.24309816514875
76482dd89d7d8ea3650e9a0b8e01aba6,Pulmonary fibrosis,322.5961214081923,195.09955727243565,360.89594051498125,227.95601637972257
29fc11e345d3a084f33fda5c43686076,Cardiomegaly,130.90295358649792,190.927330564346,311.15611814346,273.5602419567511
b514266c17d677f96256830c911cd360,Pulmonary fibrosis,78.56570142366722,158.43720672455075,132.76821470067563,181.57575722387122
78920201559a84ae65d928a6167b73e8,Pulmonary fibrosis,221.47657500913434,107.86158973820953,329.32010560090964,166.64677492339473
aedc1feb3dafbc2344ae4daa908fa35a,Cardiomegaly,121.88476920843176,202.26910271624473,264.36792896961055,277.34083267405066
aedc1feb3dafbc2344ae4daa908fa35a,ILD,55.01396381567287,150.51221085561585,108.36217959270995,174.01065266385515
aedc1feb3dafbc2344ae4daa908fa35a,Calcification,189.46571454970237,126.65728837025316,201.2923799844247,148.26066389767934
a40ebf6bbcafde17ab85ba720de1e686,Pulmonary fibrosis,42.67337225263312,144.71406320686552,77.26861829144677,166.0394883120998
a40ebf6bbcafde17ab85ba720de1e686,Pulmonary fibrosis,277.4545925609862,189.30358842690083,316.3256555259455,211.92146353851297
889347926c284c6c61234b357153d327,ILD,55.87516629695155,73.57548963384014,131.4352205887065,214.00661492729697
889347926c284c6c61234b357153d327,ILD,211.60259526410505,64.72943449724444,292.2307019778681,208.47783046692462
8bf191972855f263e27d2239d753e622,Atelectasis,328.7230766879833,222.8565729760936,355.1941377646854,234.28153781146293
4b4d890639634f5cc8aaefc9fed962ca,ILD,90.0885109700256,138.67655323176254,155.5656596537297,201.03574245433788
4b4d890639634f5cc8aaefc9fed962ca,Lung Opacity,174.3409779737488,45.46571994950611,191.7243377523596,95.17126431647134
4b4d890639634f5cc8aaefc9fed962ca,Nodule/Mass,286.1833021863328,193.67116694578408,294.39899713078205,202.3192668873096
4b4d890639634f5cc8aaefc9fed962ca,Nodule/Mass,299.37165459715914,162.32180465775417,306.5063370489177,168.37547461682206
4b4d890639634f5cc8aaefc9fed962ca,Nodule/Mass,293.845767608255,168.94316225200916,299.721614623928,174.3837613405952
4b4d890639634f5cc8aaefc9fed962ca,Nodule/Mass,278.39446619667075,181.13010421044183,284.27031321234364,187.65882311674505
4b4d890639634f5cc8aaefc9fed962ca,Infiltration,273.21115227404454,149.3496547454659,315.5868419875195,204.04888687561467
a113218469475fef9827360a2f850b3f,Pulmonary fibrosis,44.91231842695154,166.46300041279875,57.16070026363005,246.38434759208513
a113218469475fef9827360a2f850b3f,Pleural thickening,31.19413076987162,170.97138409983543,48.831800614688646,211.54683728316542
a113218469475fef9827360a2f850b3f,Calcification,234.02733398526752,93.09930223283848,244.80591000154465,107.44415941886423
41e182efd77dc26282b2fffb91ddea9c,Aortic enlargement,172.2693957966896,105.64661461415912,226.01368923699408,149.53161008541463
41e182efd77dc26282b2fffb91ddea9c,Cardiomegaly,120.0077035547384,189.56184244095172,274.9395287826505,236.70856054858427
b239daece54519264624cf61e858717f,Infiltration,268.21181087410594,67.25014681259162,312.90689284131906,109.31633167375557
b239daece54519264624cf61e858717f,Infiltration,72.43476169377807,41.313083580019764,159.05518563125548,95.29427005336758
ec84efcda776fb18bf86866e11e12832,Pulmonary fibrosis,259.60933974831573,138.171697358569,288.3953622191054,209.0572776928885
8ea15d8dffaccc803d343596092354b5,Cardiomegaly,111.16759792752443,189.8099788371082,304.29957874990265,241.71736685866074
8ea15d8dffaccc803d343596092354b5,Lung cavity,248.6653428626768,152.1297643953184,299.6314785180671,213.28912718178677
8ea15d8dffaccc803d343596092354b5,Pleural effusion,319.6712425313213,214.16119796137122,363.0045758646546,250.9611979613712
5a719936747485b2902623a89643a508,Cardiomegaly,150.75064996802774,176.1814622730209,312.1162781851373,228.0483714918888
5a719936747485b2902623a89643a508,Aortic enlargement,206.87782500006585,74.8362514966803,258.4653020515714,122.94963439049857
5a719936747485b2902623a89643a508,Calcification,230.40171453555237,90.87404579461972,247.32240700844622,108.61798842212717
5a719936747485b2902623a89643a508,Nodule/Mass,94.62347493598968,154.6839933204638,132.5918580458978,179.93498859807056
0d61bab6add9d96f656dbc7ee9d56e23,Cardiomegaly,134.40370454995508,192.00749934071732,329.70484851254406,258.9779634757384
0d61bab6add9d96f656dbc7ee9d56e23,Calcification,231.46954256728972,82.37036853902954,253.6894331977639,112.61509427742618
e4e32ce0e061d700c0afda13faa45b1d,Pleural effusion,61.033325597425986,277.22798245739864,81.41016822723584,301.20073849246904
e4e32ce0e061d700c0afda13faa45b1d,Rib fracture,255.20972668221214,116.87882416094975,287.61865391434463,153.14595701595516
e4e32ce0e061d700c0afda13faa45b1d,Other lesion,275.56765919606113,156.75945457954734,288.42834460563756,168.84849886454916
e4e32ce0e061d700c0afda13faa45b1d,Infiltration,130.45303986307536,53.0200851389157,179.81827314355843,94.9628260174152
3c22b17493566a9bca5ac33f0cd0b42f,Cardiomegaly,114.21182949688416,216.2589395807645,339.7372230485532,281.6004932182491
3c22b17493566a9bca5ac33f0cd0b42f,Aortic enlargement,201.648145178681,100.25400739827373,272.200206797786,155.65228113440196
9055b296acf42185d29edd60dfdc6c50,Cardiomegaly,94.93945557636279,221.55799989661872,298.1604559339443,288.8094084585492
dc7b7968067de76704074fd9e173ebdf,Lung Opacity,114.87036688520091,138.16503618740975,158.53504553441084,189.81216137275786
dc7b7968067de76704074fd9e173ebdf,Other lesion,286.7366165499197,117.01296520884866,346.7751755705512,222.9571127195914
7bab78cfe1dc3376741a24ac708d75be,Consolidation,78.85232067510546,195.2480056698312,122.59915611814345,235.2142503955696
7bab78cfe1dc3376741a24ac708d75be,Consolidation,90.73417721518985,126.65728837025316,147.44303797468356,175.26488330696202
7bab78cfe1dc3376741a24ac708d75be,Consolidation,245.86303418643334,100.57094792881338,306.3524856632265,194.54563147311717
7bab78cfe1dc3376741a24ac708d75be,Lung cavity,99.91561181434597,92.63197191455696,132.32067510548524,122.87669765295358
7bab78cfe1dc3376741a24ac708d75be,Pneumothorax,130.52914865652085,43.85396992652934,190.37749447178408,66.49928996473705
7bab78cfe1dc3376741a24ac708d75be,Lung cavity,230.00680453864754,61.24234067015313,280.9587746246148,114.6205950459284
7bab78cfe1dc3376741a24ac708d75be,Pleural thickening,241.97276699722354,53.3164923377878,287.116119637124,77.12614597623187
9d55051f2ad55edc96612d7d28dfd472,ILD,268.4033841826273,151.6490944381303,304.0668204872761,197.57927755775376
9d55051f2ad55edc96612d7d28dfd472,Nodule/Mass,269.75427192143974,211.89868758916577,311.63179182462585,314.02580064338724
9d55051f2ad55edc96612d7d28dfd472,Pleural effusion,292.74046412456835,327.5417352655918,327.96015951769203,341.6296134228413
6e911d2832e14bb624a486bea52220d6,Cardiomegaly,132.44390471858497,215.93638418736066,313.2218063047268,272.08625374409
6e911d2832e14bb624a486bea52220d6,Aortic enlargement,190.8632266052008,86.01296338821314,254.8024844181109,145.4416574446055
20d208807c641afba1698d8f35aa8713,Lung Opacity,127.55688339363495,146.57316119518762,158.06958114603316,181.9989204500906
46f349b7cabf56c2c2d9c1d069f8c564,Aortic enlargement,187.265104808878,88.89025893958079,235.5610357583231,137.65967940813815
46f349b7cabf56c2c2d9c1d069f8c564,Infiltration,74.45106689725478,97.394166621833,114.3388313233355,131.4520267426943
46f349b7cabf56c2c2d9c1d069f8c564,Infiltration,265.4279200020271,169.74376041568294,301.9510668972548,208.394166621833
b6f79693e9ae47422c76c434ad003fa9,Aortic enlargement,155.32046445818457,133.49458800750918,252.54264540210775,207.13592868993913
b6f79693e9ae47422c76c434ad003fa9,ILD,65.23697512203198,158.97505189382525,128.46538650514285,269.857070563948
b6f79693e9ae47422c76c434ad003fa9,ILD,277.1380821817626,174.7845490610587,325.7155444353036,285.8695923146593
0c785dff51447d6e689e15dcfe10c8e2,Nodule/Mass,97.14245439019759,81.59845371319982,183.3446875769107,172.6979038224414
22e777d8cb8506360407e800070e6ed4,Rib fracture,300.7364870398149,166.8178864430813,328.2003717431059,214.916849874897
22e777d8cb8506360407e800070e6ed4,Pulmonary fibrosis,259.50458578415277,118.13603668475051,303.6440729536123,157.8488343486673
22e777d8cb8506360407e800070e6ed4,Pleural thickening,220.59032318158856,26.462106174650216,291.9385735937557,61.61358921600115
22e777d8cb8506360407e800070e6ed4,Other lesion,250.96932583425732,59.512382990397086,314.37411403348096,115.4044685914652
22e777d8cb8506360407e800070e6ed4,Pleural thickening,330.4691756532839,247.9905814270817,352.4169869530151,266.90143745751834
fdc79ca123f665375a024d95fce24af4,Cardiomegaly,143.5554844734276,222.4143033292232,337.82288512038957,302.90752157829843
26a5285339df294ce288663b092c23c3,ILD,267.27508143845256,52.13647459888728,346.34919737009653,131.40605214288166
72bf61e8260519dbf3d388f964dacd44,Infiltration,89.3773137225666,176.67976288457336,142.1718400883306,245.393249490396
72bf61e8260519dbf3d388f964dacd44,Consolidation,103.78378378378378,197.24324135798744,131.95366795366795,223.18918730393338
efaa3db93267375dcd48555debfaef9b,Nodule/Mass,251.63937276887995,189.9922286059916,298.61996035065664,226.6396169925731
efaa3db93267375dcd48555debfaef9b,ILD,69.13516516736864,108.68076140686753,108.97140046741094,128.96903798859583
efaa3db93267375dcd48555debfaef9b,Nodule/Mass,134.9047442107465,55.04573903819909,153.5505303426364,63.693727374410415
2ba3fde405e8f849abba2c8e87857626,Aortic enlargement,216.63626648645746,102.10670002234507,282.5721519948947,153.87195005215307
2ba3fde405e8f849abba2c8e87857626,Calcification,241.36222355212132,133.5052943027204,258.3613190347654,145.81014881800263
2ba3fde405e8f849abba2c8e87857626,Cardiomegaly,140.39789886732692,179.33026973894388,318.1157152767866,255.70522879931633
2ba3fde405e8f849abba2c8e87857626,Pleural effusion,56.10239593801239,177.96911008385618,131.70106309832337,258.0308861456322
2ba3fde405e8f849abba2c8e87857626,Pleural effusion,290.81413768344936,220.91219189403557,345.9324169756583,293.8927083295026
2ba3fde405e8f849abba2c8e87857626,ILD,92.58377449136279,140.94100199996726,168.12511272454583,235.3195859339365
2ba3fde405e8f849abba2c8e87857626,ILD,288.8904875608086,155.7843662601664,347.19420498910426,245.56930230354422
99a41825d70b5867a2b08e20f05b4e6e,Aortic enlargement,167.72736513631784,110.81867579453011,228.37587181663577,169.59531498471483
ad64176ee6a7c2be0275dca89c1087b8,Aortic enlargement,166.88044633860272,74.26293594469159,249.56911422613447,136.81319294461002
ad64176ee6a7c2be0275dca89c1087b8,Cardiomegaly,156.32444618274755,154.26907861900585,302.7889483452374,207.36406421195986
673fdef5f3c813232620a6d2af079cac,Nodule/Mass,280.6778999569088,121.53086096458713,309.60940680622383,142.11196110563085
673fdef5f3c813232620a6d2af079cac,ILD,76.23646115372675,95.5168479917223,153.1658404601465,250.144570167875
673fdef5f3c813232620a6d2af079cac,ILD,239.91637085201862,105.04538608356214,322.8365179027188,247.9222623864447
673fdef5f3c813232620a6d2af079cac,Infiltration,82.10255749115541,112.76846047831255,143.81104140809754,177.8580824032331
673fdef5f3c813232620a6d2af079cac,Cardiomegaly,137.99296845005952,185.4405929815124,287.2532424226622,260.182482967408
673fdef5f3c813232620a6d2af079cac,Infiltration,65.60640632606689,186.55253734399795,136.16087964147255,240.98256234595746
673fdef5f3c813232620a6d2af079cac,Infiltration,254.55472754634843,166.42476768181493,334.4017412496368,241.54954177306118
673fdef5f3c813232620a6d2af079cac,Infiltration,227.0345775299072,109.63925703070522,313.8290980778525,164.88326267245415
1e4029a54dd47b7223885e14cc0e020f,Cardiomegaly,118.87894438492678,167.58340240552536,322.2751483858361,245.5965848399658
1e4029a54dd47b7223885e14cc0e020f,Aortic enlargement,192.24131567533112,86.37295839590293,257.06415168325447,139.12777438640572
1e4029a54dd47b7223885e14cc0e020f,Nodule/Mass,273.36690085889984,72.94445978013859,287.340685866596,86.37295839590293
afd98fcc55409a4bd2568bff204467e5,Pulmonary fibrosis,116.6317970956373,147.04464013580477,133.15401646020464,155.30574981808846
afd98fcc55409a4bd2568bff204467e5,Pulmonary fibrosis,101.31476386746984,101.59590934598644,122.95521470850792,120.46194341253245
afd98fcc55409a4bd2568bff204467e5,Nodule/Mass,120.19467709597733,82.40379630646414,135.07647699967595,99.51377314156403
afd98fcc55409a4bd2568bff204467e5,Nodule/Mass,234.7234653473978,62.67018568600671,249.06167718101966,69.13986663532391
afd98fcc55409a4bd2568bff204467e5,Nodule/Mass,92.43663018909524,94.93730908720549,107.14103909390317,104.64776779792771
83caa8a85e03606cf57e49147d7ac569,Cardiomegaly,129.40394353898785,144.4657420177924,296.71042471042466,229.11968923443533
b9dcec0d41bcd2acb499745d5aeeaf08,Nodule/Mass,91.45320834108765,84.69220719370257,118.8521285617031,114.5253043540437
b9dcec0d41bcd2acb499745d5aeeaf08,Pleural thickening,229.33164558031393,28.755150018063016,261.5916645497483,39.942561453190926
b9dcec0d41bcd2acb499745d5aeeaf08,Nodule/Mass,258.87719412582464,71.40096870743972,268.6691078146177,80.58200416172585
fb54964c02f4f032a4f6bcf34045e8d7,Pulmonary fibrosis,243.33303453753956,64.8743446124245,295.268093976382,88.67436058718445
fb54964c02f4f032a4f6bcf34045e8d7,Pleural thickening,282.8316341175894,54.528163962836764,309.7772971449733,79.35899752184733
fb54964c02f4f032a4f6bcf34045e8d7,Pleural thickening,252.20109409500762,44.80275415222429,279.1467571223916,54.942011188820274
fb54964c02f4f032a4f6bcf34045e8d7,Pleural thickening,113.63001873930209,46.45814305615833,156.8549018442645,60.565368361542895
fb54964c02f4f032a4f6bcf34045e8d7,Other lesion,209.11490222895932,65.54300240150025,243.98480848627443,97.45842065769742
704b25bea8a6e8f0ed239f15b14fb68b,Other lesion,156.1687919776017,106.0276680601933,193.0916890963874,159.92451097376238
704b25bea8a6e8f0ed239f15b14fb68b,Aortic enlargement,182.80936331647234,120.65681113673348,238.89477666146325,183.0231579367205
704b25bea8a6e8f0ed239f15b14fb68b,Pneumothorax,297.7844606737036,117.5769915416724,359.011036908652,324.309881860148
704b25bea8a6e8f0ed239f15b14fb68b,Pneumothorax,217.39536821255004,89.47363773673993,299.1865960073284,125.66151797870776
704b25bea8a6e8f0ed239f15b14fb68b,Lung Opacity,116.47296730129594,105.14918824377165,143.9714370649324,134.1620109087668
704b25bea8a6e8f0ed239f15b14fb68b,ILD,81.00646207571266,83.18896215698764,160.62266384850187,175.5248908792936
20a92721508c6b74dac74143d3221152,Calcification,97.75295182907665,119.44144874379538,109.15918036582703,128.65637269052553
20a92721508c6b74dac74143d3221152,ILD,71.02857564531166,95.21695438113841,115.86872656391542,110.82103601943489
20a92721508c6b74dac74143d3221152,ILD,47.038510961491845,160.6916831063867,137.10035716424642,300.6932509540075
20a92721508c6b74dac74143d3221152,ILD,267.1896905682253,162.5583706776883,336.18443824401965,317.9601109885474
20a92721508c6b74dac74143d3221152,ILD,258.519890715568,96.68713137119775,304.5631118943256,115.06434374693946
e0fb41ce6c448b6d8b46e8d96cc83cea,Calcification,206.0753638506581,89.90761872928871,231.44990800255044,129.8696782695397
e0fb41ce6c448b6d8b46e8d96cc83cea,ILD,291.07522692862216,180.4369592458778,325.4473042947169,260.72524873098786
e0fb41ce6c448b6d8b46e8d96cc83cea,ILD,59.08222254890495,130.78614483205925,125.8391806083763,171.16727096637618
9d24d767c3db6cad70b39f1e27c20879,Aortic enlargement,165.19274779112004,72.54304118388745,255.41169743956323,139.8013726278076
a98c821850d44edfeb4c87e5b247f384,ILD,67.57259071155993,231.56273572466807,123.23845979876201,263.3202935531405
a98c821850d44edfeb4c87e5b247f384,ILD,30.825840529812137,260.03502895019506,44.65135049918258,280.47667536852214
a98c821850d44edfeb4c87e5b247f384,Pleural thickening,94.96912474922854,49.499678037981724,159.90101765669684,77.72964976276965
a98c821850d44edfeb4c87e5b247f384,Pleural thickening,234.61234387684092,59.25864606067936,272.7903565341087,73.03704653588653
9045dfc3d4a724a051e85b331af35116,Consolidation,141.81724702432615,57.9362406951682,175.38983900937032,96.16325906426684
9045dfc3d4a724a051e85b331af35116,Consolidation,88.10096290813435,128.69689171881885,163.04697430898642,191.3686199306777
9045dfc3d4a724a051e85b331af35116,Nodule/Mass,84.65928128299261,191.6521096442296,108.24465503928201,204.65820567849602
9045dfc3d4a724a051e85b331af35116,ILD,271.6641836723645,86.40316926790123,357.07680739902094,218.57105192701886
d20d53b2d8f22484d5944d92c914c72b,Aortic enlargement,162.81554110517018,102.14481158967075,242.73907178625086,174.82998477510634
d20d53b2d8f22484d5944d92c914c72b,Cardiomegaly,140.8494208494209,192.05405216879828,282.4401544401545,280.2702683850145
ef42c05690b4c16e88cf39481420b779,Infiltration,96.92180819142422,165.0585198880259,147.63375235635056,244.316922688838
ef42c05690b4c16e88cf39481420b779,Consolidation,83.20243738775386,178.06588576439103,114.4926236240243,239.8005775278435
e9bedd50f5a15df07160bc504dc0d005,Cardiomegaly,121.02439024390242,205.07561064929496,280.53658536585357,275.31951308831935
75ec71c3e8edd4291eb1bec543ca5855,Pulmonary fibrosis,238.46418417513615,98.30721323109026,277.2035183697775,133.1850058641558
75ec71c3e8edd4291eb1bec543ca5855,Calcification,45.83647144307419,255.14704652812696,56.56267910964786,290.0842483461374
75ec71c3e8edd4291eb1bec543ca5855,Pulmonary fibrosis,61.6262162920098,134.40599696547136,111.81890042230009,175.5977254655801
75ec71c3e8edd4291eb1bec543ca5855,Pulmonary fibrosis,134.1171000421806,108.99956974189125,147.71191752398911,116.8277797246151
75ec71c3e8edd4291eb1bec543ca5855,Pulmonary fibrosis,121.43362922951809,138.9847135954045,135.8317101218812,148.14214685527085
75ec71c3e8edd4291eb1bec543ca5855,Other lesion,145.31652635824625,118.20699720142233,164.66770746060843,145.20699720142233
3b5957a38160102563037a3769a383be,Cardiomegaly,132.82770409277055,186.90598881394342,336.6848689005206,301.5143701423158
3b5957a38160102563037a3769a383be,Pleural effusion,18.122809002615924,200.10095507303376,120.9377269056551,301.8012251937737
3b5957a38160102563037a3769a383be,Atelectasis,61.27019888078359,185.23968608854247,109.27359408109693,210.2345984184696
786fa2f1244ca842e96cc6afb0f28870,Pleural effusion,34.42417814009648,133.62606680876576,168.4921919928127,239.1644073136238
786fa2f1244ca842e96cc6afb0f28870,Pleural effusion,52.95605144556333,73.60404241091979,89.0650365098949,137.67067729733773
786fa2f1244ca842e96cc6afb0f28870,Atelectasis,88.39831774286301,118.72400659048478,175.0085502566746,147.06917359500488
786fa2f1244ca842e96cc6afb0f28870,Pleural effusion,305.5800371524965,205.85914960438,358.7272252859717,251.5263631116624
9810d731721dbb0ab5c65f8679766c1d,Pulmonary fibrosis,288.86085416832015,112.66283598063403,325.610643315486,134.22760366346682
9810d731721dbb0ab5c65f8679766c1d,Aortic enlargement,175.21778239881243,72.12271212811415,246.67570574052397,133.42826596931022
9810d731721dbb0ab5c65f8679766c1d,Calcification,222.0169302740626,80.46125529849857,244.4202622800575,107.02888824258784
9810d731721dbb0ab5c65f8679766c1d,Other lesion,330.530647328559,95.06005794982045,356.31253946762627,130.99869639875283
2bcbfb940309bc9a3d7cce3378cc877c,Cardiomegaly,111.82925160533203,208.71700785718087,322.0297581777195,271.9050876288528
83918012739ab2906d692171f66a4dcc,Infiltration,62.769288559733766,93.82633744286282,174.30840383141066,281.9707347703624
83918012739ab2906d692171f66a4dcc,Infiltration,262.3656000985241,93.38674772948086,360.56271593579004,282.84991419712645
83918012739ab2906d692171f66a4dcc,Pleural thickening,68.99162929774691,162.32522575751005,140.01353104787512,169.22527410518447
83918012739ab2906d692171f66a4dcc,Cardiomegaly,137.1248226605887,192.37353672372612,356.08194908471063,291.45211027201066
a8b1710cb5c6838d9ec9394cc9d3e54e,Pulmonary fibrosis,110.27743533551563,116.43014654360931,162.3084287906167,144.0484937804402
a8b1710cb5c6838d9ec9394cc9d3e54e,Pleural thickening,51.83503984329313,298.9085122155276,62.9316972152341,320.4113682784889
f2fd066f221a835b1c68b24dcbeddc14,Aortic enlargement,174.8457365927023,120.61405672009865,251.79486101972321,202.05425400739824
b0b9a7143b9590143538c99efb5826d8,Pleural effusion,18.538560447188274,331.6261340499081,52.741157240867686,361.7327526963614
b0b9a7143b9590143538c99efb5826d8,Pulmonary fibrosis,80.89019707991359,210.92842866547784,122.0543843714216,246.45966328426513
b0b9a7143b9590143538c99efb5826d8,ILD,43.31555917910933,249.89497956378798,106.31562064644274,310.9896842530665
b35f68168336f1cda4ccc227655cfb80,Other lesion,152.22688039457464,98.36004932182492,190.10604192355123,322.32059186189895
b35f68168336f1cda4ccc227655cfb80,Calcification,230.85399289185486,117.2717777616596,255.0855153405384,153.47979981141657
b35f68168336f1cda4ccc227655cfb80,Aortic enlargement,203.15853330564565,116.9198251870376,261.07054702242624,177.01132329100878
10344d2fdc514205d230de6319408ecd,ILD,60.55105911279064,182.9255105192304,96.14232390938882,200.03977968265528
5ca63942b0365ee7a3b26b6453f4076d,Cardiomegaly,122.18978495081788,242.6764537405805,308.2238210193077,319.380884632218
5ca63942b0365ee7a3b26b6453f4076d,Aortic enlargement,183.62827723209747,125.95231977504521,256.2374044736096,214.32916406323622
5ca63942b0365ee7a3b26b6453f4076d,Lung Opacity,90.58971101047418,201.01990508861846,117.32156751461798,219.11579882773097
5ca63942b0365ee7a3b26b6453f4076d,Pleural thickening,231.713205338998,83.1284133161179,248.6805787726462,93.48426097069101
9ffba960315efc66943dc8e69906f999,Pulmonary fibrosis,113.13922140343736,115.52346058683831,152.1783934806477,140.25490288594074
9ffba960315efc66943dc8e69906f999,Lung Opacity,130.33648421697274,131.9463181688209,160.6688988910999,153.65801674356163
0c6036df3708fe77c1c76498240d6774,Aortic enlargement,170.07320852817386,114.45869297163992,255.47229110265437,194.95191122071515
f5de7e513d2c4085e8b7fd6b5e5db57a,Cardiomegaly,110.42248539442848,169.09981445323842,291.92375714847213,238.10029792998236
f5de7e513d2c4085e8b7fd6b5e5db57a,Aortic enlargement,170.79790843657935,76.3991649127434,235.67336300982225,137.5995937355945
f5de7e513d2c4085e8b7fd6b5e5db57a,ILD,43.67201768323057,84.33722417832169,121.05791628580948,201.200039375028
f5de7e513d2c4085e8b7fd6b5e5db57a,Lung Opacity,53.44911654145205,153.97023948388747,81.38329128612668,174.37433234086717
b9182fc1e8c26b2642e8cb47ead586c7,Pulmonary fibrosis,296.2959404023163,191.95103453227733,327.4056070628737,204.2302534842165
b9182fc1e8c26b2642e8cb47ead586c7,Pleural thickening,261.24834125308075,246.2381077934819,297.4773201489198,263.6875241988691
b9182fc1e8c26b2642e8cb47ead586c7,ILD,240.00360778056069,177.17833977418866,308.4037368396495,234.45131253971454
eeca313945bafd566ba7fe6a22083c8f,Pulmonary fibrosis,57.92923178356134,73.86945366544617,121.53694816186075,135.22176353268023
eeca313945bafd566ba7fe6a22083c8f,Infiltration,68.53051784661125,91.79889581842782,104.09612270329481,126.2570424561894
1c23c0b48f19721b171febe638673eec,Calcification,205.78604238464766,82.93266724652192,233.5134657034978,110.31381583773373
1c23c0b48f19721b171febe638673eec,Pulmonary fibrosis,235.5969909435241,58.38920597873802,265.3042755007091,112.73808990771936
1c23c0b48f19721b171febe638673eec,Pleural thickening,220.77212869916238,30.9768347921872,270.0655846856646,44.99137274460094
1c23c0b48f19721b171febe638673eec,Mediastinal shift,182.14786583317644,54.80148101073583,212.65935143525857,118.2153006162369
1c23c0b48f19721b171febe638673eec,Calcification,220.90306524857243,41.06923197939229,239.43018895090285,73.91745852987553
1c23c0b48f19721b171febe638673eec,Other lesion,267.22087450439847,47.63887728948898,312.5803842583798,104.97396363215064
1c23c0b48f19721b171febe638673eec,Atelectasis,210.68120389556253,36.58992835887188,242.62452062371838,76.00780021945175
abe3e3c83a7dc58474450b601e20cffb,Cardiomegaly,128.77250087812246,212.47102342786678,342.9485339396174,280.6535141800246
abe3e3c83a7dc58474450b601e20cffb,Aortic enlargement,173.77225250540465,105.93588162762019,260.9236702139385,182.64118372379778
a2887b486dd81a8f4f9086a97b87ee44,Cardiomegaly,121.982268620154,213.4050850661106,288.9021164717015,308.088226145717
a2887b486dd81a8f4f9086a97b87ee44,Enlarged PA,220.8378272791485,156.91710699631972,247.8841737169489,197.48662665302027
a2887b486dd81a8f4f9086a97b87ee44,Enlarged PA,102.80077021178545,185.65312992208803,126.87967246909915,225.64859468847348
a2887b486dd81a8f4f9086a97b87ee44,Calcification,212.14435878128407,175.26998493625567,229.04832530490933,190.7250400435702
f064fef0a9542fb09bec9faa70a718d6,Pleural thickening,282.40309339280105,58.452600676786005,317.1982822235988,77.19224669567285
f064fef0a9542fb09bec9faa70a718d6,Pulmonary fibrosis,314.8562983599874,92.9004793879751,338.6107061194744,115.22270479282562
f064fef0a9542fb09bec9faa70a718d6,Pulmonary fibrosis,102.8089440927947,66.83871085507498,168.69380899735353,134.6342890257978
f064fef0a9542fb09bec9faa70a718d6,Pleural thickening,79.3991110431358,67.95368991337492,114.40372060583124,105.57191938964606
f064fef0a9542fb09bec9faa70a718d6,Mediastinal shift,173.49082306756992,83.84414803877661,215.6651761918771,150.42688324866066
f064fef0a9542fb09bec9faa70a718d6,Aortic enlargement,187.54894077567226,108.08894835976703,264.8685881702354,172.13864473014462
8d8830c35ca3c9b01c3dd33eb4fabc00,Atelectasis,274.5524877394895,221.53643991862134,328.1401526620366,241.5836239184231
8d8830c35ca3c9b01c3dd33eb4fabc00,Consolidation,142.26248495179172,103.3933660491366,175.4527942179643,148.6053621361276
8d8830c35ca3c9b01c3dd33eb4fabc00,ILD,109.93426527957837,95.85601715063304,149.2575877407281,147.90159099627238
8d8830c35ca3c9b01c3dd33eb4fabc00,ILD,124.20778634811445,210.8523116941107,168.08758452484958,235.3162699696356
8d8830c35ca3c9b01c3dd33eb4fabc00,Infiltration,276.8656243548512,73.11017376624247,312.71924189295834,118.60186053502352
8d8830c35ca3c9b01c3dd33eb4fabc00,ILD,239.95688555462556,108.34800331325309,284.57607973939037,170.2619116114359
c0a744921a7e56527df34fe1bd869f10,Calcification,86.55669114999809,111.4794454368102,92.77059808886273,116.84679671950288
c0a744921a7e56527df34fe1bd869f10,Lung Opacity,261.52805578647747,173.28803708210108,319.2290177058628,207.42103592050125
735ea124180d108f676db6adb5b1ba98,Cardiomegaly,162.97939236533958,190.5170397597088,328.774026528611,266.57574517062613
d3402dc78261931dde321771b5319d91,Lung Opacity,271.20806246607356,130.10096906897968,285.9925283801243,143.91111005431125
d3402dc78261931dde321771b5319d91,Nodule/Mass,248.17072039871866,98.75375867463543,254.9797198763469,105.6643850101387
d3402dc78261931dde321771b5319d91,Nodule/Mass,259.8578090543492,109.42457875151548,264.7358982323515,113.99778735589265
330c8fe642a041f281f7e7cad8ac2f7c,Infiltration,120.63098949357726,73.44401355875966,173.9318960743233,122.37065448540059
330c8fe642a041f281f7e7cad8ac2f7c,Infiltration,226.32939745878562,74.92663904138514,285.0507352172347,125.33590545065157
330c8fe642a041f281f7e7cad8ac2f7c,Lung Opacity,120.63098949357722,120.88802900277511,195.6136207851353,223.93050004524616
330c8fe642a041f281f7e7cad8ac2f7c,Other lesion,192.0,103.83783595258205,230.84642344020477,149.799225913972
330c8fe642a041f281f7e7cad8ac2f7c,ILD,89.91521281992695,220.9652490799952,155.86379214864672,285.4594575742037
739933ba1ccf7631b311a2030dc76f8e,Cardiomegaly,151.59080534974953,155.4496979291674,299.5668553176546,229.30460051968296
8d677aa2749132774b4bb1400351e097,No finding,,,,
9d3db915dfabc8a9ac9cda6223856b90,Pleural effusion,3.636842143821269,199.4336083485282,86.04279534231992,298.80308691783307
9d3db915dfabc8a9ac9cda6223856b90,ILD,48.044349534048436,150.54053865528476,149.61711813692799,223.93050004524616
9d3db915dfabc8a9ac9cda6223856b90,ILD,227.07548843840448,194.2779903927365,347.6474799454198,316.5945927093388
9d3db915dfabc8a9ac9cda6223856b90,Atelectasis,46.58287084911491,213.55212166686778,145.9634214245942,260.99613711088324
7468f45287e2ad4f1375f721fbe92202,Pleural thickening,118.49005003250248,51.361923187169864,136.1850526846998,56.54936845191363
7468f45287e2ad4f1375f721fbe92202,Pleural thickening,228.6324134798532,55.90093779382067,247.7719061444748,64.97896700712225
3ad9881c5d75a15454c6c9336362fd46,Nodule/Mass,113.66015999513085,78.37500929351847,130.5160326509927,91.69241678392089
3ad9881c5d75a15454c6c9336362fd46,Pleural thickening,110.66422223026584,55.17775340310286,128.0412460612199,69.15715813197426
3ad9881c5d75a15454c6c9336362fd46,Pleural thickening,264.9440148915741,54.78943660507865,292.18367386982646,73.04032611221632
269af0bfa0e3246aa7b7330a3c510030,Cardiomegaly,118.93774105392444,202.14689150486632,300.70954764440444,281.4940250064336
269af0bfa0e3246aa7b7330a3c510030,Calcification,202.62719994119504,103.51412268334084,229.7538464873172,126.6562184875482
269af0bfa0e3246aa7b7330a3c510030,ILD,56.99730258634376,63.01231085061125,164.17538477812457,157.25208518065358
269af0bfa0e3246aa7b7330a3c510030,Lung Opacity,51.29249834690651,149.6618435853394,115.33079249217688,166.65280033181423
269af0bfa0e3246aa7b7330a3c510030,Lung Opacity,7.475730102743729,168.98103349209214,67.8982078766025,286.22488242823584
269af0bfa0e3246aa7b7330a3c510030,Pulmonary fibrosis,231.38547554828784,73.6102614461648,257.761856272468,92.10530215301021
7324a6d2f3cdb80878587b427f6df871,Aortic enlargement,149.1025746077453,139.5254069435185,203.1273011736586,194.11113199456662
7324a6d2f3cdb80878587b427f6df871,Calcification,178.4405055905591,154.9213806758654,191.32057285130668,167.5180864568765
7324a6d2f3cdb80878587b427f6df871,Pulmonary fibrosis,177.38680705176384,102.9632267205855,199.33043074146954,130.7694478493534
7324a6d2f3cdb80878587b427f6df871,Pleural thickening,175.39722184722152,92.96505515138793,189.60854473680916,110.8943443353495
7324a6d2f3cdb80878587b427f6df871,Pleural thickening,257.79990272921646,272.6048862688156,272.45404014119515,289.80298193551386
7324a6d2f3cdb80878587b427f6df871,Other lesion,121.68587669637506,315.9377739323079,185.69530801011697,343.3489606958471
ec6c4e81b448275577d3e4a74acbe443,Aortic enlargement,188.41506555253446,112.70857458658908,255.3461087212857,171.96653975031106
cd8e284f5176149d71416ca70f4246fa,Aortic enlargement,205.50720343323854,128.48469392033374,283.9291838313274,198.08905885214554
cd8e284f5176149d71416ca70f4246fa,Consolidation,103.80990245102862,147.79367249409532,137.3235749420863,199.22119809339077
cd8e284f5176149d71416ca70f4246fa,ILD,97.57039623283201,123.53584908090271,162.61558588900357,231.26605875735655
cd8e284f5176149d71416ca70f4246fa,Pleural effusion,85.99584198441364,234.41646002314647,139.39050663118363,265.80123395383436
cd8e284f5176149d71416ca70f4246fa,Pleural thickening,83.04647610304771,179.82116350865502,95.20447349771028,239.68053833570968
cd8e284f5176149d71416ca70f4246fa,Pleural thickening,346.6089849910502,209.81898900751824,366.71789445586916,285.49548975803515
642719d5349009d7f20e33a5c65752e1,Consolidation,78.21042910983188,191.64373314941696,137.58298590772904,239.22512531759594
642719d5349009d7f20e33a5c65752e1,Atelectasis,60.73159229549768,200.75021968878139,91.80507996542515,206.89709810285237
642719d5349009d7f20e33a5c65752e1,Aortic enlargement,164.14130102,102.97774890469715,241.31447391433977,176.00941775061324
3297d4a571f2259e8699427999a79121,Cardiomegaly,143.43770897187585,234.28743565682367,335.4617815986216,310.336456071911
3297d4a571f2259e8699427999a79121,Calcification,224.94432972711326,158.67800495511827,241.98243689063742,174.06364492348857
21764c704337db3cee5beb063a7f84f8,Pleural thickening,15.012859739507668,153.41561324207274,45.62923110940087,250.50135048582868
21764c704337db3cee5beb063a7f84f8,Cardiomegaly,114.44642068134199,165.1651455067957,292.4360238038295,249.33186890284904
21764c704337db3cee5beb063a7f84f8,Infiltration,38.42111663174852,55.182578380020175,140.34594447594128,152.764476879223
21764c704337db3cee5beb063a7f84f8,Consolidation,91.28740384715175,60.573606031122885,154.96038695236285,92.71814483289093
21764c704337db3cee5beb063a7f84f8,Infiltration,236.05504261655176,40.084940199686294,283.24392482466703,84.55393522623166
21764c704337db3cee5beb063a7f84f8,ILD,259.61132539499863,99.25660919821064,311.8194975394179,222.17884706736191
21764c704337db3cee5beb063a7f84f8,Consolidation,55.585815361141336,94.94208305682916,121.53439468986109,129.78378189852802
21764c704337db3cee5beb063a7f84f8,Consolidation,20.353012706071862,131.2664073811535,143.21611940067302,208.36293247767858
c8af1a93bf0142d9f7f2e3394b2d8e08,Aortic enlargement,198.39938422330533,100.79573340994332,261.7280866634644,163.73108987221318
c8af1a93bf0142d9f7f2e3394b2d8e08,Cardiomegaly,153.16459676604893,178.52089864084658,317.5832155237289,254.04332639557046
33d6c3efe631dbef8424df136efa9412,Lung Opacity,53.873446198496374,56.340410407492925,119.53915653615663,104.18432557043499
b38be7898a845062393e06bb52cefc2d,Aortic enlargement,147.25617028197797,108.89595821007136,261.38659858590563,200.08411869747852
2fcfb42d501dd9e3ca9fb94b532cf4de,Cardiomegaly,156.77756293436295,180.19304830779438,320.1367969111968,318.0772181919643
a73dcf600646ab4aa44b173947fcd250,Aortic enlargement,145.76940775288503,91.14844213906103,270.1446778493618,198.31955473081783
a73dcf600646ab4aa44b173947fcd250,Calcification,215.9601059979938,100.83340874798901,234.87048354011887,132.12185305341424
a73dcf600646ab4aa44b173947fcd250,Cardiomegaly,125.37789068171068,215.99475812076093,327.57409543805176,289.04769886752587
36fc763ac49338f190eeb00404783331,Cardiomegaly,117.8226803214372,169.85696670776818,312.64985730850583,257.9260172626387
36fc763ac49338f190eeb00404783331,Aortic enlargement,184.85037882616265,79.42046855733662,246.06901012714525,159.91368680641185
6e735c0945a973a1cc5f091eea115292,Nodule/Mass,95.60255499976573,127.40888289212067,108.35856232970833,141.65696984020943
6e735c0945a973a1cc5f091eea115292,ILD,281.2511313549769,105.18655517080444,329.51783360073557,210.27913632049123
6e735c0945a973a1cc5f091eea115292,Nodule/Mass,281.81281815068536,255.94304412443634,314.3458876000575,283.1969091199586
6e735c0945a973a1cc5f091eea115292,Infiltration,69.84145192047642,221.69924464742903,137.458146838356,275.43157985391565
6e735c0945a973a1cc5f091eea115292,ILD,94.85627966348956,138.20541597255806,158.26891616245948,216.75278009632265
6e735c0945a973a1cc5f091eea115292,Aortic enlargement,171.79590680759745,170.04188692935313,257.41472260162027,210.93788221141887
548cf3241eba5f1482caac5fbc0b9fee,Pleural thickening,124.71643106777216,34.39185277319591,172.7259648139844,50.20398280822339
548cf3241eba5f1482caac5fbc0b9fee,Pleural thickening,255.4262765612065,37.08066679727972,310.31485865556374,65.10939819454045
548cf3241eba5f1482caac5fbc0b9fee,Pleural thickening,317.53697176841246,311.7062181355546,349.83999086799963,337.4765485748347
98734f45cdc062d160228410a8da696d,Pulmonary fibrosis,129.0659303661797,122.98610739195185,191.20040006097975,186.034319288146
98734f45cdc062d160228410a8da696d,Lung Opacity,274.41030656754447,152.95996610244634,313.62655495974474,204.2763952253256
98734f45cdc062d160228410a8da696d,Infiltration,270.9678288384206,215.90054252661594,326.05174539963156,294.531782197963
98734f45cdc062d160228410a8da696d,Aortic enlargement,198.3728233705467,150.1823341420923,263.06785092482414,224.65349919346068
98734f45cdc062d160228410a8da696d,Calcification,241.7903751958618,169.4470756804772,250.4163788697655,176.9229455311937
98734f45cdc062d160228410a8da696d,Rib fracture,268.03037820090435,124.9959839046311,290.74097181532807,164.55637278136925
98734f45cdc062d160228410a8da696d,Rib fracture,275.8942060248732,217.0643545439599,301.8794529231995,274.8332092187515
98734f45cdc062d160228410a8da696d,Rib fracture,267.1396815651792,162.70726425296144,283.99584457985844,204.84767178965956
e58fe7f6d0a7b6885789d418252279ff,ILD,276.8805014871715,171.59436196426051,327.5439678616492,261.39121362319656
e58fe7f6d0a7b6885789d418252279ff,Nodule/Mass,86.37109798777068,167.3094398933606,155.4399791686119,236.9261244940102
e58fe7f6d0a7b6885789d418252279ff,ILD,68.91594667215226,117.19215231771217,145.79886712335787,251.3249696115418
e58fe7f6d0a7b6885789d418252279ff,Atelectasis,70.84380612231573,199.92151633110146,101.60386317445533,209.86807347129263
e58fe7f6d0a7b6885789d418252279ff,Pulmonary fibrosis,250.519675240929,183.80858842767094,305.0770522901093,218.84842499559738
db33c9ee0173a3be32fcd0bc781b161f,Pulmonary fibrosis,119.46298002886998,149.23523631063028,147.68111377676792,172.9790530152767
db33c9ee0173a3be32fcd0bc781b161f,Pulmonary fibrosis,255.29264078146338,140.2086613650622,276.8149461824025,164.14870795982966
72a272f0770ae72999e9afa93a5bf024,Aortic enlargement,162.7013847364956,88.57009396970612,252.12576721193844,170.08557312990223
72a272f0770ae72999e9afa93a5bf024,Pleural effusion,12.98635525272248,215.79518761225526,122.64249846921577,269.88489808303956
7882ac9a9fa79ddd245f540d6f6e4af5,Aortic enlargement,171.00225637702553,92.17863928479777,268.0352910517773,185.18923339147418
0e109d0f36cc8d66a4cac6bf50de3069,Pleural thickening,86.99724822876937,48.43122555100791,140.1745463193817,64.31351191407083
0e109d0f36cc8d66a4cac6bf50de3069,Pleural thickening,199.73312018086756,56.56144357019488,249.6016086125085,68.28408350483653
0e109d0f36cc8d66a4cac6bf50de3069,Pulmonary fibrosis,111.1872753754449,61.347199219536314,144.09082761647167,96.44432160996487
f6c2af19972fcdff152db631020f4784,Pleural thickening,30.01563580224058,276.7108141763755,47.26575667142655,299.5109739339081
f6c2af19972fcdff152db631020f4784,Lung Opacity,141.08005960749085,108.70223545561053,168.39684214654946,173.4531274000458
df6b1459ece82fe12a8af9d1e17d93a9,No finding,,,,
080fd678b461536e6e1b5d9b17093cdb,Aortic enlargement,192.69121166622813,88.77241427646854,259.5341482807373,157.05943967513312
080fd678b461536e6e1b5d9b17093cdb,Calcification,217.21631790608404,105.73543332454445,248.47380625099842,134.44208094436524
080fd678b461536e6e1b5d9b17093cdb,Other lesion,298.48578760286136,71.8093952283926,324.4535471509441,95.73160157824326
7849964d63a43175008dd8a127175e19,Aortic enlargement,136.41736656924633,88.55274425624458,226.47128757208145,168.1995115119554
7849964d63a43175008dd8a127175e19,Cardiomegaly,99.9753129338578,174.81278099528154,256.25565833177404,222.54333465754868
7849964d63a43175008dd8a127175e19,ILD,51.96991535647097,133.69549681634058,98.57369548634286,201.84092584017978
7849964d63a43175008dd8a127175e19,ILD,237.68422715220098,138.00849865329243,284.28800728207295,198.96559128221188
8bfad13f75648d94cdc8fc5f988f701f,Cardiomegaly,120.75,195.53279999999998,273.0,257.28
8bfad13f75648d94cdc8fc5f988f701f,Cardiomegaly,118.89093612278035,205.53899141446678,278.0022923350616,264.3087146351948
360dbf51ef9e2c43f06cf3a853dffa3c,Aortic enlargement,188.13205258938356,95.7339500784695,237.221630629954,149.85835663602154
d1e34fe038f6601b7d2429236d874f52,Aortic enlargement,178.83216216287698,121.77593946384238,258.1693527761024,205.01463118112613
d1e34fe038f6601b7d2429236d874f52,Cardiomegaly,126.30115830115832,224.6718127865589,327.89760406198764,293.61389772864385
823c23eae7b2fdf7f2694b8417f961b5,Pleural thickening,228.3876026830156,62.55605908054646,245.9309811632617,69.65376182446282
823c23eae7b2fdf7f2694b8417f961b5,Lung Opacity,237.70937489137233,197.59338133360905,279.831336582417,234.07405476793608
823c23eae7b2fdf7f2694b8417f961b5,Other lesion,249.99737489137235,207.83338133360905,274.57337489137234,229.84938133360905
a7c42a5d0723d41c389b35c2c3251f88,Aortic enlargement,184.37044431968772,44.17425575324882,248.6866211686464,113.06267266256005
68c57d93f9fcc74a760de0a64c6bc883,Infiltration,105.05550097007902,37.96674258236074,154.44774822944626,84.80481394251359
ed5e9cc04c7d2b3b3a6f8d9517f2f288,Pleural thickening,203.89150705095645,78.0088476842233,244.8417785441692,87.60965207663554
ed5e9cc04c7d2b3b3a6f8d9517f2f288,Pulmonary fibrosis,208.46429489343254,144.52023304767974,264.21957312114074,190.9794890646799
95108d231a9fd10ed3d5594c3e7f41e1,Aortic enlargement,187.0880627756781,115.72600545074343,259.57246416287626,182.45614416781277
b249fedbd224f8bc77f9977e94d1326e,Calcification,265.56162251785577,65.85863043284398,275.6313583234165,77.60814947675446
b249fedbd224f8bc77f9977e94d1326e,Calcification,125.56773448932829,83.88806482781006,141.28634647849628,96.24531761537108
b249fedbd224f8bc77f9977e94d1326e,Pleural thickening,249.10620059169548,53.50137764528296,282.50825106867745,59.57871508178838
b249fedbd224f8bc77f9977e94d1326e,Pulmonary fibrosis,242.47491115876525,59.57871508178838,290.858763687923,93.00407098256818
b249fedbd224f8bc77f9977e94d1326e,Pulmonary fibrosis,95.6041303849768,63.4276954582418,164.12745452525604,119.33919987409165
bdd762b3c87ea8261290c6f2825ddcf0,Nodule/Mass,47.33590102902458,223.7330269639433,95.58620842264929,259.85220879658885
18d6003908775a049bc2c25e5c68c925,Aortic enlargement,202.0729264991976,122.6185414863315,276.63857710161835,204.80579178815466
18d6003908775a049bc2c25e5c68c925,Pleural thickening,131.33028035137588,73.34536709465876,159.19036707609257,86.77401609499168
7199ee845675a788a07d629d325a431a,Cardiomegaly,155.1444032803846,204.9093133050382,350.39451271570016,287.5611024415118
7199ee845675a788a07d629d325a431a,Enlarged PA,236.9992066430423,146.0926622074083,291.8982387475539,179.4517355664817
7199ee845675a788a07d629d325a431a,Calcification,232.90997149230898,115.02549261912316,251.7242218661616,146.36429600003606
7199ee845675a788a07d629d325a431a,ILD,340.7783403023976,211.79696239974433,361.6830629400116,228.67170268177438
7199ee845675a788a07d629d325a431a,ILD,68.59885156066234,98.49513479182843,151.79964765836633,250.71217978483398
a3a42d483cf9c22b5e8641bcef210029,Consolidation,65.87528428624324,136.1659722694349,151.35473634103778,208.19982276308792
a3a42d483cf9c22b5e8641bcef210029,Consolidation,256.56021579309254,85.79643771372263,349.93007880679113,232.5721781932713
a3a42d483cf9c22b5e8641bcef210029,ILD,52.7245993547364,79.83875083078891,149.38213360131175,130.2082853865012
a3a42d483cf9c22b5e8641bcef210029,Infiltration,270.36843497117474,93.3789482920019,365.05336647802403,228.78092290413167
0e48bfb79ac12bbcce9b66cc9f14544c,Pleural thickening,241.7417684239865,78.92081938046998,287.32419547123914,94.55227977542243
0e48bfb79ac12bbcce9b66cc9f14544c,Aortic enlargement,139.947086136723,118.68218892451686,263.20437303234894,224.34809937936137
915e148ea37918f74554937db82e0bef,ILD,70.77110765053276,131.05363352157374,141.92276107157087,289.4649581890855
915e148ea37918f74554937db82e0bef,Infiltration,79.51538483137108,186.09116618650077,140.03868700952128,278.9507128685416
915e148ea37918f74554937db82e0bef,Consolidation,275.3991693073234,179.51318531368292,320.93364380726507,212.26355645319845
915e148ea37918f74554937db82e0bef,ILD,259.99703488227306,123.75372212447475,316.13949881331246,222.93051779549512
fec9ed851b88f98a1c964179c5340d54,Nodule/Mass,44.65945418878157,237.42402287196364,67.44010075715562,253.6844764128114
fec9ed851b88f98a1c964179c5340d54,Other lesion,73.4970596049977,53.33670123818749,166.89126681875362,223.69836593256647
0d825340b08e816f7d8f28c7c7809a31,Pleural thickening,191.03286437609847,34.379479311498876,211.21899616791498,54.92883382541015
0d825340b08e816f7d8f28c7c7809a31,Calcification,115.09455906402684,52.2249713893692,123.74575840337677,60.51681619322814
0d825340b08e816f7d8f28c7c7809a31,Nodule/Mass,238.30058970041944,159.26219931747298,323.18481736881506,212.681685171632
0b2105548746dc55aa03324d07e2a2ed,Lung Opacity,109.1596042671143,215.86522596170718,161.81667195391586,260.471479868812
0b2105548746dc55aa03324d07e2a2ed,Other lesion,120.86117486418132,227.14496832902105,154.01562488920456,251.75531531225127
0b2105548746dc55aa03324d07e2a2ed,ILD,272.9815926260526,218.42880377246033,350.9920632731661,299.43786259225993
cb8fb8fcb4cc5eaa943063e6e318033a,Aortic enlargement,195.79745151511025,110.05929522895286,268.0133146432031,181.4909248136291
cb8fb8fcb4cc5eaa943063e6e318033a,ILD,292.50494268296995,211.00740814344786,330.8733325524523,254.32461097451616
cb8fb8fcb4cc5eaa943063e6e318033a,Cardiomegaly,151.90799531203106,209.07885557035712,313.673115552349,266.6953714402999
cb8fb8fcb4cc5eaa943063e6e318033a,Nodule/Mass,87.43467788345606,234.27446423947424,141.33841856035704,260.16015576232917
55a3c0036c2d994975cfd350a79cf69e,Cardiomegaly,134.1629023248897,207.88877193142667,297.43763030420683,277.5696902696838
1fae839a73abec3f3d7436fa2bce4630,Pulmonary fibrosis,95.81580714244663,56.83018059370583,159.8312093626394,88.13848954820251
1fae839a73abec3f3d7436fa2bce4630,Pulmonary fibrosis,290.26247857777497,208.3984734549974,342.7362530969635,281.903555074119
1fae839a73abec3f3d7436fa2bce4630,Pleural effusion,337.6274125437534,295.58161553753206,356.09582110831326,313.17384843995933
1fae839a73abec3f3d7436fa2bce4630,Calcification,225.47693600574743,111.33612665458982,243.39435054439517,134.89809258600224
1fae839a73abec3f3d7436fa2bce4630,ILD,50.15498110611444,227.53136514145766,136.68140017652388,270.8202853840433
a8be2c2f3cca4561d6d849412dfac1e5,ILD,266.98263129155805,188.3474884622346,373.58444445305037,249.13513324987937
e0f515ce8c2f2788d36dbbcee022a14d,Nodule/Mass,95.66346963151018,95.07835018246118,114.15821422299928,112.48516862150974
e0f515ce8c2f2788d36dbbcee022a14d,Nodule/Mass,101.82838449533986,116.11158912964488,112.34500396893172,126.62820860323671
3600f42e5ab24a48e561618b5ecc125e,Cardiomegaly,135.3139609159755,170.39914738498797,283.8187861050965,254.8984039416365
3600f42e5ab24a48e561618b5ecc125e,Lung cavity,102.58427904863635,189.31088575719025,128.47492291384492,212.64877566331222
3600f42e5ab24a48e561618b5ecc125e,Infiltration,85.48668404330992,173.2157892702096,149.48053963467456,217.87968202158098
3600f42e5ab24a48e561618b5ecc125e,ILD,232.52600108911716,81.87611670659425,303.84739739705026,145.0493704179934
46b04770c972a6db13be05221cce609d,Aortic enlargement,191.90796010400345,65.02191156524682,261.97174156869704,127.40339363472718
46b04770c972a6db13be05221cce609d,ILD,50.97041126172969,61.35241261998327,143.71379828724892,173.43892585712453
46b04770c972a6db13be05221cce609d,ILD,254.68186835271737,53.346233103044604,337.70542442359704,193.1207838362654
652bd062cf5ccabe5e120d5fecfd46b0,Aortic enlargement,153.77943070251882,99.74191541160042,260.78969551080314,207.80584954262957
d2237da4e95c5f126e951a849e27432e,Other lesion,92.44158135889505,213.80792772386877,255.8939057063535,268.54632390726675
d2237da4e95c5f126e951a849e27432e,ILD,305.54524117994896,209.76089198529894,340.6971774049853,242.80134490308058
d2237da4e95c5f126e951a849e27432e,Other lesion,225.6080753776119,135.51225547528514,241.66501245139813,147.00615998041002
558b20219d89e3918384de0ffffaec60,Cardiomegaly,106.15431520712983,214.86084274013578,257.43926922386527,265.7210976970523
558b20219d89e3918384de0ffffaec60,Aortic enlargement,133.12361940366165,98.47365465268014,200.1616041207549,153.82853679183586
558b20219d89e3918384de0ffffaec60,Calcification,178.329310247372,108.40914631868246,192.51712584818125,117.50668813483372
3bbdbcb655e1cedc451d96b4ab3cf4e0,Aortic enlargement,175.58319690262653,113.10084839711327,243.8656095722471,170.57457583846212
3bbdbcb655e1cedc451d96b4ab3cf4e0,Cardiomegaly,116.03834414807586,182.22465572522205,306.3229822984877,226.4949592949097
6182777129374eb463e2b20ed36b4011,Cardiomegaly,130.9199777941514,224.37250839681448,318.4829126544071,272.04932458741354
6182777129374eb463e2b20ed36b4011,Other lesion,181.74112388689127,112.63911094399944,227.80921315081366,178.45066703531728
6182777129374eb463e2b20ed36b4011,Pleural thickening,276.3065120798225,56.31517295452968,303.9862940979513,65.92620837749111
88e1a8afc53c842ef8b8f8d6a3aed32b,Pleural effusion,56.67574875650062,182.97843507333684,176.16426625179446,245.24127498434268
88e1a8afc53c842ef8b8f8d6a3aed32b,Atelectasis,98.51445814654416,185.59696572379966,154.89034622295873,204.21762812709116
eee52f4fd64d6f8a197abdf7ac27fd1f,Aortic enlargement,185.86878684824296,146.5782485709212,251.06642042087478,208.17237597214523
76a5bc377407669248eaf357b5a6aee3,Pleural effusion,35.127413127413085,212.3804356951818,72.46074646074642,239.5804356951818
76a5bc377407669248eaf357b5a6aee3,Aortic enlargement,178.46074646074638,95.04710236184849,235.12741312741304,132.3804356951818
b58e4a983569ccea8cffdc2366efb4bc,Cardiomegaly,170.50193050193047,152.76447687922294,303.9382239382239,232.0849401996863
b58e4a983569ccea8cffdc2366efb4bc,Calcification,205.98800487234766,82.00849598479479,230.4483527893176,109.49486632448267
b58e4a983569ccea8cffdc2366efb4bc,Calcification,173.45826382812987,72.93042871664102,184.30151084286916,85.03451840751273
83c6b5dc4e05ffc8df10c81110c43e24,Cardiomegaly,146.4546260180943,146.1836956568266,302.4735236558896,236.1836956568266
83c6b5dc4e05ffc8df10c81110c43e24,Calcification,226.90398606430472,75.71844469157561,239.6031986627299,95.21844469157561
6ae39ad5e196a92fbba5d134ef59463d,Cardiomegaly,120.90125350399323,121.62934174408785,317.0977944676575,222.4478745626207
6ae39ad5e196a92fbba5d134ef59463d,Calcification,217.19955572010366,60.10038421513032,237.89919077590312,84.56370467845078
6e7d48015a85db1c2bc29bf3479e598f,Lung Opacity,56.54749994491428,134.2123642247779,118.30767797631182,171.5873961159757
1310d74e9fdeb707f12ef28daeb3c090,Cardiomegaly,146.4555700692247,176.73996961742688,307.008267515752,230.53233621088572
1310d74e9fdeb707f12ef28daeb3c090,Pulmonary fibrosis,125.33524315620537,81.08835514391248,165.22068911411233,119.27224092446565
1310d74e9fdeb707f12ef28daeb3c090,Pleural thickening,66.58122571256962,193.64547813867426,80.1475520014562,215.77073268901552
045a16fa7dd72c16b7b7d44ff10be428,Aortic enlargement,187.60414023851828,107.31861557907462,250.70953349471515,158.5338281263341
045a16fa7dd72c16b7b7d44ff10be428,Calcification,219.46617702963727,123.11634283245813,245.760090886386,149.61575628974663
d63906e598ca29e9041fd8db589c61b1,Cardiomegaly,120.71599346343257,180.9952457244734,336.7616894323266,242.10460765635142
d63906e598ca29e9041fd8db589c61b1,Clavicle fracture,57.94045161586713,10.09049175015518,170.03963348651968,64.48453918402463
d63906e598ca29e9041fd8db589c61b1,ILD,268.67726236249223,76.8037745465383,332.07606641886235,180.25357380006514
d63906e598ca29e9041fd8db589c61b1,Pleural thickening,323.3542185159148,115.8843950936179,343.1903914403812,161.19554077203765
d63906e598ca29e9041fd8db589c61b1,ILD,48.98624812030337,161.2187619510648,134.4711078050516,229.9819270271691
d63906e598ca29e9041fd8db589c61b1,ILD,70.6768925387551,110.2441859884612,100.21941329781328,125.9378764176512
997d02719c4f6b77010d2ea5bd839edd,Pleural thickening,240.3896938280111,65.17108507899451,271.1393103448419,75.55868133654793
997d02719c4f6b77010d2ea5bd839edd,Pleural thickening,125.35001835840545,68.64133048841653,150.08107823797,82.44081902134673
997d02719c4f6b77010d2ea5bd839edd,ILD,38.30791434181376,162.857571817829,148.5325762139535,314.0551134133433
997d02719c4f6b77010d2ea5bd839edd,ILD,257.6513050238309,173.8344425191427,340.9649290475886,326.8024471309979
cc53f79260c8d490cbfbc3cd78fe8516,Aortic enlargement,188.56487580334286,97.71246087601955,250.2581530645327,170.12950528812777
cc53f79260c8d490cbfbc3cd78fe8516,Cardiomegaly,143.43738595487991,180.61749103057105,312.5226643744373,263.5225211851226
cc53f79260c8d490cbfbc3cd78fe8516,Pulmonary fibrosis,49.75500196566566,169.6300773956305,126.30036449343827,185.61176995554402
cc53f79260c8d490cbfbc3cd78fe8516,ILD,102.30853444741999,136.6678364908088,169.14291814704237,199.5957509454684
cc53f79260c8d490cbfbc3cd78fe8516,ILD,242.8321104312414,118.68843236090608,329.0884517871642,174.6243563206035
b56a27064980bc682ef60687a7938dc0,Calcification,191.18767016853857,91.99368870542301,218.7152213928981,119.4609493305892
b56a27064980bc682ef60687a7938dc0,Cardiomegaly,136.57469084463375,161.75483707947078,302.0719145006272,218.11762161415274
bfa46ba9d72fcf9033c02b65b5b82438,Nodule/Mass,119.10128523827157,194.2779903927365,164.10049188131381,229.11968923443536
3f51f6bbad915b2d088bdceea490f3ff,Pulmonary fibrosis,256.310436816401,70.57771370721959,337.68997390856407,163.26217021682416
3f51f6bbad915b2d088bdceea490f3ff,Pulmonary fibrosis,68.51354648060175,69.77979176169383,160.27769350088622,175.56448692932906
3f51f6bbad915b2d088bdceea490f3ff,Pulmonary fibrosis,41.485737509794326,253.33876316708333,77.82231351036583,294.1995542637375
3f51f6bbad915b2d088bdceea490f3ff,Mediastinal shift,161.1855585252056,88.48531502841992,195.72016891180064,144.6030035867836
aef93e49694dfe1a10e508ec299d2857,Other lesion,272.3815990178566,192.9064721475301,334.0634887816362,283.9064721475301
aef93e49694dfe1a10e508ec299d2857,ILD,64.96112657691177,120.9064721475301,133.89970925407712,167.9064721475301
5cecfb5a445acc92080b9fbdf321a4eb,Aortic enlargement,190.5815537985267,100.02888233023744,277.7811529104823,175.51082506910626
5cecfb5a445acc92080b9fbdf321a4eb,Cardiomegaly,136.6268136360204,220.7860567654585,336.56962721177155,292.8102622699296
5cecfb5a445acc92080b9fbdf321a4eb,Atelectasis,324.0058956585376,252.47670718742577,352.00506883431615,267.8418710283796
7bca1be5f1f3c14c49be003896da9b27,Cardiomegaly,130.48648648648646,197.05585397060005,302.48648648648646,267.45585397060006
0291515f5d14c34180a15712a55bf7bd,Aortic enlargement,198.03822161074683,95.21942015851035,262.0156866936829,164.73586343904776
5927e15c854e4b6ba3fda0539251b91a,Aortic enlargement,152.52988226547876,116.23653112386478,248.75241759114977,223.9580245648335
11c92d8711765e3f16b0be225d7d5c03,Pleural thickening,236.30807912146298,77.41349653043108,273.3330098182693,86.09904418261422
11c92d8711765e3f16b0be225d7d5c03,Pulmonary fibrosis,274.1392963078347,196.68955418956273,323.0453367352323,244.9967451423392
5085aa895168d112f671ae18b22dc0df,Consolidation,264.7630412001448,196.94816447032298,328.5937080889114,245.72510407077016
173a25467a671ab8f44a8c1e9e02d5e1,Cardiomegaly,117.71092314149938,182.46007837164677,345.50443762793066,286.5381900649978
173a25467a671ab8f44a8c1e9e02d5e1,Consolidation,50.266320915462444,167.49921373132898,93.17559229154115,206.20326151729392
173a25467a671ab8f44a8c1e9e02d5e1,ILD,274.08497923016205,107.65393559205071,321.60195759964523,175.62995229177065
173a25467a671ab8f44a8c1e9e02d5e1,ILD,39.504032518675736,210.2272175349973,115.09156501904198,256.2946645715943
173a25467a671ab8f44a8c1e9e02d5e1,Other lesion,154.2108103786926,97.26006210766481,261.1433121068215,176.12939727520697
c2e13e12172f1d2b7e4a8e784b4b16c8,Pleural thickening,32.33321089246844,258.29606633923635,46.10694001595208,277.7754802967235
c2e13e12172f1d2b7e4a8e784b4b16c8,Pulmonary fibrosis,65.34266517116195,233.19759066324326,93.84003577147288,265.78814863057755
5ead347d71cf5025f286cd0340e8de98,Cardiomegaly,116.38512741606831,209.4624738772221,299.6548978586343,268.2609412141629
2cad63ccbc654b82534ba31070301835,Aortic enlargement,172.3282217515338,86.79229137944678,229.9125305472801,143.01019284783644
800f63115427cc92aeed7046fd6028a2,Rib fracture,99.17744054827914,157.79415002078088,130.6231098396177,188.29415002078088
5c1dd749315a3713355b35ab28fdebb9,Aortic enlargement,184.79118500966771,69.46648687652936,257.7764847223208,142.8050328940263
5c1dd749315a3713355b35ab28fdebb9,Calcification,206.5959218532819,86.42914377853548,223.5551616205374,106.88411239566047
5c1dd749315a3713355b35ab28fdebb9,Cardiomegaly,128.4622814969977,158.52043561206142,307.74567332227,230.6117274455873
5c1dd749315a3713355b35ab28fdebb9,Consolidation,91.21252272249008,97.40498059748059,133.3077785733564,138.06546699493637
5c1dd749315a3713355b35ab28fdebb9,ILD,67.59072447524134,73.20824942844247,147.5414262351601,192.1962985792794
6d7b08da7043a6e7c2d18424e329ced4,Pleural thickening,138.7519529899634,50.75843782536254,176.93089023200457,67.10148275998459
7ea00a8beb600a6de0cf70cc166b0b5c,Cardiomegaly,81.7297297297297,192.795364910111,317.09652509652506,283.23551935026546
7ea00a8beb600a6de0cf70cc166b0b5c,Atelectasis,231.41188841669623,176.4305287711683,311.6700046330574,200.8901451418688
bef145a9dd524d1afdb2394c953bb978,ILD,276.2242348659853,170.31109391563635,345.8624723685912,273.84634958317065
bef145a9dd524d1afdb2394c953bb978,Pulmonary fibrosis,98.82856918161659,86.40642365119164,141.37493781766756,108.58984227607783
bef145a9dd524d1afdb2394c953bb978,Pulmonary fibrosis,261.1527260059636,89.39388592182777,295.75495068327535,102.47885019520011
15fd19174078e6e85ca8a6521a367ae6,Cardiomegaly,127.1940424231246,98.65324254329656,298.08499413858965,181.6574190908082
15fd19174078e6e85ca8a6521a367ae6,ILD,41.2399625424294,33.958810822441905,147.5382033416324,157.24442598859886
15fd19174078e6e85ca8a6521a367ae6,ILD,213.1481223038199,33.5519276040718,323.5151952867244,178.402353343847
2a80feb480fa5f90a50fdd5e2e89833c,Pleural thickening,100.90100913955625,39.42959797104127,168.4629480982636,61.388965916865196
2a80feb480fa5f90a50fdd5e2e89833c,Pleural thickening,216.72147592591173,33.65081693266655,305.6550486368633,60.811087813027726
2a80feb480fa5f90a50fdd5e2e89833c,ILD,272.4815931595625,218.9114904466107,359.5466877196795,277.59963146935416
ec73f422063ce59169c6c13d3c6227a7,Other lesion,161.28047871878934,120.0996110334456,208.1380205035051,260.83837687629006
ec73f422063ce59169c6c13d3c6227a7,Pulmonary fibrosis,102.25107285305285,66.55046547096143,119.31407236742652,80.22791112226206
509d5c6ba1cef46882db2c2e86bdfb2a,Calcification,198.35087400758533,143.28012981954092,218.1866578576833,162.97911516032784
5c22ee484c55a079ac153153368ecd60,Cardiomegaly,149.3138661387588,175.90189163744026,326.24312795018216,245.09471942702476
5c22ee484c55a079ac153153368ecd60,ILD,75.15742770997093,94.03638476551431,151.160084522878,214.68028962940517
5c22ee484c55a079ac153153368ecd60,ILD,256.39453241767245,89.98112745916504,337.62814131891724,236.22384406938573
5c22ee484c55a079ac153153368ecd60,Pleural effusion,42.233199859845186,226.3391543851594,64.69552353329546,243.32054435549696
5c22ee484c55a079ac153153368ecd60,Pleural thickening,121.99754218646987,63.90681310559875,155.23105756613444,79.40791817707279
5c22ee484c55a079ac153153368ecd60,Pleural thickening,275.55239939251044,65.8856775828082,298.17521407866764,82.87093101218935
759d70b78eb5f4f47bd4eaf9f4dbb425,Cardiomegaly,123.29872037877863,185.10142721557963,318.3942768081928,284.29819815402567
759d70b78eb5f4f47bd4eaf9f4dbb425,Calcification,264.6372968632458,113.80374810357158,320.2063098400449,141.70283993000947
e71ff456b51d655f9b70ecbc6fe2572f,Calcification,200.37149947323314,92.32750669350712,224.55729076741025,111.36382046813102
e71ff456b51d655f9b70ecbc6fe2572f,Aortic enlargement,183.17271455292942,85.24422714946101,237.99384148639754,150.3218579603846
e71ff456b51d655f9b70ecbc6fe2572f,Enlarged PA,220.2575945373343,128.62931435674338,268.091715096929,166.25923693448834
e71ff456b51d655f9b70ecbc6fe2572f,Cardiomegaly,118.13980907303095,152.97808778940188,313.7759875414858,237.5347373464523
e71ff456b51d655f9b70ecbc6fe2572f,Nodule/Mass,46.11989721925912,124.64496961321747,62.78122011080335,137.92611875830391
e71ff456b51d655f9b70ecbc6fe2572f,ILD,243.3684617739925,82.58799732044372,299.8019747937391,116.23357515466272
c9fbdd6dbbd3e5246b0184824f681e0f,Pulmonary fibrosis,54.69131534528996,136.21271219929955,93.1824201430305,146.60654550339956
c9fbdd6dbbd3e5246b0184824f681e0f,Infiltration,59.672517142644615,59.5581915815618,134.3905441029645,114.55889281575782
c9fbdd6dbbd3e5246b0184824f681e0f,Pulmonary fibrosis,117.18275607573932,40.935906911715904,158.84371656270554,58.258962418549295
c9fbdd6dbbd3e5246b0184824f681e0f,Pleural thickening,73.2576129536119,37.038219422678374,129.8621788326421,62.1566499075868
0e5f2fdf49cbfdbe2a7c0861d15a73ff,Cardiomegaly,100.62166385013322,202.8579657788044,255.58832357987745,257.50185681298416
4de27ac8b1c575b620cc16780030086d,Pleural thickening,77.78296405910754,86.94813713551565,174.85930903379403,113.49554576124626
4de27ac8b1c575b620cc16780030086d,Pulmonary fibrosis,113.44366221307402,93.28781680733192,176.84045893123667,144.005254181862
4de27ac8b1c575b620cc16780030086d,Pulmonary fibrosis,252.61944250841543,104.38225623301038,301.65290247011933,143.21279422288498
4de27ac8b1c575b620cc16780030086d,Nodule/Mass,275.4026663290051,253.76095850018106,298.1858901495948,272.3837675361413
4de27ac8b1c575b620cc16780030086d,Nodule/Mass,304.1293398419226,240.68536917705998,360.09682444467546,278.32721722846907
cd8e76e87737bb82336d752ec29d66ea,Cardiomegaly,107.07991154931976,198.72586684061298,283.24392482466703,273.59845371319983
d01fbe2917243929e0ee234ae8cbad45,Cardiomegaly,130.71604498092947,207.50767191084574,331.6589368399817,324.2069332544968
d01fbe2917243929e0ee234ae8cbad45,Consolidation,89.03439249004248,208.0479462689182,140.6698724414398,252.35044363085981
d01fbe2917243929e0ee234ae8cbad45,Lung Opacity,316.7281956492162,229.65892059181655,358.40984814010324,246.40742569206276
ba149dfb4f399902c41699b514d9fe39,Consolidation,205.79846454483436,143.42464147443707,304.8850609075042,221.1005662612537
ba149dfb4f399902c41699b514d9fe39,Pleural effusion,23.883174216671712,208.9405009401162,54.97605514515176,246.63661225134564
ba149dfb4f399902c41699b514d9fe39,Consolidation,58.50205195147424,199.4523640794666,136.3945268547799,245.3544315945011
ba149dfb4f399902c41699b514d9fe39,ILD,76.45258114729783,143.80572357241363,138.3177978400468,203.81177831273803
62e12180474ea235f3e915afb79b1aaa,Nodule/Mass,55.947383400521566,208.10387900458866,67.54745348492858,216.75639029705624
6109bd812d12e7f376d24f936ae44412,Aortic enlargement,133.10682110682114,136.45559657034266,201.96653796653797,197.24324135798747
49158aad3ffa8a556c9d4cc8efbcf58c,Nodule/Mass,203.684535488767,67.30261369960354,278.5936263978579,164.8264232234131
49158aad3ffa8a556c9d4cc8efbcf58c,ILD,252.41180821603973,92.90261369960355,329.5027173069488,168.48356608055593
49158aad3ffa8a556c9d4cc8efbcf58c,Lung Opacity,256.04817185240336,206.27404227103213,336.7754445796761,284.2930898900797
49158aad3ffa8a556c9d4cc8efbcf58c,ILD,255.90043481179697,151.65620293445426,343.4350943836422,212.72084406269113
ff91fb82429a27521bbec8569b041f02,Nodule/Mass,102.52880879002498,165.94172463072778,137.76001184682298,198.98616335986245
07fecb6f57a3d452c4764b1013740141,Cardiomegaly,117.6493492000014,177.67421979468068,288.31601586666807,227.27421979468068
07fecb6f57a3d452c4764b1013740141,ILD,267.7767415131856,154.09414373810202,318.1861155644263,182.81221137941492
d5d13d7d803507aed653e01a183e0089,No finding,,,,
38fc380de74d2102e2087e7ba889fd44,Pulmonary fibrosis,112.71279225368059,105.22131045736612,145.70883238384909,136.07957897346736
38fc380de74d2102e2087e7ba889fd44,Other lesion,108.53019561746204,64.69659638200424,169.87494628200065,156.52782919498023
e92c895a219e99f09b204b8941087155,Cardiomegaly,123.32438362062504,199.4297513704412,302.790258991545,279.359882374808
e92c895a219e99f09b204b8941087155,Pulmonary fibrosis,288.5469355494085,188.25071206913117,345.5202293179545,220.66992604293029
86b6e82323a0bc62ea29acad47cb8b4b,Aortic enlargement,190.39330894767446,89.68217887261078,279.7978891003462,152.07413867160577
86b6e82323a0bc62ea29acad47cb8b4b,Cardiomegaly,136.1643013140867,166.22489244044996,332.56124787897227,293.58167636004794
f5f324fd65b3230f3f9e103dd701ae37,Calcification,227.85935615744293,95.33349026390187,237.77266133673896,125.68920487309369
1d1fcf6654f7d727aafae5c5eba5fd7f,No finding,,,,
588b9e528e57a25e8985888133d3af61,Cardiomegaly,145.90469464463786,202.10084948826398,304.4263041826408,306.91974712605924
588b9e528e57a25e8985888133d3af61,Calcification,219.65543402390804,107.9501626239502,228.93496044295208,134.79885614196797
8234fae0532b776d3ec872a46d34a68c,Calcification,215.66328196352183,118.88707584561506,223.96081520343412,132.71629791213562
d870570354a036a5532ade79579261b9,Pulmonary fibrosis,244.06658649281596,245.57396146497146,290.650193050193,339.74965167651686
d870570354a036a5532ade79579261b9,Aortic enlargement,185.52232419773398,119.45563948576743,254.76822583707826,181.13796289917727
3fe3f892de3a3927f933a3d2b20f4ff0,Nodule/Mass,134.69463644625264,87.59819892428548,194.69702432013554,136.56659063881006
3fe3f892de3a3927f933a3d2b20f4ff0,Aortic enlargement,200.334832576742,121.42504846392418,265.97502870723133,162.01726791149062
4e685bcf518b823638340e2cb20fbad8,Pulmonary fibrosis,41.661560075751844,70.7606619216333,162.79326739282502,137.80828096925234
4e685bcf518b823638340e2cb20fbad8,Pulmonary fibrosis,230.22741373428843,73.53122469219608,343.24204788062985,157.7563329173043
4e685bcf518b823638340e2cb20fbad8,Pleural thickening,60.393267392825024,43.60914677011815,127.20302349038599,62.44897360994499
4e685bcf518b823638340e2cb20fbad8,Pulmonary fibrosis,290.1688771489225,217.60048876146013,315.7688771489225,263.03771819868956
f1c8c1427d797062d35457c3d54bce52,Nodule/Mass,130.90601486995072,149.86080476362253,174.0520234413591,185.59585186276541
f1c8c1427d797062d35457c3d54bce52,Nodule/Mass,81.43354223891185,131.53001699386743,106.76687557224518,144.86335032720078
f1c8c1427d797062d35457c3d54bce52,Nodule/Mass,276.1002089055785,133.13001699386743,304.76687557224517,145.3966836605341
d313fbe8aadc6ef9909be6f80f655f8e,Cardiomegaly,142.90864404955207,190.4455364414123,315.73880585763686,267.21869590182934
d313fbe8aadc6ef9909be6f80f655f8e,ILD,279.81343514472036,107.73412155311769,300.20351041421344,125.12472673475912
40fb4c33b5cd086ae3eb5a38a6079fa2,Consolidation,81.29926462399004,171.95280309848135,150.09193566658536,235.3312361423539
137ac53870d1ad70a105130b93774949,Lung Opacity,218.58967294508804,74.54674612187858,285.58967294508807,169.5467461218786
c7629472a268558926052733d25e66cc,Cardiomegaly,136.345097540428,159.34065507771157,307.7840115675774,255.22140041932644
367d407eeafceb8dd55ee11f7e52b3d7,Calcification,229.30953602118566,37.2489262827696,302.6375879329967,95.87613349900013
367d407eeafceb8dd55ee11f7e52b3d7,Calcification,97.6872168991485,46.837488210657774,150.76568125372293,81.08235223882981
285becd123b1dd66f5ce5e51bce073a4,Atelectasis,251.20785020253754,73.53346969864552,297.5634782612651,142.96408032513244
285becd123b1dd66f5ce5e51bce073a4,Atelectasis,211.1164962058002,133.21943321966057,251.83427760873658,216.04893361617127
285becd123b1dd66f5ce5e51bce073a4,Pleural effusion,236.80001985996006,37.60008349721809,338.2812596642015,279.3891398017383
285becd123b1dd66f5ce5e51bce073a4,Mediastinal shift,202.3465125190139,47.953771046781924,235.54716504756203,119.2115030055448
cc9f70916dd600695bd5364312472249,Cardiomegaly,164.20077220077218,148.31660043134653,318.9498069498069,223.93050004524613
461047418073179170ff04527460a0c6,Aortic enlargement,198.3996035676073,115.56080333375459,253.63248027993606,171.34641687395205
461047418073179170ff04527460a0c6,Calcification,220.75576795116893,145.34923774842315,237.1941241155525,167.55516158481242
461047418073179170ff04527460a0c6,ILD,71.49549397856622,105.27025326323272,180.64617891007305,284.5424676496925
461047418073179170ff04527460a0c6,ILD,238.5091926087032,92.81327159891678,356.2078227456895,294.2914098217659
aa36be0450cf8113111df8d7f4c30859,Aortic enlargement,201.89819720207282,105.3941332165754,273.2612177737599,168.2827950953746
aa36be0450cf8113111df8d7f4c30859,Cardiomegaly,176.92114000198237,199.50411659548763,323.6613510525138,274.43528819575903
2d746a6e9c35faa63f915f17405a7620,Lung Opacity,113.87015919369688,200.29188107689413,156.77518712665778,251.2291096596024
16d21d110cfc96417f66e1fef6c7b59c,Nodule/Mass,123.28640186174432,114.21621433096043,188.47622573649966,172.03860815335426
7acd6422a97d08046db58687e5c4b2d1,Nodule/Mass,92.68836183121898,171.3510137266294,144.688361831219,242.30753546575983
7acd6422a97d08046db58687e5c4b2d1,Lung Opacity,75.54550468836185,263.87275285706414,142.4026475455047,333.4379702483685
7acd6422a97d08046db58687e5c4b2d1,Aortic enlargement,178.4026475455047,110.13362242228156,236.11693325979041,183.1771006831511
7acd6422a97d08046db58687e5c4b2d1,Calcification,201.83121897407614,113.61188329184678,220.68836183121897,128.2205789440207
614aa276d0f32f1807409cc1ce713e0e,Consolidation,47.64905198605051,182.35730600627645,149.65518297749983,227.2129289453325
fe9e6f46bf0cb223e745dc1919564bd2,Nodule/Mass,243.39043024720183,122.2025225228703,258.752801258927,136.2492026415983
fe9e6f46bf0cb223e745dc1919564bd2,Nodule/Mass,217.49386197029375,173.70701629153965,249.97430353794115,202.88089038428245
fe9e6f46bf0cb223e745dc1919564bd2,Nodule/Mass,223.1998854889345,204.68174680976037,262.7031252333706,228.4530516260693
fe9e6f46bf0cb223e745dc1919564bd2,Lung Opacity,109.07941511611922,175.14770143192203,148.14372997450602,246.82178716594441
4053e50a3f75691a16343ebf9c7d602d,Calcification,215.3413744957735,100.32883241676967,232.27365796034042,119.32883241676967
4053e50a3f75691a16343ebf9c7d602d,Nodule/Mass,113.74767370837192,207.32883241676967,129.47050835404121,223.32883241676967
37e7deb1b1895f2d2648781e426a3460,Pulmonary fibrosis,300.16483586239383,255.48682443001874,344.9348949275892,267.84970878483625
bcf3c35b0f1ad4207e6fb9f46e8705e5,Cardiomegaly,128.60095752895757,190.8857432884894,275.0329575289576,260.00574328848944
de7aa2b6adfb9db39489c019f5f3a1a1,Cardiomegaly,109.5289575289575,161.66022977497587,304.12355212355214,241.722005836752
d62af23bce04158a811760245247521f,Atelectasis,238.46335100335273,56.8550306175277,278.7438981019358,137.19986711327175
d62af23bce04158a811760245247521f,Pulmonary fibrosis,272.54689085599995,70.07633282568814,302.9122263610856,94.99340237183661
d62af23bce04158a811760245247521f,Lung Opacity,206.23891332448636,9.054938018793903,292.9970147675883,53.80396087718301
d62af23bce04158a811760245247521f,Mediastinal shift,185.7887894128981,26.34433321408057,224.82993506229394,90.4167977613195
d62af23bce04158a811760245247521f,Pleural thickening,237.22394955416559,32.95498431816081,297.9546205643369,53.803960877183
ef80aa87c223632f7522be728bd62e2e,Cardiomegaly,148.88799463504498,208.65004103341857,298.14826860764776,280.14228362862303
4e1b57f8ff96232f8a73eca0e5d87475,Pulmonary fibrosis,44.57513336394104,271.36264298224194,101.81384598618358,285.0791722366533
4e1b57f8ff96232f8a73eca0e5d87475,ILD,324.4595626101614,290.53883174724837,359.57355349410466,300.6236277299248
27660605ca5cdffc3a99e9f2f167b1ff,No finding,,,,
870de757427d966a02d162ae502f6563,Cardiomegaly,148.2361223833051,132.11699663891756,284.7361223833051,214.11699663891756
870de757427d966a02d162ae502f6563,Pleural effusion,271.2361223833051,149.11699663891756,329.7361223833051,203.11699663891756
163c884cba35d5d5ca50b7b8ea36a1fa,Pleural effusion,297.6320881567077,227.63706375180985,371.8164554118001,262.4787625935087
163c884cba35d5d5ca50b7b8ea36a1fa,Pleural effusion,18.634359132120988,220.9652490799952,76.6916900274107,264.70270081744695
163c884cba35d5d5ca50b7b8ea36a1fa,Atelectasis,282.27355193495185,206.54010520242204,350.37715404455366,231.50504026547762
163c884cba35d5d5ca50b7b8ea36a1fa,Cardiomegaly,125.54295386990763,184.27940955958977,304.30750176605807,263.2917552386021
01431a2618c0ace741e4e270a37e20b9,Cardiomegaly,184.58687258687252,180.93436104910717,339.33590733590734,248.3938205085666
852323f1b1d59921ce43fbb0ce7778ef,Lung Opacity,82.79390578104217,170.81234769026932,120.93089208241204,210.3497242770112
5a4adb39fcdcf0851d445970acfa17e7,Pleural thickening,271.5048754559488,52.812916909819194,305.23307938114635,79.447317944943
5a4adb39fcdcf0851d445970acfa17e7,Pulmonary fibrosis,247.13352810354797,56.29453796016219,299.57544517433905,93.89604530386634
5a4adb39fcdcf0851d445970acfa17e7,Pleural thickening,78.45929264465349,36.342032473468535,146.3017860288553,68.12410144624776
5a4adb39fcdcf0851d445970acfa17e7,Infiltration,91.29435896058357,45.8766531653023,168.30475685616403,97.46139588265937
fee4f8011baa2854351eb2d744f0fbb1,Pneumothorax,210.33080588178188,40.43860906189367,324.2953373135604,124.03337664262973
931dc77300612101a84eff6070ca270a,Nodule/Mass,107.5364222104551,115.52237936515859,136.00136270020752,139.47304285260057
931dc77300612101a84eff6070ca270a,Nodule/Mass,65.60419804813166,129.1364407159151,97.7420340849489,170.7349615098933
931dc77300612101a84eff6070ca270a,Pulmonary fibrosis,237.00599024449025,113.75759363450497,303.1181100916572,171.74341049883827
931dc77300612101a84eff6070ca270a,Pulmonary fibrosis,94.65713087931758,84.11282343245259,131.27172019535317,103.71634685187024
a76af416c19ccdcd6b4c0ad86b08340b,Pulmonary fibrosis,72.66512144508118,54.87332202079745,132.28080283428125,106.92384561061577
a76af416c19ccdcd6b4c0ad86b08340b,Pulmonary fibrosis,248.88667747012164,90.59611074096537,320.43010844314756,173.2961553510104
a76af416c19ccdcd6b4c0ad86b08340b,Nodule/Mass,62.40606731498391,148.00869333700618,87.83757346359054,165.29532682833008
a76af416c19ccdcd6b4c0ad86b08340b,Pulmonary fibrosis,72.57866977442659,110.51960865702675,114.03202479665538,131.7634233090151
a76af416c19ccdcd6b4c0ad86b08340b,Pleural thickening,237.54987772783474,49.890220120285875,268.5657070129031,61.68334694320394
82cb7ac2b8ad46f2be437a640d6744f5,Cardiomegaly,124.22049077283796,219.87092867477304,326.6723585575284,288.777349352311
82cb7ac2b8ad46f2be437a640d6744f5,Pleural effusion,333.2030639699378,255.73300635081506,380.1619457448813,309.5261228648781
82cb7ac2b8ad46f2be437a640d6744f5,Atelectasis,305.5253124602028,232.42265586138774,358.3929277035169,250.3536946994088
82cb7ac2b8ad46f2be437a640d6744f5,Aortic enlargement,205.38782946992583,131.24036527541196,283.4453084468188,202.96452062749606
82cb7ac2b8ad46f2be437a640d6744f5,Atelectasis,68.86498775336806,166.59012755608197,136.0379577095787,187.59505876633517
43a5c26c8ab3300f0848b4b1ebb197f6,Nodule/Mass,327.59470663551923,212.93480822431155,347.8724208841385,229.06999204743036
43a5c26c8ab3300f0848b4b1ebb197f6,Pleural thickening,127.05859979694446,48.84074050190986,160.74131423538853,58.928051275130485
43a5c26c8ab3300f0848b4b1ebb197f6,Pleural thickening,265.2053917115055,45.43753466296314,301.80676961783325,60.571054905535476
92e71098a8b0f7e30097a649588a26de,Aortic enlargement,184.79671890576307,134.09088224747052,248.3408972794428,203.9786625446761
92e71098a8b0f7e30097a649588a26de,Cardiomegaly,122.58330866556364,244.1095363872121,293.25432178439956,312.6323209754878
92e71098a8b0f7e30097a649588a26de,Calcification,139.21791033406623,190.87470373895002,159.51212436963928,206.70865396253566
92e71098a8b0f7e30097a649588a26de,Pleural thickening,41.18871591147186,234.21980423224596,58.06322385363803,269.5392252094963
a34f54c73ecd89db6155fab8cec6b999,Cardiomegaly,152.40137256527143,162.22484272203945,309.81813841690837,221.6437900904605
a34f54c73ecd89db6155fab8cec6b999,Aortic enlargement,193.46661583091586,77.34063219572367,252.62012101118938,123.82484272203945
88555f70eddbd1b7f5153f78c180a3f3,Nodule/Mass,77.38223866585146,136.01942408286027,136.0701945980712,216.91164375704668
88555f70eddbd1b7f5153f78c180a3f3,Nodule/Mass,77.08732431443329,97.63813066387692,117.49059045872525,134.07606745405099
88555f70eddbd1b7f5153f78c180a3f3,ILD,40.2944342601632,92.28651340216774,132.70081735198175,228.80971919157136
5a5981d693eb84fee6381d8e41a3e27d,Pleural effusion,278.23029543154735,208.2954133807334,329.5018141260705,258.0201935224608
5a5981d693eb84fee6381d8e41a3e27d,Nodule/Mass,57.103968994833195,214.02407468738397,73.71708678412,227.54371537107951
5a5981d693eb84fee6381d8e41a3e27d,Pleural thickening,94.62670055339478,63.704002000871576,155.3505104038914,83.63974334801576
d2993271d0a49d1d821db1174861629a,Consolidation,57.04974765681321,93.5090532483553,154.70465753424656,165.45852693256583
d2993271d0a49d1d821db1174861629a,Consolidation,271.9886950252343,200.62484272203946,324.4966113914924,242.6627374588816
b23600f7395ee996cea6c96faed17927,Pleural effusion,278.514065596642,200.5402302625144,346.519340224337,281.5615682060478
b23600f7395ee996cea6c96faed17927,Atelectasis,305.5973884644928,159.965314422897,340.6968850465288,193.89482778553193
b23600f7395ee996cea6c96faed17927,ILD,287.02147399778715,165.96763379216986,331.59016481327717,225.066938873532
b23600f7395ee996cea6c96faed17927,Nodule/Mass,74.0711953441798,108.6857839182226,113.30277827248814,159.3615066470814
b23600f7395ee996cea6c96faed17927,Pulmonary fibrosis,42.20434579662081,171.13808842352586,73.01104847838005,195.64576698152877
b23600f7395ee996cea6c96faed17927,Pleural thickening,91.77043726224458,63.469523073198644,145.29493186574808,73.10737419151438
70e3e8abfeb3eaae756976b397217311,Cardiomegaly,117.06643035941018,196.09302860827896,264.3997636927435,260.0930286082789
e0dd17b0230ee5b43df7413bc89a70e5,Aortic enlargement,163.9535331665514,110.17311465352418,256.39084510235887,175.27928749303035
e0dd17b0230ee5b43df7413bc89a70e5,Pleural effusion,25.297565262840298,202.4595344066106,80.75995242432475,244.17805292512912
e0dd17b0230ee5b43df7413bc89a70e5,Consolidation,88.67940540134818,182.3228749369851,143.92544891379313,206.2521269992032
e0dd17b0230ee5b43df7413bc89a70e5,Atelectasis,66.73761365833468,195.41735536663535,125.3820388623889,214.4043519896282
325fa15bdeaf8dfe6cf63a82fad30228,Pleural thickening,121.08785684248627,12.578275871538182,173.91126396016887,25.78412765095883
325fa15bdeaf8dfe6cf63a82fad30228,Pleural thickening,215.31339386321739,10.436786393794291,264.2107369383695,25.78412765095883
325fa15bdeaf8dfe6cf63a82fad30228,Consolidation,252.25943952282245,73.80406905404556,296.0006692111058,113.0753920588546
325fa15bdeaf8dfe6cf63a82fad30228,Cardiomegaly,147.73587945449006,146.20669261001808,282.5827285637587,222.7116396556847
a34f741d1e299b6f7d45ef8abe29dac6,Lung Opacity,104.38704586878349,170.82140976835498,164.25842960192094,248.46753164847587
a34f741d1e299b6f7d45ef8abe29dac6,Pleural effusion,308.20452240712376,203.34883920462184,369.98669498280816,247.9428956898264
a34f741d1e299b6f7d45ef8abe29dac6,ILD,46.694311199302334,80.51613712145068,170.2586563506711,247.87500793063015
a34f741d1e299b6f7d45ef8abe29dac6,Pleural effusion,8.847603741436465,240.07335631008442,64.26048017529773,289.3891364231342
9caf4ff7e331b48dc117b64a33e6e3ce,Infiltration,134.41388940227273,41.656256298706836,183.91388940227273,82.15625629870684
e78d3dafa3d35c1ef2beaed26f884b84,ILD,67.07207895461477,88.65972148864178,149.32965196402094,284.557093049921
e78d3dafa3d35c1ef2beaed26f884b84,ILD,249.02246104824545,94.19092064897323,328.533893465417,282.8100991110865
e78d3dafa3d35c1ef2beaed26f884b84,Nodule/Mass,287.3999790949336,192.25707632738852,302.66617411903064,209.0627683287298
e78d3dafa3d35c1ef2beaed26f884b84,Nodule/Mass,97.42066323950502,260.27070042693464,115.65528507384303,274.3083960986432
e78d3dafa3d35c1ef2beaed26f884b84,Atelectasis,303.0067170016899,290.36544579825704,341.00947820245705,306.69718162694636
12202997d3fc0d506d2514a4c1995d15,Pleural effusion,247.05634242464535,106.35257635609429,365.96681865882766,280.0959917298763
12202997d3fc0d506d2514a4c1995d15,Mediastinal shift,160.9069157651868,104.36124781312832,200.94819857873793,161.61194342340033
c34ccf37fcb956312549d7a582f19788,Aortic enlargement,150.5523809523809,117.23428664434523,252.95238095238093,228.16761997767858
c34ccf37fcb956312549d7a582f19788,Cardiomegaly,128.0,241.57714378720237,302.32380952380953,319.59619140625
493a7af11aa1a9a1a676aba29e0c6f9d,Pleural thickening,211.455435685781,52.2849621178888,259.5925292543129,65.6227299429505
493a7af11aa1a9a1a676aba29e0c6f9d,Pleural thickening,100.50530538757936,52.778953518817026,151.87110645156156,72.53860955594548
493a7af11aa1a9a1a676aba29e0c6f9d,Pulmonary fibrosis,217.3258129502361,65.6227299429505,248.14529358862538,104.64805061627916
493a7af11aa1a9a1a676aba29e0c6f9d,Pulmonary fibrosis,99.03771107146562,78.96049776801226,151.87110645156164,119.71478834458966
e34cc55dd6e07a284333428a1998864d,Aortic enlargement,170.33840541264027,65.62738496797022,277.9681855999877,177.05507680981094
e34cc55dd6e07a284333428a1998864d,Calcification,223.16586633028328,88.40092782615667,273.52475430784943,155.09487476798833
e34cc55dd6e07a284333428a1998864d,Nodule/Mass,120.96694661110477,59.933999253423636,143.67781765981113,77.82749721342725
e34cc55dd6e07a284333428a1998864d,Nodule/Mass,79.00120662979964,116.46118599070779,101.21836309049061,133.54134313434758
e34cc55dd6e07a284333428a1998864d,Pulmonary fibrosis,92.70023726591009,113.71933498623493,126.56664282350494,138.31818281322086
e34cc55dd6e07a284333428a1998864d,Pleural thickening,45.6156326147232,196.0809062620786,56.73465683378327,236.04609242808604
e34cc55dd6e07a284333428a1998864d,Cardiomegaly,114.83067337869997,176.6550037325061,308.53607080213766,262.6842460331966
1eb469f4d7f3c627bd265a57dbbf91b4,Cardiomegaly,147.94338715776254,165.08529084571134,353.58828905809196,249.56524897475424
1eb469f4d7f3c627bd265a57dbbf91b4,ILD,72.45348646017324,78.8900036176016,146.90214714814059,202.39369875041558
1eb469f4d7f3c627bd265a57dbbf91b4,ILD,271.85094830277114,91.32613958583633,347.34084900036044,200.6783696513487
8b0d1968a2f5c7d6f4fd31b9b6fa37d0,Aortic enlargement,155.00530329903634,146.0893676302022,261.72796630030035,237.6082155256695
8a03b8aacb12ad5740f7d6d236631937,Cardiomegaly,124.09951544354371,229.93448506965862,308.9551304709259,298.4065139012298
8a03b8aacb12ad5740f7d6d236631937,Calcification,208.98219581326,105.4398871940747,238.53394379382792,140.52472841355743
5da88679ea6837b341bb17cf40877cea,Aortic enlargement,130.95579144422163,113.76626494685038,246.63397523658043,217.1437911570058
8d53f1f5d327b1e1642bdb63d697c4fe,Pulmonary fibrosis,61.803235246599975,146.26759417994475,151.34997246066024,209.7565522104167
8d53f1f5d327b1e1642bdb63d697c4fe,Nodule/Mass,73.05400880988023,118.96112288600106,98.83144790204291,133.85574318791214
8d53f1f5d327b1e1642bdb63d697c4fe,ILD,240.42645282054363,128.02434785549042,311.50073858208924,264.49674882532395
8d53f1f5d327b1e1642bdb63d697c4fe,Pulmonary fibrosis,244.59818951883977,227.98322383138722,286.4327886105212,256.9403369028714
daac34be8b6ca54b0ab1be81733c0d34,Pleural effusion,230.86921702760066,211.19827230025453,306.19471734378317,327.7996971799387
daac34be8b6ca54b0ab1be81733c0d34,Consolidation,219.23357063729605,175.43396971110778,274.9621928224392,233.7346821509498
daac34be8b6ca54b0ab1be81733c0d34,Pneumothorax,14.132407965521793,249.05795702390682,100.0980418151114,307.4967713299488
daac34be8b6ca54b0ab1be81733c0d34,Pleural effusion,28.831195100425703,301.0827551256272,114.35141115804852,350.6132135923337
daac34be8b6ca54b0ab1be81733c0d34,Atelectasis,23.04076380485749,251.19596242534732,54.66542703449924,293.5997362205852
daac34be8b6ca54b0ab1be81733c0d34,Pulmonary fibrosis,45.75707119516361,184.91779498068973,108.56097986248031,253.69030206036132
daac34be8b6ca54b0ab1be81733c0d34,Pulmonary fibrosis,206.10747630320614,72.67251140505985,254.6580156275857,107.94960052882924
daac34be8b6ca54b0ab1be81733c0d34,Pulmonary fibrosis,80.05424117660601,69.10916906932562,133.949794004587,140.01968155043778
daac34be8b6ca54b0ab1be81733c0d34,Pleural thickening,85.39925468020743,48.44178352206682,140.18564309212195,57.70647359497595
daac34be8b6ca54b0ab1be81733c0d34,Pleural thickening,195.86286708797005,60.55714746356339,251.54009108381814,67.68383213503195
daac34be8b6ca54b0ab1be81733c0d34,Calcification,186.95451124863433,121.49030140461952,211.8979075987743,145.36469505403917
c1922c6a2b899ac35298bf939bffff8c,Calcification,182.64547455057138,43.6131848473462,209.03547494020913,124.00658523889618
3cdcf9e3f1b8d011d20f4c1c779851ee,Other lesion,129.79061198609756,207.7033668019491,286.19093055833054,291.1095482131727
26ec05d5a77e04dac78841fcab729d17,Cardiomegaly,127.81508788055216,179.7693881639061,298.3940043271682,239.68003198905905
26ec05d5a77e04dac78841fcab729d17,Lung Opacity,126.09765201671482,38.27581996578265,160.42482215105423,146.25037329743185
26ec05d5a77e04dac78841fcab729d17,Pleural thickening,48.86151921445123,122.84548456947333,74.99697829400507,198.05319368198047
36b6d2736b8b2ec5e60686e06a7199f8,Cardiomegaly,130.08056045152864,178.87227754186225,288.74722711819527,247.67227754186223
af42eedb38176dadaa09bfccbe65e16a,No finding,,,,
9ab7362cc2e62924da202b728de69a59,Cardiomegaly,144.1195245969569,201.6911178058639,312.1528911057497,284.71814483289097
9ab7362cc2e62924da202b728de69a59,Consolidation,83.59137644594013,197.24324135798747,151.3467661672275,226.89575101049712
9ab7362cc2e62924da202b728de69a59,Lung Opacity,59.19943614627667,176.4864846012307,122.4377998861449,189.83011394486005
9ab7362cc2e62924da202b728de69a59,Atelectasis,78.1709452682371,215.77605989080604,162.1876285226335,233.5675656823118
7bf93eba889e845d016704b49103f283,Lung Opacity,52.59074379944763,171.0213940547124,97.0057945692823,210.350662507641
ccc7e89355254a0334fdd9b4c61d8402,Pleural thickening,219.02326509252435,15.557540986275828,279.47441173558036,32.48052487255009
ccc7e89355254a0334fdd9b4c61d8402,ILD,27.627682873523742,106.84272055090698,164.3505092284666,287.512897701872
ccc7e89355254a0334fdd9b4c61d8402,ILD,233.83760521824323,121.40249917989468,348.73122223951975,287.8387598031241
fb9b085e1317914e23c85afd77a1bb5d,No finding,,,,
45dbcf1210bda737de385640e0635deb,Aortic enlargement,186.81081081081084,114.21621433096044,240.926640926641,155.72972784447396
45dbcf1210bda737de385640e0635deb,Cardiomegaly,150.4864864864865,177.22779734254345,311.3513513513514,256.54826066300683
d32de0af32631052017592ebaaa11ce6,Pleural thickening,240.46710625981515,41.78016563547556,323.8944836705777,76.91816429642286
d32de0af32631052017592ebaaa11ce6,Other lesion,255.57325464852948,178.7852226888249,331.04875425069343,254.1221117978923
d32de0af32631052017592ebaaa11ce6,Lung Opacity,262.3322546129024,93.74235400128869,320.64508910743524,197.2948169528026
d32de0af32631052017592ebaaa11ce6,Pleural effusion,311.12051357396354,192.2376385516608,358.74339124132234,226.718400377628
d32de0af32631052017592ebaaa11ce6,Consolidation,306.53131715941083,108.78421617177402,332.410741237018,207.86891724609922
ce6c330473a770c0ebaf622d7205d24f,Nodule/Mass,78.36955386999428,151.8723755339508,122.20261626756648,173.8096450904441
ce6c330473a770c0ebaf622d7205d24f,Nodule/Mass,90.5762294743815,182.49314762322265,132.18989630751966,221.7974222452731
ce6c330473a770c0ebaf622d7205d24f,Lung Opacity,123.31231404978355,205.80149652699677,182.68114539839397,252.41819433454495
b6c2c6dd309938a3e4f695269871fce9,Nodule/Mass,100.452935084376,77.9198414463165,148.1515141555867,114.66242343367867
b6c2c6dd309938a3e4f695269871fce9,Nodule/Mass,102.66120263396908,127.75878929056022,163.60938700273837,180.14425271808645
b6c2c6dd309938a3e4f695269871fce9,Pulmonary fibrosis,86.32002276698022,69.18893087506213,116.79411495136486,98.65575405304564
b6c2c6dd309938a3e4f695269871fce9,Cardiomegaly,137.6297945170611,155.59791561072797,299.38321917459535,232.50623719041766
a3a1502e8a9916bfc472b71538e7714f,Aortic enlargement,124.24461027871254,154.24710236184848,250.72133775844907,237.2741293888755
15ebe1d755c0b7598be716ef950308d4,Aortic enlargement,182.32147180846604,41.88312021814387,280.93022769332237,199.1446415028836
15ebe1d755c0b7598be716ef950308d4,Calcification,195.79530795388027,49.51322630049057,236.21681639012286,66.85437648764214
76b629665472409971a994e1700d2407,Cardiomegaly,115.45866227974659,199.57456924950546,289.9121005924429,255.71117867878493
76b629665472409971a994e1700d2407,Aortic enlargement,186.80605282926587,105.70507164631121,245.74109009905328,156.49101481748505
e111eca0927c8bf0f0201915d6f37c6d,Aortic enlargement,210.60187171963938,89.49117762381441,264.2352813296166,148.4547626588115
e111eca0927c8bf0f0201915d6f37c6d,Calcification,243.45233510575048,112.7662769797343,258.2015227484942,127.97267522560198
e111eca0927c8bf0f0201915d6f37c6d,Calcification,241.44108224537632,90.73251625613014,249.48609368687292,98.1805480500245
e111eca0927c8bf0f0201915d6f37c6d,Rib fracture,296.415327095603,152.17877855575867,315.8574380792197,174.21253927936283
e111eca0927c8bf0f0201915d6f37c6d,Rib fracture,299.76741519622664,126.11066727712839,314.51660283897036,144.7307467618643
4988a69766a1c59921d0b747dab42457,Consolidation,217.18620849779433,77.42542434951007,344.5987926631066,284.06949214612024
4988a69766a1c59921d0b747dab42457,Consolidation,20.141165544462513,80.27288197662871,152.98606918969125,269.83220401052705
5280b2f1ea5c084e2bd8f2fe9447ab84,Pulmonary fibrosis,102.74315837558629,100.05630258443514,128.74125057181504,120.71677816436193
5280b2f1ea5c084e2bd8f2fe9447ab84,Pulmonary fibrosis,121.23475916304477,61.14825368209125,160.04881230107637,96.58775558926494
5280b2f1ea5c084e2bd8f2fe9447ab84,Atelectasis,115.16215898186384,34.375282459890485,186.24460301774172,98.89246810606667
5280b2f1ea5c084e2bd8f2fe9447ab84,Pleural thickening,103.47549900083216,34.60632884948457,147.96519198451938,65.52163902382759
5280b2f1ea5c084e2bd8f2fe9447ab84,Pleural thickening,239.66962464980293,31.951226351797047,292.1891374406427,48.733153253981634
5280b2f1ea5c084e2bd8f2fe9447ab84,Pulmonary fibrosis,236.72672091583345,44.63090445566984,277.24824156049004,92.73909490859899
7af230c8f8329e6f69996ab7ebfc97aa,Pleural thickening,339.56422193079635,290.39154906923864,360.8880126507287,321.38398400037266
7af230c8f8329e6f69996ab7ebfc97aa,Pleural thickening,23.383876773178773,299.37066573152987,42.869409672427295,315.30135658398194
7af230c8f8329e6f69996ab7ebfc97aa,Aortic enlargement,197.28306660986846,96.61641851850344,269.3427731806743,206.10371201353772
874ac8cb7b030ee4356d0b1bf54f3bd6,Consolidation,106.68248093178715,66.9143553231909,156.0670995177458,112.69223210230987
5aa416acbc31207ebc35faed872c8e3d,No finding,,,,
1c0edcab874f51772ec86ac6405a0a69,Pulmonary fibrosis,29.118661735540623,301.5336532151464,45.34564964864172,328.41245878597687
bbded36443480f20efc2a93c6c353369,Pleural effusion,18.630348639738926,47.73050909527276,184.46218907129293,266.9847463834083
bbded36443480f20efc2a93c6c353369,Pleural effusion,213.77589823848686,188.8830514681541,359.9256768006392,266.57796672239135
bbded36443480f20efc2a93c6c353369,Atelectasis,50.03789417601811,63.18813621391684,175.24930904731775,247.45932265459479
bbded36443480f20efc2a93c6c353369,Atelectasis,224.24508008391322,189.28983112917106,344.8500549432253,245.01864468849308
bbded36443480f20efc2a93c6c353369,Mediastinal shift,140.49162532050212,47.730509095272765,215.8697346075721,156.34067858679813
bbded36443480f20efc2a93c6c353369,Cardiomegaly,106.99024341513768,178.30678028171343,308.8360693949585,245.42542434951002
bbded36443480f20efc2a93c6c353369,Pulmonary fibrosis,58.41323965235921,188.0694921461202,83.95804335519964,230.3745768918829
82913cf4e449decbc5195cffc2422b4d,Pleural effusion,173.22452956330235,222.9808407365305,292.58914817179743,245.6678524806937
82913cf4e449decbc5195cffc2422b4d,Pleural thickening,255.65466416236103,225.2273305643095,287.58885501014925,242.07771211803603
1deeb557e49b03764d434bad3c7bdd35,Pleural effusion,68.3359050166999,202.6872583089102,175.53642724384102,266.08188674397144
1deeb557e49b03764d434bad3c7bdd35,Pulmonary fibrosis,108.76068295151568,113.73820600855292,121.037837731719,124.0582618003071
1deeb557e49b03764d434bad3c7bdd35,Pleural effusion,111.15622534765289,82.77803863329046,183.02249723176982,107.10388442813954
1deeb557e49b03764d434bad3c7bdd35,Atelectasis,73.12698980897434,98.25812232092171,180.92639763514973,228.97882901647435
5e74d323e655e680438e743b868d47b8,Nodule/Mass,72.9410383024156,102.6457633325609,102.45978913652743,118.91694977323887
92e85f2d1d6ad5ebe0385ebb1a7868c2,Aortic enlargement,192.40677966101697,77.42542434951005,238.37288135593215,127.86610231561176
92e85f2d1d6ad5ebe0385ebb1a7868c2,Cardiomegaly,153.7627118644068,167.32372943425582,311.1864406779661,216.1372887562897
92e85f2d1d6ad5ebe0385ebb1a7868c2,Lung Opacity,307.87307989735604,204.51887264925648,325.8948314016163,218.66252572854935
92e85f2d1d6ad5ebe0385ebb1a7868c2,Lung Opacity,88.90505356944527,200.28128580430874,94.20771741868492,205.30486208253586
12e58d45f46e91b639072bd5a86bea3e,Pleural thickening,222.22626149492638,61.24321761523366,271.4466004779772,74.66694642879295
12e58d45f46e91b639072bd5a86bea3e,Pleural thickening,287.31100725763815,290.6669464287927,300.3279564101805,304.904234564386
12e58d45f46e91b639072bd5a86bea3e,Pulmonary fibrosis,94.38574327922514,156.74031034594788,129.29974186386906,179.47500709873924
12e58d45f46e91b639072bd5a86bea3e,Nodule/Mass,266.31688747221,171.1524841803067,273.4214802074573,179.47500709873927
12e58d45f46e91b639072bd5a86bea3e,Nodule/Mass,281.9469914897541,211.9531453170127,290.47250277205086,219.05773805226
12e58d45f46e91b639072bd5a86bea3e,Pulmonary fibrosis,282.3529682174825,179.47500709873927,302.245827876175,195.9170645717402
12e58d45f46e91b639072bd5a86bea3e,Pulmonary fibrosis,269.3617129301731,220.27566823544524,297.9830722350266,278.1273519367448
12e58d45f46e91b639072bd5a86bea3e,ILD,261.64815510333324,193.4812042053697,280.72906130656884,207.08142458427167
12e58d45f46e91b639072bd5a86bea3e,Lung Opacity,227.3691230135843,213.1842673897644,269.02839778168476,276.8660662643496
01ded16689539deb30d0981fafd18465,Nodule/Mass,67.31090038183876,90.44269734031445,127.37109344002285,140.70444361239367
01ded16689539deb30d0981fafd18465,Nodule/Mass,40.45769670952016,193.11805098582747,58.964634375577575,205.5974813128355
01ded16689539deb30d0981fafd18465,Nodule/Mass,56.797245077780545,153.29070563501978,75.66706387454498,168.5780077856046
01ded16689539deb30d0981fafd18465,Nodule/Mass,74.56852299597892,240.2279004702828,84.00343239436116,249.89945897371405
01ded16689539deb30d0981fafd18465,Nodule/Mass,232.42181485352748,59.90013224501659,320.60192961533045,151.31195939035052
01ded16689539deb30d0981fafd18465,Nodule/Mass,52.92115684324716,257.02779613671856,58.4094534513428,262.56695582576157
01ded16689539deb30d0981fafd18465,Pulmonary fibrosis,30.252105635895603,109.31687109557205,64.13637165109478,127.57558266315823
01ded16689539deb30d0981fafd18465,Pulmonary fibrosis,92.05509787488567,69.51698295948538,113.05379794064291,83.67261327592858
1ca15cd9835324d8a30bd20544a9cab8,ILD,271.9405245626075,181.7546262097445,357.88573542564524,305.7829892277243
1ca15cd9835324d8a30bd20544a9cab8,ILD,305.23461525729783,80.42641451335787,340.85154948882695,116.28607384746873
1ca15cd9835324d8a30bd20544a9cab8,ILD,49.7218262050234,36.0130749711105,169.34826835222455,175.5038599037986
1ca15cd9835324d8a30bd20544a9cab8,Aortic enlargement,204.39009579490713,93.47547087071352,265.5543410491943,141.04735186288087
309ea022e7179851582a662b97ca9ce4,Consolidation,39.4214991762309,92.88305146815415,163.3568609240771,241.35740706046036
309ea022e7179851582a662b97ca9ce4,Atelectasis,34.0981155942017,94.70865928057881,161.8593215629029,331.9775634958688
309ea022e7179851582a662b97ca9ce4,Cardiomegaly,135.83389071742675,226.25404765455895,320.3778548944396,310.05333210020547
309ea022e7179851582a662b97ca9ce4,Aortic enlargement,183.74434295568972,112.73524953923537,244.66751061669075,163.89178946244985
e9205f3a0c23ba8b256cb5e52d14985b,Pulmonary fibrosis,148.5414441606687,53.018644688493126,184.0984443928489,151.86610231561176
e9205f3a0c23ba8b256cb5e52d14985b,Consolidation,275.46018110053404,105.08644129866262,313.9802646853959,146.57796672239144
e9205f3a0c23ba8b256cb5e52d14985b,Aortic enlargement,208.29695843974926,102.23898367154398,263.6078476898073,149.0186446884931
6f681094d26fc24ffac5f0dcbb12c5e4,Aortic enlargement,202.5762711864407,94.91694977323887,255.05084745762713,145.7644074003575
6f681094d26fc24ffac5f0dcbb12c5e4,Pleural thickening,64.27118644067797,282.4423735020525,85.01694915254238,304.40847519696763
3b74377f53c13dcfcb252294fbc70dde,Cardiomegaly,154.98305084745766,164.47627180713718,303.0508474576271,227.12033960374734
ae0a37c6a0d67c39df4d50a8c682fc1d,Consolidation,233.32625116775657,173.28898671227964,331.14914975574214,283.2559328240863
ae0a37c6a0d67c39df4d50a8c682fc1d,Lung cavity,287.44396103029493,176.67966163764564,318.43864940611235,212.0694921461202
7e5b17cc5c955fc4f8e9a626ab69295e,Pleural effusion,207.31234866828092,43.66271248510329,352.77966101694915,302.7813565528999
7e5b17cc5c955fc4f8e9a626ab69295e,Mediastinal shift,136.6053268765133,34.71355994273043,203.2590799031477,158.37457689188298
dce261d70de131c9bad1229edcca61bf,Aortic enlargement,190.86437193881264,74.95651426373985,258.3040769887608,136.46858797896803
dce261d70de131c9bad1229edcca61bf,Pulmonary fibrosis,264.3789335507103,36.71927925157098,329.8695141772496,83.26895665768961
dce261d70de131c9bad1229edcca61bf,Pulmonary fibrosis,121.70302575717824,32.72930690247511,152.88901653172076,94.90637600921927
dce261d70de131c9bad1229edcca61bf,Nodule/Mass,67.12754190172882,82.60396126617361,98.70335756095312,119.84370319106851
dce261d70de131c9bad1229edcca61bf,Pulmonary fibrosis,92.97878428740667,44.35586052842377,105.844742635525,58.225657947003945
f0c45aa5f538374004270660dd339e0c,Calcification,195.87482236411697,123.16695760529107,209.9917675429098,128.98957541699053
f0c45aa5f538374004270660dd339e0c,Calcification,209.37798731774487,142.48746216229392,219.19847092038336,151.75071777181586
f0c45aa5f538374004270660dd339e0c,Cardiomegaly,147.3861845760895,204.41894252309768,309.7310541322068,245.70659609696693
f0c45aa5f538374004270660dd339e0c,Atelectasis,302.36569143022797,216.06417814649674,330.90647190039607,224.26877597207329
ba069b56d87a5ff7be250ed5abebcc07,Rib fracture,71.16867112809071,91.3983783838102,85.86650941604174,107.84487116227422
ba069b56d87a5ff7be250ed5abebcc07,Rib fracture,61.510091681722876,128.49046847992057,74.52817702247951,144.76199856925197
ba069b56d87a5ff7be250ed5abebcc07,Rib fracture,56.680801958538964,161.73337941511377,69.90885641769488,175.03054378919106
ba069b56d87a5ff7be250ed5abebcc07,Rib fracture,54.79107989294524,193.92651421551142,68.43907258889978,210.02308161571025
ba069b56d87a5ff7be250ed5abebcc07,Other lesion,16.945074214225915,79.67525850623699,124.22576579518197,132.19784587365436
2988971976e06066ddc6934ec6f29aa3,Calcification,203.4170009950278,147.76470941883713,224.5142438375057,164.61359141011255
2988971976e06066ddc6934ec6f29aa3,Pulmonary fibrosis,51.57237158929875,218.58266653841653,81.27506874910314,226.74384375294053
2634fcd5139b26569a4d3ad23ee1beb9,Pulmonary fibrosis,33.11732204597836,118.44979715334269,84.89537526199373,139.24076091169533
2634fcd5139b26569a4d3ad23ee1beb9,Emphysema,201.54478250726973,37.76105685306924,346.76139152689916,354.08071974800623
2634fcd5139b26569a4d3ad23ee1beb9,Emphysema,31.33187193508128,36.77101095981437,162.26488006753397,353.5856968013788
3ef5a2d445ede454793f144d462faaab,Nodule/Mass,96.44752901846937,236.6048383123225,156.05868617360912,289.113389508552
3ef5a2d445ede454793f144d462faaab,Infiltration,79.64225599069059,280.2351320599141,148.44875121763383,299.00630495132
3c2cf7dee8ad4b5b2921c65cc2524ce6,Cardiomegaly,160.6906311427656,174.790716078643,309.90631555922306,230.3128312103481
57f397ca3063fa50ecf48b1929e9afba,Calcification,224.12182188721886,104.72247509839912,241.56479507550722,123.70042992725688
57f397ca3063fa50ecf48b1929e9afba,Aortic enlargement,181.21210784402948,101.09433667523514,246.44882756822795,153.84188759661916
57f397ca3063fa50ecf48b1929e9afba,Cardiomegaly,129.23204774293015,199.8913368137005,293.1959957128408,250.9643623090088
f8d52e02d30cc651cf9f0dd9faf5970d,Cardiomegaly,149.0031630526358,230.0861995606589,325.26228076024324,312.70534178718265
63766e86c0ffb84139f35b8809380326,Aortic enlargement,162.07970161419217,121.96568538393429,222.38648233162945,179.2394935038864
2790d36fa3cd4d3fa05229d1c693d499,Calcification,210.62637273156,127.69436883613763,233.24429281154804,154.3406238884261
2790d36fa3cd4d3fa05229d1c693d499,Pleural thickening,217.08863561155655,67.19426515184341,264.4785633981982,78.7700972647228
2790d36fa3cd4d3fa05229d1c693d499,Pleural thickening,101.8449475849507,68.72314863845013,149.50413632492555,80.51739267798763
225792d8531c9bee52c674cc975f689d,Nodule/Mass,291.8535093096957,99.42291168672125,326.5338005960791,119.5895941340959
225792d8531c9bee52c674cc975f689d,Nodule/Mass,80.17874658577041,117.5027278896633,94.20277922581049,129.40493245810725
225792d8531c9bee52c674cc975f689d,Pulmonary fibrosis,259.7810925705887,62.491310585584266,293.93070413055864,98.33501266877253
5a29c1b605b7a41733a9bbecdd70de2b,Aortic enlargement,185.9659870096931,88.84484514969166,255.40681476323968,164.8491717172072
5a29c1b605b7a41733a9bbecdd70de2b,Calcification,215.58045766929385,91.29659761961153,244.68433400717734,132.4860391142651
5a29c1b605b7a41733a9bbecdd70de2b,ILD,48.61611446775166,70.21152637830076,145.11844127231277,223.2008805012999
5a29c1b605b7a41733a9bbecdd70de2b,ILD,248.25849425919816,78.54748477602828,331.48536869911067,254.09296162228995
bedde2f4c9096f6ebc1dc23508b05b6f,Cardiomegaly,144.9438355177704,190.14278725457132,322.1271739130915,246.3479673154333
bedde2f4c9096f6ebc1dc23508b05b6f,Calcification,212.55976131208513,118.75810600938888,225.88552770950477,138.45043187012888
bedde2f4c9096f6ebc1dc23508b05b6f,ILD,54.840951453786886,181.89454037446495,99.1244708241988,207.1672904274285
1ac0078bcb5550b9dc4f0dbfade6eb4d,Calcification,206.40616203791612,127.78069836314714,226.65837493320848,147.68161832696694
1ac0078bcb5550b9dc4f0dbfade6eb4d,Aortic enlargement,157.97356196441578,111.27047431561088,228.32369252054067,170.81974116051725
1ac0078bcb5550b9dc4f0dbfade6eb4d,Other lesion,155.15864342888133,59.2191147352819,212.37240147490675,143.9679813548559
0cbb68610a123b21defa9410699b0bb5,Nodule/Mass,240.90709095787838,75.77507728958565,267.3433396407024,103.0010743353759
724c7003e9c18c07c5f925edd825ef02,Pulmonary fibrosis,308.59320168835137,256.24400804182983,365.5962107154326,268.8859833504718
724c7003e9c18c07c5f925edd825ef02,ILD,283.1729409060043,210.7328969307187,366.366521648231,272.6785759430644
456a10d48cab2f63322322daa2c40fde,Rib fracture,280.57924148913116,142.7072848947104,304.63343492397735,200.72033964933942
456a10d48cab2f63322322daa2c40fde,Pulmonary fibrosis,284.1690508978553,212.70990195635756,307.7641621698966,230.70915770100612
456a10d48cab2f63322322daa2c40fde,Pleural thickening,311.2641621698966,210.20915770100612,331.7641621698966,242.70915770100612
c278a13ede5fb3772438420b1fb6855e,Calcification,236.24803993876975,96.32224218028873,262.54940980178344,124.48585289961171
c278a13ede5fb3772438420b1fb6855e,Consolidation,137.6179029524684,132.06836347789098,185.6179029524684,198.14452708861032
f631a7b16aa5a67caf2cbe807c068191,Atelectasis,113.31752277675825,98.70900351734085,160.10549872866207,140.03148139344705
abc7ffa4653f0f7ce023294743b7822d,Lung Opacity,238.42723389810666,135.9306807242563,274.5450867068547,187.99336841190157
c74edc445d2186be8ad8cb8e57787e3e,Pulmonary fibrosis,60.35942351503299,240.82189149135925,125.2139316230647,262.4888892192262
c74edc445d2186be8ad8cb8e57787e3e,Lung Opacity,79.86112875031525,179.18301864484107,126.12098768051969,201.97072315173568
c74edc445d2186be8ad8cb8e57787e3e,Pleural effusion,330.6621286366198,294.24224795834164,357.87381036026943,318.897797096949
c74edc445d2186be8ad8cb8e57787e3e,Lung Opacity,59.59910274128452,208.7359324948013,93.00673317423642,236.78282891339538
c74edc445d2186be8ad8cb8e57787e3e,Other lesion,52.43128848929776,204.85013822159908,147.39899508095283,303.6800630778197
c74edc445d2186be8ad8cb8e57787e3e,Other lesion,301.20035404890143,236.52150410216385,353.08514984531786,309.40380389960836
6637c08da9b3bce162e3aa689da14574,Pleural thickening,322.49608931645537,190.62523750711782,359.54629387459596,218.75909347184128
6637c08da9b3bce162e3aa689da14574,Nodule/Mass,27.252271743772834,126.25116029969976,53.3031968237154,160.10715646063818
6637c08da9b3bce162e3aa689da14574,Infiltration,35.357003990866076,124.3437802342948,127.40360593999652,203.50005294860142
6637c08da9b3bce162e3aa689da14574,Aortic enlargement,163.8749010519161,87.14986895889771,236.81749127575534,134.35752557767097
ce0b406c318471eb14c98f9acb081955,ILD,75.77295723788278,125.30683420145317,111.66093214967522,153.96497353604784
fc460aa7f3cdc18f224d1de7aa405893,Cardiomegaly,150.09276570753,157.99129199564942,313.8187931047903,230.56675038775097
fc460aa7f3cdc18f224d1de7aa405893,Other lesion,153.3006822869837,87.52895564370175,262.19876236314593,137.93822205296814
84ab46d62cc73aa48c4c219074638067,Pleural thickening,56.87670169552051,86.79010401484811,98.57805916158387,105.82356126391875
84ab46d62cc73aa48c4c219074638067,Calcification,48.768104410452636,122.47783635685555,111.32014060954766,159.59307799254327
84ab46d62cc73aa48c4c219074638067,Pulmonary fibrosis,254.10781299299512,114.31461680599544,346.96790621117015,190.60487926404994
84ab46d62cc73aa48c4c219074638067,Calcification,279.92987100018814,127.7776042985933,341.00339837576286,189.48064518652154
84ab46d62cc73aa48c4c219074638067,Pulmonary fibrosis,47.93552507259538,91.4583403538078,173.61878299114744,188.528972324068
84ab46d62cc73aa48c4c219074638067,Pleural thickening,308.5690092354913,296.54384221254384,363.5916336698805,351.2650318036219
1a215224bd3e29b6e8e691893181bd21,Other lesion,118.64634947718805,18.72310582732457,164.57601823451233,49.69282533226324
1a215224bd3e29b6e8e691893181bd21,Cardiomegaly,133.73752635459454,161.49876185009265,297.7720576307528,230.26203736105816
5f6e71dbd4bfb41dd6ba455f38b55b48,Consolidation,68.90448754562539,40.95697933176494,162.85134154241126,113.9360295800007
5f6e71dbd4bfb41dd6ba455f38b55b48,Infiltration,232.99832586001142,34.789735648815444,318.1768068170973,77.96044142946195
f3426b51acbf433d03c5f84a5d16c0d3,Pulmonary fibrosis,252.15914664715655,101.54026440602719,268.8448854583926,114.88581832307042
f3426b51acbf433d03c5f84a5d16c0d3,Nodule/Mass,273.79846416797835,83.82289110236637,292.569920330619,106.37227530702559
f3426b51acbf433d03c5f84a5d16c0d3,Pulmonary fibrosis,228.43411177493007,53.91044266761435,265.7163094312858,77.38020990103516
f3426b51acbf433d03c5f84a5d16c0d3,Pleural thickening,227.91268243707898,43.78622935123676,264.412736086658,52.990059638852756
f3426b51acbf433d03c5f84a5d16c0d3,Pleural thickening,102.69063004224866,40.51018858798251,146.2588944481274,61.10921198433137
f3426b51acbf433d03c5f84a5d16c0d3,Pulmonary fibrosis,81.77596524451013,54.96369808330798,158.41207748545034,105.52638085263729
f3426b51acbf433d03c5f84a5d16c0d3,Pulmonary fibrosis,81.03192531984081,99.94478600147754,125.67432080000015,133.43435510843594
a2aa6583a1a85602ab73d2d8328dc9a9,Nodule/Mass,56.670086021994564,96.86493740443304,140.33062073856678,165.05710977069342
a2aa6583a1a85602ab73d2d8328dc9a9,Nodule/Mass,64.47840259554131,164.14177859799196,125.82946138769427,212.19666516481973
a2aa6583a1a85602ab73d2d8328dc9a9,Pulmonary fibrosis,52.841031413797985,195.7995294864078,126.91686474804604,282.114031778283
a2aa6583a1a85602ab73d2d8328dc9a9,Pleural effusion,25.59526971784414,310.46318088726645,61.37821070570051,335.47578932477705
a2aa6583a1a85602ab73d2d8328dc9a9,Nodule/Mass,282.2746820385081,155.04017777458026,302.27611064157406,172.44158924682569
a2aa6583a1a85602ab73d2d8328dc9a9,Pulmonary fibrosis,267.4354614531713,255.8267291524819,302.4428026160162,291.8650384770699
a2aa6583a1a85602ab73d2d8328dc9a9,Pulmonary fibrosis,303.9919118799587,314.5612282149925,312.9587258048612,323.86687526835715
a2aa6583a1a85602ab73d2d8328dc9a9,ILD,221.74050284688144,98.92900966459804,285.3483865060525,193.65347058218626
2da8f014c4422d4cd59c05ff4518ae1b,Nodule/Mass,302.74470635108514,193.93101340953444,317.1440788259859,202.70780779574906
03caacd475acb947a2f11d1a0d76a971,Pleural effusion,8.225041367898507,268.40926452401067,73.5135135135135,318.81853093327703
2e585169bb0b0f7f6e4875b517f87259,Lung Opacity,66.56314898415877,145.7064343121748,115.47625081586848,176.66920417008885
2e585169bb0b0f7f6e4875b517f87259,Pleural thickening,213.679172573801,66.93597531690394,279.3624807478112,83.85082181335696
253feb1e5d47eb3543d0cd0b072df5e5,No finding,,,,
9f53cbf4bddc2669e6fc0a3c3eef2c8f,Cardiomegaly,117.80375032212396,198.60409933800642,311.4040629335902,257.46609662285096
a226a88f4b8f66c2eba7b974ab8d510d,No finding,,,,
eaaafa5beb11a12d5c7baea4dcc8e4cd,Pleural thickening,140.98124189033447,96.65654313952585,172.80861655081694,109.8916890379443
eaaafa5beb11a12d5c7baea4dcc8e4cd,Calcification,222.9733808202016,121.05502988340233,242.93172379052135,139.11257828512018
eaaafa5beb11a12d5c7baea4dcc8e4cd,Pulmonary fibrosis,245.22885856098404,96.27031806708096,274.95750665931064,132.19770555612243
eaaafa5beb11a12d5c7baea4dcc8e4cd,Other lesion,110.51254820150596,220.3324263234229,166.0776431836426,247.6217924980817
eaaafa5beb11a12d5c7baea4dcc8e4cd,ILD,110.71110515530535,124.52083793185245,170.55640466385339,220.02905061692297
eaaafa5beb11a12d5c7baea4dcc8e4cd,Atelectasis,107.2913737548169,175.81680893917934,139.2902890022446,192.426932884409
eaaafa5beb11a12d5c7baea4dcc8e4cd,Consolidation,132.53992078257855,154.8720475420962,167.38278056556715,178.82651364290086
eaaafa5beb11a12d5c7baea4dcc8e4cd,Pulmonary fibrosis,132.22464829101582,127.20286862213717,172.83370341808265,148.67432305713803
ffaa288c8abca300974f043b57d81521,Pleural effusion,263.4407053210282,197.66713091046554,339.4048392251025,276.2027800077766
ffaa288c8abca300974f043b57d81521,ILD,280.42351111704124,171.45539303312714,324.1738749583301,224.89468646489854
ffaa288c8abca300974f043b57d81521,Pleural effusion,222.15364518721137,39.44082276043163,282.6847398892897,67.58941887856675
6fb36dc586cdfd180b79f23f4cd447f0,Nodule/Mass,239.93626511856638,61.66575681385876,294.70600413622117,115.49331371987408
17566869460d2082f1436ffc837f0c2a,Aortic enlargement,156.32086992575276,131.38110972601297,195.31422136054232,185.01902301187738
17566869460d2082f1436ffc837f0c2a,Calcification,233.8790744279167,121.50044148914314,248.44801892003588,134.20415779369
212dc39b6ba6941b034c2cd92cf97a8d,Aortic enlargement,168.95234675624806,129.39947611330592,213.43631610939556,186.53836778243505
662b95447b40328a6844834af8835fd2,No finding,,,,
56beeb20098b516474d17a9c36b23c7c,Cardiomegaly,158.8660394439782,230.78044658068853,324.5618938152382,293.5703299411236
56beeb20098b516474d17a9c36b23c7c,Lung Opacity,299.8225822250848,223.22677640198958,351.6025367161035,293.0982255549549
56beeb20098b516474d17a9c36b23c7c,Lung Opacity,62.210124394076566,188.7631562116756,105.93541929760349,254.85777027529144
99732e844196448b90e50973d6ba5224,Cardiomegaly,152.5908936349779,178.90380323512971,301.24771454865214,248.05614054037653
99732e844196448b90e50973d6ba5224,Atelectasis,271.84761904761905,183.45874760852914,305.38857306992446,193.3968080595826
99732e844196448b90e50973d6ba5224,Pleural thickening,303.1971757842378,166.82716027730598,316.81841363543793,243.63580704935103
fa3640d131e70778d70164f476b828d9,Calcification,208.75062182604074,105.86264349748122,236.22788352162652,142.85472483080915
fa3640d131e70778d70164f476b828d9,Pulmonary fibrosis,106.05435623878927,166.03048663000254,141.43133067185585,206.588069778591
fa3640d131e70778d70164f476b828d9,Pleural thickening,76.17283414483984,184.30368343321274,86.8202730518793,246.2542774733643
fa3640d131e70778d70164f476b828d9,Pleural effusion,309.6996247100906,204.04544448879756,321.9929860449303,243.6066520606291
fa3640d131e70778d70164f476b828d9,Lung Opacity,156.44846663756985,43.43997098774911,184.2041053882938,121.37676457584746
fa3640d131e70778d70164f476b828d9,Pleural thickening,116.02283079348217,52.453168260983944,132.80569916903022,81.81645321980797
fa3640d131e70778d70164f476b828d9,Pleural thickening,250.47434935264806,40.95254831877796,266.31435995428893,60.038683542013594
fa3640d131e70778d70164f476b828d9,Pulmonary fibrosis,286.24014794796,187.34933257838546,310.9562147191412,201.52069865898244
1179e8bc6d3b41207a2140674c5ef1d0,Cardiomegaly,105.38420041069689,204.13947248190001,309.12936793271416,284.97441807524007
1179e8bc6d3b41207a2140674c5ef1d0,Calcification,178.11348805779673,76.777436110998,227.6313009239072,132.23396855294058
1179e8bc6d3b41207a2140674c5ef1d0,Pleural thickening,193.41456011333563,18.058315549000294,229.6737487968774,43.79632262946208
1179e8bc6d3b41207a2140674c5ef1d0,Pleural thickening,72.41005834384153,39.186530316543575,134.3879738843141,62.61964124054608
4a8a7088ed91ca054e7e0d6f36f11a61,Pleural thickening,61.141789221815074,65.32822545011832,101.78624215313249,95.31268787519687
4a8a7088ed91ca054e7e0d6f36f11a61,Pulmonary fibrosis,76.3421537327143,75.94772255900027,137.47405448306978,110.30491908773612
4a8a7088ed91ca054e7e0d6f36f11a61,Pulmonary fibrosis,257.4443431735807,91.25734456987442,318.68242871006936,135.80449751690801
4a8a7088ed91ca054e7e0d6f36f11a61,Pleural thickening,302.1721605507219,69.976857493266,337.29400372606096,116.22644940642827
16eadc24e658018c787bf7dfc30ee144,ILD,273.21490896217495,83.41013689675381,359.6127926867737,255.24402141512792
16eadc24e658018c787bf7dfc30ee144,Nodule/Mass,323.10312405932325,124.50028017326039,353.42082198134335,151.7034926526761
16eadc24e658018c787bf7dfc30ee144,Nodule/Mass,97.23039576338383,72.40337409055164,106.32049112984618,79.74403091460366
16eadc24e658018c787bf7dfc30ee144,Nodule/Mass,55.85626600488941,202.892734449574,97.65041749898649,224.2451792654509
203e51fe440b4468f4142d795d381cb4,No finding,,,,
0a6fd1c1d71ff6f9e0f0afa746e223e4,Pleural effusion,53.43983355368563,141.6637890652539,159.9603814988911,287.3563137479055
0a6fd1c1d71ff6f9e0f0afa746e223e4,Cardiomegaly,127.19030794813948,194.34049835638874,320.4257531623314,289.3189209831594
08807797eff7d24d76e4817a3a38477e,Nodule/Mass,76.55086971965336,228.22635311011936,90.8245697334744,241.85124857785766
933a7e742b3bda1d1e345dd123b5f46a,Pulmonary fibrosis,103.8465392358006,202.9363213875959,118.87781271712251,228.62613424658238
933a7e742b3bda1d1e345dd123b5f46a,Pleural thickening,66.95159523619228,226.98635895771093,139.37500382801596,241.47104067607566
933a7e742b3bda1d1e345dd123b5f46a,Other lesion,13.984618527254629,55.21952870811241,49.68851701246487,253.48117676716222
933a7e742b3bda1d1e345dd123b5f46a,Pneumothorax,84.64267403931335,42.687769818033274,184.1517556844283,87.37437599918526
933a7e742b3bda1d1e345dd123b5f46a,Pneumothorax,64.66687326297057,72.57748653522764,108.68761941824448,129.3975420768249
933a7e742b3bda1d1e345dd123b5f46a,ILD,66.97977884325715,153.4472107242516,135.85111225119476,211.86030461468758
62019939690f6d1adffa89335bc8822f,Cardiomegaly,121.2974173599973,169.04090398640264,323.3473782974833,244.72025807833907
b6629ab57e020267189a0e0cd5477442,Nodule/Mass,277.65738396624477,203.7866675967262,331.6431301634579,254.37714378720239
67bbf19b5522fcff2ca65e09b1cd1df8,Aortic enlargement,147.67087415814737,120.41049095180153,246.6559078521754,180.44618020140183
8b1be486cd3aa270873ee8bce40084a0,Aortic enlargement,168.73012883152214,148.2522549193448,232.26018433122948,205.42846151244402
72fce426937854b7068b528e2a3c96d7,Nodule/Mass,232.30803240595017,141.4675675517665,290.326269020298,224.3713122676405
72fce426937854b7068b528e2a3c96d7,Pneumothorax,64.00719726846181,62.95026435525101,149.35633873419667,141.90621170370235
72fce426937854b7068b528e2a3c96d7,Pulmonary fibrosis,232.68742501404608,72.59202408510464,301.0102812234363,106.0530981830144
72fce426937854b7068b528e2a3c96d7,Pulmonary fibrosis,295.73380849682957,120.46632672735828,319.2011283819123,138.60329815578467
6cbf4295b5b72bc01ef6fd171ef7733e,Pleural effusion,290.00447181756226,248.78755313783944,352.91754077452595,294.9445122452363
6cbf4295b5b72bc01ef6fd171ef7733e,Atelectasis,299.7328233134183,217.62068026328484,339.15897581638364,240.13253564509765
f81818f7d9803fe35faa81fb3ae15856,Nodule/Mass,101.21219213037075,126.33689153889071,146.99701034077356,171.5739495745937
f81818f7d9803fe35faa81fb3ae15856,Aortic enlargement,146.57238905895431,147.9540803777265,251.8784669501174,259.9448395008036
2aa1314e73226a5551d4e27f4925c967,ILD,271.3236111920138,66.30938834508132,342.94203306774637,222.78376031054435
2aa1314e73226a5551d4e27f4925c967,ILD,106.25393139323585,65.62509589237669,193.22521931985628,236.89750062506346
2aa1314e73226a5551d4e27f4925c967,Pulmonary fibrosis,113.3744757644655,108.60510327468629,144.5453511031527,123.96134333124544
b92f500effea3979596d1ad5833d62aa,Nodule/Mass,301.50156841820433,106.58551709192905,313.5868414133516,118.37140198069285
19e0d6ab0dc61189088d0e149c5871ac,ILD,264.24007041211235,101.72246479491362,341.2033794057697,207.14223188164434
19e0d6ab0dc61189088d0e149c5871ac,Aortic enlargement,167.6200065594586,113.39759799308729,262.2811504059479,199.65789779309551
19e0d6ab0dc61189088d0e149c5871ac,Calcification,227.24907354937307,114.93247877244686,260.7904237312,153.6114744123082
19e0d6ab0dc61189088d0e149c5871ac,Pleural thickening,74.44958938771713,168.03935373828824,146.3771514443015,186.1509469347312
19e0d6ab0dc61189088d0e149c5871ac,Consolidation,86.57993874319796,131.25327619635064,140.42878465175562,166.9112525351461
19e0d6ab0dc61189088d0e149c5871ac,Pulmonary fibrosis,112.7658350201791,90.71099659381395,173.34935743509757,147.06839436869774
19e0d6ab0dc61189088d0e149c5871ac,Pleural thickening,79.57855934881619,230.8052154164192,134.7123353684708,245.65191521904293
19e0d6ab0dc61189088d0e149c5871ac,Pulmonary fibrosis,87.35383545415212,180.4428807918328,138.9533950622904,236.04522711146285
19e0d6ab0dc61189088d0e149c5871ac,Consolidation,95.48253320063966,183.35399840019045,151.67657414374915,209.262945114573
9ec80d6a0493b9a748309d7d7b85c129,Cardiomegaly,146.99575657858531,172.0327569260997,340.079655499155,235.0633990913052
a6fd708c49961e31f03d1c0423a26b73,Other lesion,123.55161572548839,84.3874978879062,171.8570255680578,176.72350254272914
4b7e11251461edb6c46b6acb16583eb2,ILD,59.74366626221599,170.17914848154885,144.2933018968056,289.85328216481247
4b7e11251461edb6c46b6acb16583eb2,Pulmonary fibrosis,251.55248643161357,108.4966833985893,291.24617112192885,121.97253274300083
4b7e11251461edb6c46b6acb16583eb2,Pulmonary fibrosis,306.26540316691296,165.05106753251303,322.08923692859264,173.88769005343863
12d5529941b5a673cb50f4e1e8c502de,No finding,,,,
958a4c63f5e4151e78a7a3684eb4616f,Nodule/Mass,277.6121138803672,127.79565507529281,306.7867214069424,154.15556080374515
958a4c63f5e4151e78a7a3684eb4616f,Pulmonary fibrosis,305.78428466400953,133.7274456122979,327.21954146098807,145.40084481197832
958a4c63f5e4151e78a7a3684eb4616f,Pleural thickening,326.0450068419755,118.07447850363562,339.55215496061953,166.89051152048077
958a4c63f5e4151e78a7a3684eb4616f,Pulmonary fibrosis,247.00404446744642,110.7906907018074,280.7247883748239,152.84697414776576
958a4c63f5e4151e78a7a3684eb4616f,Pulmonary fibrosis,272.2428834656063,91.53825872432418,291.0685748494796,116.21127834595309
958a4c63f5e4151e78a7a3684eb4616f,Pulmonary fibrosis,59.36026967083592,88.01586199845927,132.6433894618096,165.09819599240836
a8bdfce0a004e021326f6bc6b3cbe879,Aortic enlargement,138.7244010547612,138.1188131630505,240.11637338629396,214.15355312134733
40b1af8c67e6b4610dd91b5230cb9115,Cardiomegaly,164.8384679734051,129.15069812474036,352.45549452359904,248.53024120110356
40b1af8c67e6b4610dd91b5230cb9115,Rib fracture,49.07260931204682,134.3905101435598,82.59993856591058,158.61533913949725
40b1af8c67e6b4610dd91b5230cb9115,ILD,113.32161648544464,62.83679673036428,190.96385265228693,120.0073931607768
40b1af8c67e6b4610dd91b5230cb9115,Other lesion,6.243950760213309,134.41338473456182,35.83299185610372,215.11296160339117
f72a16b39ac8ff4b8f1df59e34710c2b,Other lesion,150.90288125821283,81.57308572559155,210.3165594779352,218.04800028620664
c309b6c9384427e3f85b3d339f72905c,Calcification,220.33603452072,74.65022679372225,254.04747729361975,105.85433245037076
5fc94f48e87133c8b9aa2011b76a50a2,Nodule/Mass,81.7115992669759,114.85434604644459,109.02002963630082,136.63856650300227
5fc94f48e87133c8b9aa2011b76a50a2,Atelectasis,44.66800350678544,264.7167658275945,61.8720637097956,277.15401279115724
5fc94f48e87133c8b9aa2011b76a50a2,Cardiomegaly,134.92548390041344,217.18267555183598,327.93353430293354,293.8790318271396
16e2409846b221679644329b0b682617,Lung Opacity,84.25538052432624,133.57756561198764,136.7911664590769,168.5774486198482
16e2409846b221679644329b0b682617,Aortic enlargement,142.51288571929726,110.04621961187438,270.2771320292655,186.61989045626774
16e2409846b221679644329b0b682617,Cardiomegaly,129.07718968367115,192.16434661538798,326.482934322172,243.34756276141346
ac50740234b410b2a101abff1b10c880,Mediastinal shift,154.24329792051338,49.45478188590416,188.7557577514641,104.54319710781087
ac50740234b410b2a101abff1b10c880,Nodule/Mass,239.21068152667473,45.89147532219975,278.7515513137136,80.43107858420332
ac50740234b410b2a101abff1b10c880,Nodule/Mass,75.51998402119145,120.2039550677226,84.02339687861915,126.8327678149758
ac50740234b410b2a101abff1b10c880,Pulmonary fibrosis,81.04720237851947,49.38032413654355,143.97245752348448,97.87532265592229
ac50740234b410b2a101abff1b10c880,Pleural thickening,92.10163909317546,36.82046840490588,136.31938595179955,54.613597358059245
ac50740234b410b2a101abff1b10c880,Other lesion,63.59424012629991,168.86122376467733,115.5393365234,203.18257685847612
79dfadb515464474f984451c2dc2fc34,No finding,,,,
6da36354fc904b63bc03eb3884e0c35c,Pulmonary fibrosis,264.73875068385325,117.8053325454911,323.60388604552764,137.89323096928814
6da36354fc904b63bc03eb3884e0c35c,Pulmonary fibrosis,271.37144199221103,178.78645276058936,313.2403058762188,209.9944378118455
ff9fcc4087ed5e941209aa3fa948e364,Aortic enlargement,153.0810810810811,97.16602128076738,241.11196911196907,177.9691100838562
5d63f31cc8e21664c69bd7613b1b76e4,ILD,90.3870250421591,175.73413488552927,147.9113387723795,202.99798214581728
5d63f31cc8e21664c69bd7613b1b76e4,Other lesion,106.25580124359922,183.87259675427197,144.4400439783145,218.46105969642838
fdd95f330fd8f4f38dd7a2ba61efc281,Pleural effusion,53.23362161862524,290.8798382828032,100.08942205161166,345.341537178176
fdd95f330fd8f4f38dd7a2ba61efc281,Consolidation,81.34710187841708,285.7338509856026,145.3833624701652,325.61525253890716
fdd95f330fd8f4f38dd7a2ba61efc281,Nodule/Mass,93.11169656265768,110.69654076626496,110.22121443320206,128.3128285596322
fdd95f330fd8f4f38dd7a2ba61efc281,Nodule/Mass,309.35267375385456,303.61446587655297,334.3944237838642,333.2094009705829
fdd95f330fd8f4f38dd7a2ba61efc281,Pulmonary fibrosis,291.82830303564543,133.18464353657714,301.7530821677928,139.20832360371665
fdd95f330fd8f4f38dd7a2ba61efc281,Nodule/Mass,317.35572594517447,264.1497325998767,332.5178618990183,276.93607009980724
fdd95f330fd8f4f38dd7a2ba61efc281,Other lesion,287.50438394399976,162.78508491285314,312.54105203186236,207.86277502029606
511d77216f874b95d6070d31abb5ac6d,Cardiomegaly,139.30773039763238,189.83011394486007,319.02600707713617,258.77219888694503
511d77216f874b95d6070d31abb5ac6d,ILD,303.9710729050312,203.17374328848936,351.9586755786159,221.7065618213079
c8e81a94927978814fe54c325a4b1346,Aortic enlargement,128.86612648521987,180.9138183480769,248.78083424403854,243.06064804816376
c8e81a94927978814fe54c325a4b1346,Cardiomegaly,113.3306177877211,215.1742501058171,279.8518516390361,280.50809671360076
c8e81a94927978814fe54c325a4b1346,Pleural thickening,98.3534549503672,100.52223017407972,151.09941921449962,124.97660498873579
c8e81a94927978814fe54c325a4b1346,Pleural thickening,209.31926980979406,97.61083976000933,250.43111908841595,113.7204419568781
6c71ea8dbd37e59b995085cd189e1621,Pulmonary fibrosis,94.08786541453982,103.55075570890662,125.85257129689285,123.31546159125963
09f6d7dd9a59caf6c35604c0d0d2b74b,Aortic enlargement,163.48734233588794,104.58586016727294,270.5605619948649,179.80561325369268
09f6d7dd9a59caf6c35604c0d0d2b74b,Lung Opacity,251.24398430381225,73.27655334682798,284.5052660353565,94.95073497189308
52e9686ffccd0f4d3a6c58de8a12259b,Pleural thickening,246.45316615716052,59.17809425091158,311.11983282382727,82.11142758424491
52e9686ffccd0f4d3a6c58de8a12259b,Pulmonary fibrosis,69.78649949049387,68.77809425091158,181.78649949049387,147.71142758424492
52e9686ffccd0f4d3a6c58de8a12259b,Pulmonary fibrosis,224.45316615716052,63.44476091757824,317.78649949049395,125.84476091757824
9da8227ee1231405e20fda4498813ba2,Pulmonary fibrosis,247.56157768071913,83.6762496962158,330.3295160126641,153.8319307585311
c1e7586283e0dccbc153dddd3dfc0ec1,Pleural effusion,70.67037952117983,252.2942365702298,98.28807058375511,288.30575026061774
c1e7586283e0dccbc153dddd3dfc0ec1,ILD,274.5873039421124,283.0282008404746,344.1990184012063,313.4517210271817
07cdcea9a6c3049d7a02ade9c680d4d7,Consolidation,310.1088049238579,208.43937170362156,368.30273806668674,260.9992281972148
07cdcea9a6c3049d7a02ade9c680d4d7,Consolidation,30.074911880849296,227.66858749396056,61.71053996520592,268.0499406536724
89712ddf9e0bcf39f38d7fb0c174b316,Aortic enlargement,148.49277846624628,100.58579308227911,298.69204045886624,233.92803014404876
a868475eb59e09a1fc9d6d5c12511d43,Cardiomegaly,152.01682458893424,165.3667934815396,331.94111393873015,293.6138977286438
a868475eb59e09a1fc9d6d5c12511d43,ILD,60.20360697833879,29.706561821307915,167.56583724879314,214.29343440818053
a868475eb59e09a1fc9d6d5c12511d43,ILD,229.76188788822878,46.01544213018823,331.94111393873015,224.6718127865589
e02dd879ec36a05e4030f64b605b54ac,Other lesion,11.006891543780236,163.5946665944257,39.28086414651996,293.5805622220703
e02dd879ec36a05e4030f64b605b54ac,Lung Opacity,47.38589558113015,161.61627912527945,118.39959421126714,201.69526361046985
e02dd879ec36a05e4030f64b605b54ac,Consolidation,65.58223400953366,209.92370835747266,146.9001537563838,246.46067505704912
e02dd879ec36a05e4030f64b605b54ac,Atelectasis,53.14086164909193,237.4461140772166,129.41483425183165,245.57023255394438
e02dd879ec36a05e4030f64b605b54ac,Pleural effusion,30.12716301895495,237.4461140772166,59.71620411484537,289.44047232827444
c28e30456f3d1b1dda8a22f958b7aa96,Consolidation,237.6924206530132,189.16802548778358,300.65687898712395,237.79591410292454
714003ac5b8363ff20f6b187ce55ae9e,Pulmonary fibrosis,28.94305497941859,224.86872398347006,118.43726985545166,253.06872398347005
714003ac5b8363ff20f6b187ce55ae9e,Pulmonary fibrosis,305.0422285331376,245.26872398347004,359.6273525000797,260.86872398347003
7b377cc85094e39b186b83c181b17642,Calcification,226.5952010057785,128.80307548307727,242.58113030781018,148.8247854206835
7b377cc85094e39b186b83c181b17642,Lung cavity,253.72212266830275,115.3381607513361,276.93212895156023,128.87468667548714
7b377cc85094e39b186b83c181b17642,Lung Opacity,214.55149638076537,96.6039294245421,290.73443658189564,162.3568940943515
7b377cc85094e39b186b83c181b17642,Atelectasis,260.36938155619015,238.91641832790674,306.9889446584442,279.7216457960635
7b377cc85094e39b186b83c181b17642,ILD,249.12721789157456,154.03390001717636,321.98874897575644,249.11911928241187
57169906bb821d83315d3291af052418,Nodule/Mass,99.41579653318502,292.2098003991153,133.23666397202788,312.25334236870117
bcf20ca8b53b8e36caeae0010d9f4657,Lung Opacity,97.22850686497475,131.4504636744158,141.6355911683539,154.05287185278246
59779a96f5abd70d14a67ebdd4502d60,Pleural thickening,337.80858400274786,213.60420394102852,377.45704928707556,244.9484985429506
59779a96f5abd70d14a67ebdd4502d60,Pleural effusion,353.3001051238329,222.73216066208755,382.602043907175,250.3241772267431
59779a96f5abd70d14a67ebdd4502d60,Pulmonary fibrosis,319.19456981863146,184.49750913677917,335.5267979929533,226.67387731418123
ea4e23ec626b6c5258ad39994a8880b8,Pulmonary fibrosis,54.25447288292862,118.96590075369791,146.58380149009292,164.53102396242835
ea4e23ec626b6c5258ad39994a8880b8,Pulmonary fibrosis,238.91313009725724,72.44151179320471,328.84429432501463,146.30497467893616
02b0ad6e22487b7e3f08093c42444b0f,Nodule/Mass,227.08760794677676,108.37450590651292,302.2652726619584,270.5284416698362
02b0ad6e22487b7e3f08093c42444b0f,Nodule/Mass,69.7514953642894,98.2398849213052,118.07999410976332,209.72071575858996
02b0ad6e22487b7e3f08093c42444b0f,Nodule/Mass,50.42009586609981,244.53093566430346,70.82546200307769,264.8001776347188
02b0ad6e22487b7e3f08093c42444b0f,Nodule/Mass,118.07999410976328,174.46986015786752,146.00312671825932,230.87122911902347
d2219603fc6867da8ce997d645e8d835,Pulmonary fibrosis,131.98802757780973,40.88989277969789,154.48582309826378,64.99260069989542
d2219603fc6867da8ce997d645e8d835,Pleural thickening,121.03515344285174,25.551805921390407,161.29436647945383,36.23368784056879
b0aff2cb1054d3a5ffcdeb33b2f53ab6,Cardiomegaly,110.39481402691817,201.69111780586388,304.780200839203,301.768337883084
467fb10d9fb7d7816e9086fec5aa86f6,Cardiomegaly,122.92139730188516,206.34689886984114,323.4547306352185,265.11207037379893
467fb10d9fb7d7816e9086fec5aa86f6,Aortic enlargement,138.76901634950417,149.60811259015776,271.0356830161709,229.14373264292823
7858eba2f50d6d515f3ccbbbe9020fa4,Nodule/Mass,69.42206336198564,126.33775046110362,96.71320305277001,147.28463623992596
7858eba2f50d6d515f3ccbbbe9020fa4,Pleural thickening,45.85244271994459,87.50937682231101,100.43472210151334,128.89224872681368
7858eba2f50d6d515f3ccbbbe9020fa4,ILD,31.586619699761844,70.13878861548275,172.38409037721757,262.2370581968777
7858eba2f50d6d515f3ccbbbe9020fa4,Other lesion,205.87776181590752,50.21370214294445,245.57396500250294,118.6742556639735
7858eba2f50d6d515f3ccbbbe9020fa4,Pleural thickening,230.06763563273913,79.84588202518091,338.6119412210861,177.9386154284464
7858eba2f50d6d515f3ccbbbe9020fa4,Nodule/Mass,257.97902849831405,244.8664699900494,292.7132062865851,269.38965334086583
7858eba2f50d6d515f3ccbbbe9020fa4,ILD,238.75118007980686,164.65522444675418,338.611941221086,312.8161238579365
7858eba2f50d6d515f3ccbbbe9020fa4,Calcification,303.877763432815,243.84467068376543,337.37143487150496,320.9905183082087
7858eba2f50d6d515f3ccbbbe9020fa4,Cardiomegaly,104.15624115025666,176.9168161221624,306.35877613197727,287.7820408539781
7858eba2f50d6d515f3ccbbbe9020fa4,Mediastinal shift,195.9537110192586,124.80505150167757,226.96636975878633,164.14432479361216
7858eba2f50d6d515f3ccbbbe9020fa4,Consolidation,251.77649675040848,193.26560502270658,318.1435864529977,283.18394397569995
49769691d05ec479aaee410f1553093d,ILD,64.64865301965692,203.88396594456708,147.5822446928087,269.71816159614855
49769691d05ec479aaee410f1553093d,Nodule/Mass,274.78043331074684,171.2950383380674,291.4330794726737,181.8658934846018
49769691d05ec479aaee410f1553093d,Nodule/Mass,298.03129776324846,220.53975377680086,314.3697430541955,237.04060083480582
49769691d05ec479aaee410f1553093d,ILD,262.33702915702077,187.6766338956821,321.1494973007229,269.6872742690674
2c46afc6145ab7743ca9828389a4d892,Aortic enlargement,140.18716656056367,136.20669590683266,216.3969787330837,230.94532076400353
a7a4d298c34a295825515df73ee720a7,Consolidation,90.15475345688644,155.7597405317037,148.67530140209195,195.8387250168941
a7a4d298c34a295825515df73ee720a7,ILD,52.01776715551658,80.47624264735953,159.1958493472974,275.99669398727497
a7a4d298c34a295825515df73ee720a7,Consolidation,247.30543838839333,79.93463474891101,313.05886304592747,140.05311147669664
a7a4d298c34a295825515df73ee720a7,ILD,235.46982195003716,85.3507137333962,327.52461647058504,271.6638307996868
6db59ec25f0f8ab882e5ce79b1688aed,Aortic enlargement,164.10643748747893,102.11127173998979,260.62556822013624,157.78742956236366
6db59ec25f0f8ab882e5ce79b1688aed,Pulmonary fibrosis,97.41191730637274,82.19257553058893,121.56012145424705,100.86481701897297
19c44a83a0b26af42aefbcbf7b9f9380,Pneumothorax,249.84639757072586,66.65982849746926,305.56811722429444,123.8147199528272
19c44a83a0b26af42aefbcbf7b9f9380,Pleural effusion,218.14266052645408,59.95891018891006,331.5075384423351,132.48649658743324
19c44a83a0b26af42aefbcbf7b9f9380,Mediastinal shift,185.4782041778104,56.80553686723514,245.0428010488665,143.1291315480861
19c44a83a0b26af42aefbcbf7b9f9380,Atelectasis,261.8201836378312,125.95230032424105,319.5935035977108,214.44612748473492
19c44a83a0b26af42aefbcbf7b9f9380,Pleural effusion,287.0701211197541,200.66640339565188,341.9325206488642,258.0609422995497
19c44a83a0b26af42aefbcbf7b9f9380,Infiltration,63.41955653070727,63.53332090733736,179.4599825037382,181.54101800410652
19c44a83a0b26af42aefbcbf7b9f9380,Pleural effusion,301.4511995523093,123.75793873603332,341.6190393122046,211.65332691845452
a2bb3ac911a15a98d939f74bf2a85cd4,Cardiomegaly,153.65201264605315,170.55598267072875,332.01474452487565,248.39382050856665
9d19cfe48e499605ca146bd93557d413,No finding,,,,
7e090684cddb682dd8d56ad47b20a89d,Other lesion,57.245396936649115,232.68959655714656,126.68030249993112,266.2185239282449
7e090684cddb682dd8d56ad47b20a89d,Lung Opacity,99.86380518457574,68.17379662382059,158.66445432954077,129.94004372566212
041c40e3f03d9af32b594c5186575a61,Calcification,235.05681658451343,117.870473719677,257.873281286779,141.48248948761258
a06ad52f2d2ee79591f6381b9e1c19c3,Other lesion,5.956798225599869,222.52081652095612,38.29201083974865,297.1749764850864
a06ad52f2d2ee79591f6381b9e1c19c3,Other lesion,62.54342030036025,233.23206555928786,135.66509428008305,244.2678979018115
a06ad52f2d2ee79591f6381b9e1c19c3,Lung Opacity,113.33548176490713,53.879786214022396,177.13485480565947,238.36992120883028
ec4267f55a215d295040984872bb8e67,Calcification,223.62266943064486,131.5072005618036,254.71700779741582,157.15927524160497
ec4267f55a215d295040984872bb8e67,Calcification,95.67107688024912,169.02293246523004,117.14439848187959,193.67927748097398
ec4267f55a215d295040984872bb8e67,Calcification,65.06412688895828,265.00121666406886,127.7974129545243,297.9192202826116
ec4267f55a215d295040984872bb8e67,Calcification,60.7965564083075,211.55786961278784,81.70765176349619,258.03034530955404
ec4267f55a215d295040984872bb8e67,Pleural thickening,60.36979936024239,210.783328351175,113.71443036837681,306.43917416035214
b8a25a8351b2d2b97953651a7c22c304,Other lesion,6.454569342635841,171.60229388044485,29.563897326587693,247.4541457322967
b8a25a8351b2d2b97953651a7c22c304,Other lesion,35.726384788974855,47.710935855753476,136.63711698556463,215.84920746069176
21f45752082fdc5ce1cb3fb413b1b3de,Cardiomegaly,101.38090348190681,168.7760722612581,331.68242795380985,236.93022714009834
21f45752082fdc5ce1cb3fb413b1b3de,Aortic enlargement,133.85291886297776,123.3399690086979,246.25604902822326,190.66801291930977
21f45752082fdc5ce1cb3fb413b1b3de,Other lesion,237.72900959114563,82.30115948417571,304.0220499573523,159.264063751361
21f45752082fdc5ce1cb3fb413b1b3de,Other lesion,61.5529845083498,111.20917718453309,121.4891579901257,155.1343469370242
594fb89413087c080ddd2c97a3f6acf0,Aortic enlargement,164.53406405908672,110.37232044954409,256.7009104498062,194.23698363294668
8c7341b62afed8980c0cfa1659909be3,Cardiomegaly,110.03150941941452,170.10417653487588,334.2506875016063,246.47089021611706
8c7341b62afed8980c0cfa1659909be3,Nodule/Mass,60.7164409262638,150.6062921907292,71.89452311804462,162.52166595659662
8c7341b62afed8980c0cfa1659909be3,Nodule/Mass,318.4698655837981,107.27766031484768,330.30548202215425,116.48499458847252
8c7341b62afed8980c0cfa1659909be3,Aortic enlargement,186.30548202215425,58.532949454480935,275.7301395564008,152.77272378452327
f8be8b8d517d3b48315bbbeda0ad3a79,Nodule/Mass,67.99106166500059,182.04901707354557,122.29156607817325,238.0440150125616
f8be8b8d517d3b48315bbbeda0ad3a79,Pleural effusion,25.511628377537182,74.50633590531666,101.99114630416577,184.42126662972495
f8be8b8d517d3b48315bbbeda0ad3a79,Pleural effusion,40.54606352550691,199.7459444711088,114.41089707857553,277.4262080119166
f8be8b8d517d3b48315bbbeda0ad3a79,ILD,88.26405334297601,142.67473044112756,171.9339532968945,257.87403283497855
f8be8b8d517d3b48315bbbeda0ad3a79,Atelectasis,117.01087560952291,184.81503113861567,131.12045549641027,228.36669620229466
f8be8b8d517d3b48315bbbeda0ad3a79,Atelectasis,79.81289227136541,253.59901008839444,160.6223043508111,265.6966948283053
f8be8b8d517d3b48315bbbeda0ad3a79,Pulmonary fibrosis,264.0925568546516,260.8576209323409,311.97961586469347,306.13752667315003
f8be8b8d517d3b48315bbbeda0ad3a79,ILD,296.15978387030464,127.4374406578957,355.59104460598166,167.18697623188845
1e41c551c741b13ef41f540a6428058b,Cardiomegaly,140.88545688545688,147.24993376467987,305.55212355212353,258.71660043134654
c4f9d83040df630bb716bd84947d841e,Infiltration,102.30452405435929,42.187764456118,165.5398181720064,116.01129386788277
c4f9d83040df630bb716bd84947d841e,Infiltration,218.4809946425947,53.07011739729449,274.9515828778889,136.30541151494162
c4f9d83040df630bb716bd84947d841e,Pulmonary fibrosis,122.58013129920623,45.78861552649484,141.78428354834114,60.667508260058824
c4f9d83040df630bb716bd84947d841e,Pulmonary fibrosis,256.2121548368396,79.93740045818925,268.331163697271,91.07906989439229
c4f9d83040df630bb716bd84947d841e,Pulmonary fibrosis,233.53788019474214,94.40202393676864,247.0251642490932,109.25758318503937
ea087ad3a387b4c4baecd43b21edfa38,Nodule/Mass,212.62356811140208,76.40599232587115,256.1574979850346,124.347509016292
ea087ad3a387b4c4baecd43b21edfa38,Pleural thickening,248.11318485621118,83.81159246504184,300.1646227485979,102.52047702715728
ea087ad3a387b4c4baecd43b21edfa38,Nodule/Mass,286.44197094060496,124.73727744466937,320.5120030156217,148.9029200040685
ea087ad3a387b4c4baecd43b21edfa38,Pleural effusion,315.30685922638304,213.60447911471775,349.8500861913306,259.5971536632515
ea087ad3a387b4c4baecd43b21edfa38,Atelectasis,237.70289727773377,192.1672155539605,311.04810521700597,240.49850067275875
ea087ad3a387b4c4baecd43b21edfa38,Nodule/Mass,273.3589934597765,145.45038862019442,295.69567027787787,162.20136803134832
4910dbe4c6e17a35ed2ba6e7f3d04ef8,Infiltration,112.82058669654756,52.0117332228667,186.74108891288893,100.91776684822248
4910dbe4c6e17a35ed2ba6e7f3d04ef8,Infiltration,240.59267650035937,47.615685256542584,307.1545766861147,98.71974286506044
c7a6447eb7bd68b642972660f26c0362,Calcification,135.10933829513863,64.98885076997273,159.17268833276518,93.67976812252746
c7a6447eb7bd68b642972660f26c0362,Infiltration,123.69467225164915,47.40409497324566,183.85304734571554,117.43461367249218
c7a6447eb7bd68b642972660f26c0362,Pulmonary fibrosis,152.69409409186574,68.99940910957713,177.06594861715416,108.17947904263575
99f4f493e0ed0a3cd70fe397736534e4,Pleural effusion,48.26833976833972,182.74710236184845,150.76833976833973,253.2471023618485
99f4f493e0ed0a3cd70fe397736534e4,Pleural thickening,58.26833976833972,101.24710236184845,78.26833976833973,160.74710236184845
99f4f493e0ed0a3cd70fe397736534e4,Atelectasis,77.76833976833973,125.74710236184845,132.26833976833973,141.24710236184845
99f4f493e0ed0a3cd70fe397736534e4,Atelectasis,64.76833976833973,171.24710236184845,147.76833976833973,193.24710236184845
99f4f493e0ed0a3cd70fe397736534e4,Atelectasis,142.26833976833973,127.24710236184845,157.26833976833973,160.74710236184845
bdbd25ea1bf319c14bd215a4cc54a79a,Aortic enlargement,139.70524757105687,73.43946254775632,245.3159892635988,165.7978213830583
bdbd25ea1bf319c14bd215a4cc54a79a,Calcification,186.34552435913378,80.82813125458047,236.7384670956766,104.57742352651529
bdbd25ea1bf319c14bd215a4cc54a79a,ILD,264.6154141414237,137.826432707224,308.0391201165298,219.62955053277724
bdbd25ea1bf319c14bd215a4cc54a79a,ILD,61.59797653034774,135.67022715617446,115.1857391753627,208.9165502679322
bdbd25ea1bf319c14bd215a4cc54a79a,Pulmonary fibrosis,100.70182125019488,38.849175914478906,144.50219056958878,89.95380947078571
bdbd25ea1bf319c14bd215a4cc54a79a,Pulmonary fibrosis,73.93492888834302,72.91893161868343,102.8648024511526,104.59315762493613
bdbd25ea1bf319c14bd215a4cc54a79a,Pulmonary fibrosis,232.4236828068927,37.33745015816242,271.29356636663283,84.62290806373822
87aa2198c942403312bb79486a068fec,Calcification,262.5219037679719,71.21910444018053,274.15108339586544,81.50645564947101
87aa2198c942403312bb79486a068fec,Calcification,282.6493300470185,90.00470230062403,309.9331745586149,148.15060044009186
87aa2198c942403312bb79486a068fec,Pleural thickening,259.83824693076565,40.804326951843564,307.24951772140867,65.4045146262338
87aa2198c942403312bb79486a068fec,Calcification,300.0930994888588,158.43795164938237,317.0895927911648,194.66731895166618
941dc59889449949de70d0b3a545939c,Aortic enlargement,121.92727296797871,144.8614397553732,167.00522157008857,201.87895312236617
789cba61f30c4c087a6cd97def275aca,ILD,268.68257254754815,68.47387782831822,343.6608218138355,162.22997452506286
789cba61f30c4c087a6cd97def275aca,ILD,58.71626892422718,57.420051781844755,166.7688073081175,158.39306309772283
789cba61f30c4c087a6cd97def275aca,Calcification,224.05840819622043,82.66330461081431,247.9895073013773,90.66726282487782
b2787087028bc2c22a30b10b18b9c96d,Pulmonary fibrosis,62.43924721209238,98.37214203055615,136.9395367549278,150.37569059726763
b2787087028bc2c22a30b10b18b9c96d,Pulmonary fibrosis,99.86155770792875,63.09499812371673,153.65810566808386,92.5646391449336
5ae703e09cb7b139ccb6824a79d26efa,Consolidation,222.39409657867304,201.92994152459488,281.8568392764683,285.807850098306
5ae703e09cb7b139ccb6824a79d26efa,Other lesion,237.75202350062014,214.53131746055146,277.52511629848317,281.08233412232227
04cc236166c1ff638ff6200f2f2a397d,No finding,,,,
6de2e33c4814358a4af07f0d2b03e2de,Cardiomegaly,161.3387096383258,204.08528551634816,338.6769192604812,268.94609145833783
186398ac83152a0870a3c329646e66ae,Cardiomegaly,136.15683996102598,197.3222539511814,312.6179532654081,299.29469653990793
dea1e4464a27f651c00fb31ca713e01d,Consolidation,282.1759414465254,183.93836887197207,341.0493032845112,245.61080570146706
dea1e4464a27f651c00fb31ca713e01d,Consolidation,92.40329637301821,205.0097847887162,166.30815485048967,244.0689947807297
dea1e4464a27f651c00fb31ca713e01d,ILD,240.21301332796116,107.36175980868255,347.9387392442755,256.9174191202078
dea1e4464a27f651c00fb31ca713e01d,ILD,82.38229861336104,114.5568774387903,187.6027750897611,249.72230149010005
90298b04a0c568ee2144c3431711b30e,Cardiomegaly,157.23990755727797,233.84125182627827,327.74325549743344,294.9627710912423
90298b04a0c568ee2144c3431711b30e,Atelectasis,309.7036521317514,255.80679781212473,345.2009361738999,273.9522488439109
0b1f7b86b0ddb459fb779c6d473d96ad,Pleural effusion,322.6636982280079,270.88840263076656,354.81042509120346,321.40567024098726
b857eb04491bba364d72288ba1ca6fb5,No finding,,,,
2051a04c05ac229fd9a1f16a4a493f64,Cardiomegaly,150.4674159274609,185.67885880287844,288.5117530170687,242.7851480875045
2051a04c05ac229fd9a1f16a4a493f64,Calcification,209.3723284966421,98.89528532309245,232.7544311958591,125.87463459141972
b440e6708f332a8be9eeccc368b0df24,Consolidation,250.68070689912642,157.29265560639791,318.4056725970378,200.58827395290598
b440e6708f332a8be9eeccc368b0df24,Consolidation,236.2238381199352,210.9879950672801,322.6339591436282,254.11671314492958
b440e6708f332a8be9eeccc368b0df24,Cardiomegaly,130.96856812528256,181.66031909580073,315.07815716637845,266.69275915221823
5468cd29e7d6db0d551f2497bed48387,Cardiomegaly,144.51277840817508,162.14142703189884,339.91041011040915,270.373087263559
5468cd29e7d6db0d551f2497bed48387,ILD,289.3258282150654,171.45861290211815,352.9534144126793,215.05305029075006
d1513313aac44e0ee8a2372ac2a72923,Calcification,223.17845860703,123.11196722671329,247.93782279496563,142.38609850084458
d1513313aac44e0ee8a2372ac2a72923,Pulmonary fibrosis,48.15678278063942,185.8182291814413,111.46903141731468,208.2365963913736
86fa4d1e5cc255212325d29ff77600fe,Aortic enlargement,140.30620855937318,126.9866675967262,263.7251356238698,206.22476283482143
86fa4d1e5cc255212325d29ff77600fe,ILD,53.726653741817486,101.83862800638138,136.67537354829778,274.1516217992428
86fa4d1e5cc255212325d29ff77600fe,Pleural thickening,81.68689637321532,26.231906240125934,117.56920775017589,53.04591802932121
86fa4d1e5cc255212325d29ff77600fe,ILD,283.9446290886211,157.5150256627499,340.496246021587,250.64877248252174
4cc98e51df6aa3dee2c7c1763e3fd512,Cardiomegaly,142.88803088803087,180.93436104910717,333.7760617760618,266.1853263000724
29a257cdeae837a1a080c969b40150a3,ILD,13.512869089625024,226.21523908707695,54.006887522095155,252.18000247477096
29a257cdeae837a1a080c969b40150a3,ILD,50.127221085451325,164.8984517022919,131.60021625497208,213.03312844409385
29a257cdeae837a1a080c969b40150a3,ILD,46.00507549651707,141.13070675509508,115.3541130515258,161.70278851611417
29a257cdeae837a1a080c969b40150a3,ILD,285.33199880698436,261.56726308416796,342.55707874748117,294.92199758989796
72cfa22b529d2ae71985b2636cb9baf8,Pleural thickening,226.67900462226706,45.23219644197801,282.398221493257,59.55999506594685
72cfa22b529d2ae71985b2636cb9baf8,Infiltration,135.5382855975765,54.78406219129057,191.65549687478773,104.53336296896008
72cfa22b529d2ae71985b2636cb9baf8,Infiltration,230.65894868448063,53.19208456640514,294.736048086119,112.09525668716586
54fb9abeb8e92ec3f690a7455d892c3a,ILD,48.3918219736979,172.14447247371925,123.03905653851946,198.07396934270244
54fb9abeb8e92ec3f690a7455d892c3a,Pulmonary fibrosis,91.43992043439255,236.78031974132952,144.10514727460406,269.09824337513453
54fb9abeb8e92ec3f690a7455d892c3a,Consolidation,246.15251463559744,246.30582977970764,284.8768862140724,278.693207408359
c2c1843b4ca2644b92d5387358dc8bc2,Cardiomegaly,145.2905256822307,182.8006779767628,297.96831087235756,265.74467797676283
c2c1843b4ca2644b92d5387358dc8bc2,Pleural thickening,68.95163308716732,194.57667797676282,92.00700333399855,269.84067797676283
32f991e64870da55f30028f559545973,Pulmonary fibrosis,233.09790954413225,127.6245335221684,311.3491820480491,172.60665956657354
32f991e64870da55f30028f559545973,Other lesion,246.06102170629256,144.7740189150144,303.2205805322851,187.24798811652735
32f991e64870da55f30028f559545973,Pleural thickening,220.68613537442016,78.61940898590345,287.1498172723483,96.98441778848792
32f991e64870da55f30028f559545973,Atelectasis,260.1806135090479,274.8358474008369,332.74539699680673,313.3385836600492
32f991e64870da55f30028f559545973,ILD,76.31345534833572,163.80470097892226,120.5070452920084,191.5624875844009
ceec47e464c3dab60af04cd0a5122cf0,Cardiomegaly,132.27755157395612,172.35368182436275,317.36243201443,291.22481002385496
ceec47e464c3dab60af04cd0a5122cf0,ILD,34.55791190083892,88.66414313682806,151.04489959064765,276.83234158714504
ceec47e464c3dab60af04cd0a5122cf0,ILD,207.34694364072183,88.13108875028324,331.59973050985116,281.09677667950353
051b1b1edcbaa44059c7b3edbe70c3b8,Atelectasis,83.361737933833,204.32404753384375,131.5448847502196,232.82814397664322
051b1b1edcbaa44059c7b3edbe70c3b8,ILD,88.96442942411056,174.44072061800563,158.43780390355164,225.01250462942406
051b1b1edcbaa44059c7b3edbe70c3b8,Pleural effusion,54.78801133341779,191.4512297854827,124.82165496188664,255.35557503627518
1aa707b195e1f6efffd8c17ca926eeef,Cardiomegaly,129.07130392484723,161.45366606841216,324.3972881768158,256.45366606841213
fe52d8c7ce9e6f9435fcd3438aa19da7,Cardiomegaly,142.68810993220438,152.76447687922294,311.2451159821238,245.42856954331563
fbd5bb501e278b0bb3cd4cf1c2c6f7f9,Calcification,209.9244270838121,117.61536014056871,226.03697846569284,145.98895998042607
fbd5bb501e278b0bb3cd4cf1c2c6f7f9,Cardiomegaly,144.3768015141912,190.25583685500138,324.9739122686053,281.1221470154291
ffccf1709d0081d122a1d1f9edbefdf1,Infiltration,231.22934360389812,103.97592014766462,322.4602586986936,215.32827175587244
ffccf1709d0081d122a1d1f9edbefdf1,Infiltration,74.39417495778889,88.13310589446434,151.78669281910422,170.5157400111059
ffccf1709d0081d122a1d1f9edbefdf1,Pulmonary fibrosis,84.13230634431201,95.3755352673559,142.0485614325811,151.0517110714598
ffccf1709d0081d122a1d1f9edbefdf1,Pulmonary fibrosis,248.65547345346582,110.76569768475048,313.23466054304015,185.4532505926948
b1bc26113bd511d4a2e29c21b786f46f,Pulmonary fibrosis,114.9273435939163,67.97885699533747,152.6274480088699,115.89759838245917
b1bc26113bd511d4a2e29c21b786f46f,Infiltration,203.1533611423128,26.52534262076392,287.10410911787955,104.10806677134192
b1bc26113bd511d4a2e29c21b786f46f,Pleural thickening,84.22313484359329,42.49825641647115,155.34807410067066,67.97885699533747
b1bc26113bd511d4a2e29c21b786f46f,Atelectasis,134.36038710677897,44.780101244429325,161.1779871545295,107.15052654195283
b1bc26113bd511d4a2e29c21b786f46f,Mediastinal shift,139.31076564442216,18.525395915989918,194.51843337605155,149.37650963228535
63e68d84225031fbfd93bb129a808eb7,Consolidation,227.26129761454234,103.39781287797409,330.23794366896624,172.92145866603525
04669ec4821d2dde14eb2f9a3f47eb7e,No finding,,,,
57a32a219495bdff5cd72597688a46d2,Cardiomegaly,135.0015975178817,218.8964494499689,292.9153387415527,275.1532395734257
57a32a219495bdff5cd72597688a46d2,Lung Opacity,115.74382419792181,172.7532395734257,148.0968833754544,218.2643506845368
b7b4381159d2df03eae9c807e19c5f11,Nodule/Mass,229.0504122162098,132.07277144241752,325.23979769310296,232.6384660332557
3037b4ac894bd448153d3da7b700f79f,Cardiomegaly,158.7789829634487,167.2441483963173,297.865597136677,219.7441483963173
3037b4ac894bd448153d3da7b700f79f,Aortic enlargement,189.61992784533845,106.74414839631729,273.07189634927545,150.7441483963173
714d10886bc8bf6a1f1adc0f61127071,Nodule/Mass,282.19588959399016,115.62436905525679,316.0239846490771,148.25228560356524
714d10886bc8bf6a1f1adc0f61127071,Nodule/Mass,116.97751229595659,194.97868461101928,183.16291566460504,261.0401452767302
eb804a78e42ccd5e66d8fdc644dd0680,Calcification,252.01421496678705,122.15091283024714,263.4490529457761,135.68976099737017
eb804a78e42ccd5e66d8fdc644dd0680,Rib fracture,86.38855232469093,134.7058813600587,115.5038221278268,149.00407326338092
eb804a78e42ccd5e66d8fdc644dd0680,Lung Opacity,94.4601122701147,143.23867330236385,148.65487190367452,180.59846504975408
eb804a78e42ccd5e66d8fdc644dd0680,Pleural effusion,52.94923255079227,207.3499208688729,100.80205222723339,247.93833659443266
eb804a78e42ccd5e66d8fdc644dd0680,Atelectasis,75.4342923987586,217.49702480026284,136.83580198358965,232.0258327020257
eb804a78e42ccd5e66d8fdc644dd0680,ILD,78.02872238121626,192.12926497178813,149.80795189587792,220.03380078311042
eb804a78e42ccd5e66d8fdc644dd0680,Pulmonary fibrosis,303.5783200513873,238.99319848971592,316.5687905343104,259.9264137821978
fc4380d16e53e9b9bad5942b31d75f48,Cardiomegaly,115.9319628508818,188.34748846223457,319.0783679432329,303.2509633657095
afef521082fd36f187a774250d41534b,Pulmonary fibrosis,75.1377823614657,51.90912071659743,159.23791812186255,108.2338072925863
afef521082fd36f187a774250d41534b,Pulmonary fibrosis,44.48446185066688,132.5116894374091,128.19160632246374,167.79554482121821
afef521082fd36f187a774250d41534b,Pulmonary fibrosis,244.12403645945943,115.03161429313666,352.58963211305536,194.33936263289112
afef521082fd36f187a774250d41534b,Pulmonary fibrosis,252.52824074086212,229.94193126188776,339.98029553538277,279.228250020703
8a135433be4f3db4c84dd0c17fd49bd5,Pleural effusion,260.65690195876886,147.8150774832575,354.044873767107,289.0967405981096
8a135433be4f3db4c84dd0c17fd49bd5,Atelectasis,258.61333857337826,144.25775187234396,296.7377727192941,185.98492218867344
69c3b647eb846e099161d2a162ea5ce0,Pulmonary fibrosis,282.55088360082107,185.96312214820932,332.9118311518233,227.0202032011988
1fcc1cd57e0ce38aa0b72b3a6996015a,ILD,252.61845163944722,175.8285486690417,341.87741343841975,212.10940909033505
1fcc1cd57e0ce38aa0b72b3a6996015a,Calcification,253.0297832606406,67.6705119414126,299.51025645549726,101.55546648582805
1fcc1cd57e0ce38aa0b72b3a6996015a,Infiltration,226.70455950426168,59.798249774528195,299.9215880766908,115.24635721084437
1fcc1cd57e0ce38aa0b72b3a6996015a,Pulmonary fibrosis,90.96512451043253,106.00500597145836,151.43087282586555,156.6613016540188
1fcc1cd57e0ce38aa0b72b3a6996015a,Pulmonary fibrosis,58.88125805734566,139.88996051587378,97.5464304495273,152.89630670463936
1fcc1cd57e0ce38aa0b72b3a6996015a,Infiltration,55.17927346660488,63.56324472390769,158.4235103861537,149.47358402338517
1fcc1cd57e0ce38aa0b72b3a6996015a,Calcification,87.37300749884389,106.51422290176149,111.12558481843152,120.16128172529089
0493df0059bd251e6dbb0dc71f5c5b45,Cardiomegaly,105.49606572907543,173.52123363597968,331.32492068414393,306.2162143309604
0493df0059bd251e6dbb0dc71f5c5b45,Calcification,221.0898186043817,69.73744985219594,245.58650795543997,115.69883981358589
0493df0059bd251e6dbb0dc71f5c5b45,Calcification,222.80042399378598,216.30015827467528,258.4111424923851,269.2369944593337
9c5119675b20f4718858b071640754f0,Lung Opacity,330.4526734443118,269.099215996441,368.89159644844733,301.36248609669184
9c5119675b20f4718858b071640754f0,Pleural thickening,268.9705073353757,39.84427197115554,343.84813263701415,79.72837521728432
095f8f367727ccd7fc0bf95380399b39,Pulmonary fibrosis,260.213329290141,123.0555770369916,316.1767139770603,157.38994542765872
095f8f367727ccd7fc0bf95380399b39,Nodule/Mass,282.18026533547373,221.76688616015963,309.3774242487429,244.51340521897654
095f8f367727ccd7fc0bf95380399b39,ILD,67.41148246099338,138.0687900624262,121.4486410918655,168.55364184765125
095f8f367727ccd7fc0bf95380399b39,ILD,250.1604242992932,92.90074972237376,308.7553062890611,115.56777161943845
cd71f2159930c939fc093fffb27cc615,Pleural thickening,78.02017306888757,73.26838139619389,149.13297306976565,110.34714646523884
b96a3e433f58b05ee579632dc85c1f6b,Pulmonary fibrosis,293.38963477936284,209.1042452189913,349.6225414637154,229.86100197574808
98de498a86962549513f49a3b0c5c994,Calcification,127.93822805945643,127.40459691906885,135.69101447805213,133.60682605394544
98de498a86962549513f49a3b0c5c994,Pleural thickening,325.93246582667007,316.3340382583859,359.925452431282,343.0513329932389
4db850f9587d4c21459ea09f9372be3d,Nodule/Mass,110.07159115233071,52.32069482545308,184.58357268527197,107.19936058939714
c654ed5ce9230aa6abef4e46f43b622a,Cardiomegaly,144.52457299914926,200.20849232323843,347.7527166519138,329.1969093116554
3020abca19e8fa4bba62fe583f07050d,Calcification,109.20145977680224,131.2664073811535,160.50055534987044,164.62548074022683
3020abca19e8fa4bba62fe583f07050d,Pulmonary fibrosis,96.60168191675044,68.25482436957047,177.60025387422647,183.15829927304537
f1ae5125f7a72feed87fc0afa919b261,Infiltration,68.96081964317253,126.94400988720784,162.6601660484013,163.16766907321013
81a4366baeebb4b90a33aa5b9cb99220,ILD,300.95172010448,268.3828747500481,377.85030803772776,302.55763203160143
a0c38318fbf46b92e92575afae12b355,Cardiomegaly,117.01736870844194,155.72972784447396,279.63030403953167,228.37837649312263
a0c38318fbf46b92e92575afae12b355,Calcification,206.61361179539264,96.914156272858,219.84873011902886,112.38203031020106
754b90e60a89d03d18dbf9b30cce6eec,Cardiomegaly,99.30163431533296,160.1776042923504,320.6977309991009,252.84169695644306
f864bc5eae01c9a296841fab35367e10,No finding,,,,
493d5f75237e5b3ee1846c170a393411,Pulmonary fibrosis,95.36775502592243,87.16877055119897,164.33651373711274,146.01009061939533
493d5f75237e5b3ee1846c170a393411,Lung cyst,68.99734728340849,55.10355680617064,165.1479108984209,119.23398429622733
493d5f75237e5b3ee1846c170a393411,Lung cyst,260.0813787714711,79.23510941840846,326.2577348726237,133.15934417893772
493d5f75237e5b3ee1846c170a393411,Nodule/Mass,281.5834035461363,146.01009061939533,301.4626339981853,160.88570524337757
493d5f75237e5b3ee1846c170a393411,Nodule/Mass,275.9036234169795,126.50650700128531,292.94296380445,140.720983197535
493d5f75237e5b3ee1846c170a393411,Calcification,243.4477369646546,87.16877055119897,262.51557025539546,124.52309171808768
493d5f75237e5b3ee1846c170a393411,Nodule/Mass,251.15600999708172,209.47937968171948,265.7611589006279,223.3632866641029
493d5f75237e5b3ee1846c170a393411,Nodule/Mass,233.5468115442051,139.24170868398397,330.2740842714778,251.83430127657655
0bfd35d7f2b63b1ef799fefb18605191,Cardiomegaly,170.78355357060644,164.62548074022686,303.3863437543166,269.8918900066362
a704862ae5aae0c79c5c25f0d1015084,Pulmonary fibrosis,58.9765002216435,152.61748648208803,112.57811773450054,166.63015450183718
9cf44d78a4596e9817decfcefd7d4e63,Nodule/Mass,275.8592675187973,120.28705712073244,285.44481582137433,127.41532250325325
9cf44d78a4596e9817decfcefd7d4e63,Nodule/Mass,287.5416545125631,106.76793311939981,297.1272028151401,114.38780301106003
9cf44d78a4596e9817decfcefd7d4e63,Nodule/Mass,237.21752592403365,76.53425580732872,256.32146789945637,88.37990697606776
9cf44d78a4596e9817decfcefd7d4e63,Nodule/Mass,254.59133222245455,124.46569544841711,270.4673965985978,140.19703974087687
9cf44d78a4596e9817decfcefd7d4e63,Pulmonary fibrosis,243.20849361314427,120.04125486616282,261.7804934493873,143.63827130485245
9cf44d78a4596e9817decfcefd7d4e63,Nodule/Mass,268.0710095229535,89.56177529952198,274.06197721206416,97.18164519118218
9cf44d78a4596e9817decfcefd7d4e63,ILD,97.15425980069384,65.61498198937274,171.5377878386941,121.93699810617292
9cf44d78a4596e9817decfcefd7d4e63,Nodule/Mass,132.65291454119708,73.45765653875391,147.6231075362323,85.18346764002783
9cf44d78a4596e9817decfcefd7d4e63,Cardiomegaly,129.88217053341967,151.7918225537065,302.4318194802602,230.17206946728675
f3699d3679128726466b307f7a7cba73,Pulmonary fibrosis,70.82712542320748,73.26689235929116,153.42333646579067,125.14040060285744
a91d7a2861df777e89f50e82a13c951a,Calcification,221.01020785952298,97.97425082806606,262.43486539376954,134.80358792256538
a91d7a2861df777e89f50e82a13c951a,Cardiomegaly,123.03760511979695,187.88116197052022,322.2704818321257,282.1209363005626
a91d7a2861df777e89f50e82a13c951a,Consolidation,252.5718516951394,96.89103503116903,330.1608927910298,186.25633827517467
a91d7a2861df777e89f50e82a13c951a,Consolidation,54.65404347596133,98.51585872651458,111.85952292801612,151.05182487602093
08ee53ea1825d6e2feffc2a6488f2d7d,Nodule/Mass,316.08070368972625,229.8610019757481,345.27616338142656,256.54826066300683
08ee53ea1825d6e2feffc2a6488f2d7d,Calcification,248.09714232744523,90.24058479045452,264.06622545571446,119.43492233079542
08ee53ea1825d6e2feffc2a6488f2d7d,Lung Opacity,162.68267396432907,80.23232823631275,212.27202933821596,150.06364672603817
db7d9dd61d0814dce97bd87abc05bba1,Calcification,206.66097283995273,134.95612046507432,222.51605811794118,152.30319319171844
db7d9dd61d0814dce97bd87abc05bba1,Consolidation,55.50915985646291,205.64544182614924,131.08506634820782,254.21724546075288
db7d9dd61d0814dce97bd87abc05bba1,Pleural effusion,25.360589597377512,253.23687684591138,55.841571559106505,293.5970951422995
adf83198e0e44726552116b6bf7b845a,Consolidation,257.6322722636121,159.44845188622637,364.6057771841269,211.29450866856075
adf83198e0e44726552116b6bf7b845a,ILD,76.82379383817688,120.68504494616326,122.171257880569,142.97400393669955
c98c588c3c92079057ce4aac44fe5cfa,Calcification,222.3901562922309,98.95079789365664,238.37148412371667,121.69959625633837
c98c588c3c92079057ce4aac44fe5cfa,Other lesion,30.157612947787932,217.24454937960158,58.01078431123455,267.74688174475494
c98c588c3c92079057ce4aac44fe5cfa,Other lesion,253.89620258858852,209.0549819690361,336.0858885790867,237.71846790601504
80e46bd152ba3cc5a6e63683a0923ac1,Nodule/Mass,77.00292572140958,93.81560945795434,108.77426833141334,122.98364958694037
80e46bd152ba3cc5a6e63683a0923ac1,Pulmonary fibrosis,79.31356882031895,147.7489666775889,124.37110924905156,174.71564528740615
80e46bd152ba3cc5a6e63683a0923ac1,Pleural effusion,25.84597217414534,250.43531073449512,66.76791752276331,309.0876380823096
80e46bd152ba3cc5a6e63683a0923ac1,Lung Opacity,38.88305210821832,262.165776204058,56.26582535364895,287.6967892848714
80e46bd152ba3cc5a6e63683a0923ac1,Pleural effusion,325.336669548544,254.23046132758896,366.25861489716203,290.4568988071215
80e46bd152ba3cc5a6e63683a0923ac1,Lung Opacity,325.336669548544,260.4407077526517,343.8058661218141,270.79111846108964
80e46bd152ba3cc5a6e63683a0923ac1,Lung Opacity,282.18309093097076,204.8823023558349,321.76209308861434,246.99674599609307
ea1d58be10d8b14394ad4147c5fbb60e,Consolidation,88.84427284427284,207.99639451114066,144.84427284427284,258.12972784447396
660eef5eec9f1d7af587da0e67222e94,ILD,221.69947638440792,83.0810791958253,344.0973184534828,250.61775873250485
660eef5eec9f1d7af587da0e67222e94,ILD,52.502459406568995,84.56370467845078,174.00031734278312,232.08494019968632
660eef5eec9f1d7af587da0e67222e94,Cardiomegaly,140.70090442693183,168.33204444679055,301.7980642090231,258.0308861456322
660eef5eec9f1d7af587da0e67222e94,Lung Opacity,53.40244353942986,171.29729541204154,86.70185645528112,192.05405216879828
b2036bab38a8e48baca67602a5679fe2,Cardiomegaly,101.72589961389963,209.10424521899134,334.2964633204633,308.44015255489865
73eeafd1126ebf01dab13840d0b9a97b,Cardiomegaly,147.2656462649455,176.48648460123067,330.0930050082117,290.6486467633928
8eea7c2445255538d0785405b6832ff9,Infiltration,210.98578199164652,40.15767255655824,252.2820740321391,69.2037663916644
8eea7c2445255538d0785405b6832ff9,Consolidation,82.89302653979503,190.44655921202698,140.33241455975283,234.11172010959567
8eea7c2445255538d0785405b6832ff9,Lung Opacity,52.3251731885579,140.90992202800683,81.03774505420603,155.30800247253154
8eea7c2445255538d0785405b6832ff9,ILD,42.425529816626444,161.2866995971285,93.24285293265451,173.80269375369613
c853d0d3a60feb1f9536b5f60f1009a9,Pleural effusion,316.7271380970011,255.89686737973767,363.4120696038504,286.2269096928547
c853d0d3a60feb1f9536b5f60f1009a9,Consolidation,85.93261754905589,189.27909587056976,162.20659015179564,234.23255144179686
f3166688ad9e67fe8aa9f54e05bece5e,Cardiomegaly,169.44741185783047,220.5768635682765,364.9734354342544,326.053929799829
6325ed4ab3c3d0233263c751e7452907,Aortic enlargement,167.60805970033653,140.16216027690638,295.89159757264065,226.89575101049712
6325ed4ab3c3d0233263c751e7452907,Cardiomegaly,139.6024986155377,215.03474714949326,322.9937534611557,275.8223919371381
293df7b3db7c3d58656e9169abffce81,Consolidation,36.204899791896864,196.7489466392847,156.12191287971697,272.7669164682827
293df7b3db7c3d58656e9169abffce81,Consolidation,252.87898781752887,171.40962336295203,329.04945106644465,228.00077868009498
b8603c52ef3d03e6f9da6af8a089b455,Consolidation,55.716217945020674,136.25828709086167,173.887162101298,239.0330257336458
b8603c52ef3d03e6f9da6af8a089b455,Consolidation,292.7657167016249,201.871538314786,336.63756423269797,244.25885990192293
b8603c52ef3d03e6f9da6af8a089b455,Infiltration,251.72431094675017,154.25838255937188,339.4680060088962,247.74274934744102
ea88c9b569554c90b964773ed0f56448,Enlarged PA,223.305076563432,83.4876309877487,262.43585712735415,119.09166071493804
ea88c9b569554c90b964773ed0f56448,Calcification,313.96477463766126,150.27416861639875,324.1250213615374,159.69428457407443
ea88c9b569554c90b964773ed0f56448,Cardiomegaly,124.9216306374811,150.9404462248202,314.40603001958755,216.34275799665713
70ac27185833639e72610a5f6b937ee0,Aortic enlargement,154.9995380577569,138.04132213585552,264.80771323119575,205.8739044950412
70ac27185833639e72610a5f6b937ee0,Cardiomegaly,136.07872023029515,213.41531293947503,329.2280949352589,276.81281963275865
f7b3414f5897f955261269f1f239c2f0,Pleural effusion,36.29623592240845,252.11830552012893,71.77813189047555,280.8192169254099
f7b3414f5897f955261269f1f239c2f0,Other lesion,62.31629296565768,225.62515653063883,149.04981644315492,254.32606793591978
ecbd6ed341b1c3867c5f29be7ab776b1,No finding,,,,
fc853c552cdae3eb0eb78f6101922b06,Aortic enlargement,190.05634728903715,125.07107741125752,266.4891298510865,203.82820554675504
fc853c552cdae3eb0eb78f6101922b06,Calcification,73.68127190423951,251.17353113110033,86.50225478561553,264.375593072889
b5adba906f51061c5cc1bf23ab268b44,Aortic enlargement,149.9416923201095,108.96906255324677,252.24689550831894,181.1722907330188
0271d381c3e88527721efcfaf518be71,Cardiomegaly,133.01316838075635,235.70269409017277,322.1702527815864,296.2091323080977
0271d381c3e88527721efcfaf518be71,Aortic enlargement,152.8398316182371,140.62114831914795,264.29783035866944,211.06792995858908
e10a0d5156ca34ee9ffcb99a5bd8ffb5,Aortic enlargement,139.9139365984185,126.70622146535949,247.53001181513955,194.42565967495895
d0bfd37d06799af3d1b8407ec5ae5ef4,Cardiomegaly,139.4259080808599,233.31281008426075,328.93158983204955,308.35845816843585
d0bfd37d06799af3d1b8407ec5ae5ef4,Nodule/Mass,87.88452760457479,200.72155720199038,145.1527281337804,256.89858519643
d0bfd37d06799af3d1b8407ec5ae5ef4,Pleural effusion,51.44112726780754,227.30915823752673,104.54436775852551,303.2124708712353
d0bfd37d06799af3d1b8407ec5ae5ef4,Aortic enlargement,211.3645063270247,135.4077543726145,274.37527168449793,218.62940429467784
d0bfd37d06799af3d1b8407ec5ae5ef4,ILD,90.37969872959071,119.58330215930934,163.42359725316297,208.336343241088
d0bfd37d06799af3d1b8407ec5ae5ef4,ILD,275.20901101575686,114.92958464940332,335.33907112632187,237.92069026834756
d0bfd37d06799af3d1b8407ec5ae5ef4,Pleural thickening,144.0528396336521,92.3258138870028,186.0228144759256,101.9656573003795
521737fe7ce420e5fe1864c36f1f1865,Pulmonary fibrosis,221.60515210000122,98.20116027275738,273.9753059611569,127.22558289460272
521737fe7ce420e5fe1864c36f1f1865,Pleural thickening,282.8088258895446,88.61048149336499,306.7855228380255,126.46842404359802
521737fe7ce420e5fe1864c36f1f1865,Pulmonary fibrosis,41.338037193727516,137.83992655849187,87.135840262138,152.71546796510702
521737fe7ce420e5fe1864c36f1f1865,Nodule/Mass,55.07381619513581,106.131342126874,97.73902932366627,123.70234114312085
521737fe7ce420e5fe1864c36f1f1865,Pleural thickening,215.81630323420873,61.33616287246107,235.21715714724644,68.82261002949208
e2517364bc2e0f55109395bb870a1e5c,Aortic enlargement,133.0689453291311,128.52341910739253,230.5359078265063,183.2663700322937
e2517364bc2e0f55109395bb870a1e5c,ILD,51.21562245512182,119.59371789269233,115.56274332717537,205.3964991295942
e2517364bc2e0f55109395bb870a1e5c,ILD,265.0751712357703,137.4531203220927,310.49666832192577,206.94949064519423
e2517364bc2e0f55109395bb870a1e5c,Cardiomegaly,119.82100867900245,169.2894463918934,299.61443464503435,215.87919185989443
154dca2bde84a7434044daf0e61c5b69,Nodule/Mass,136.71463687332843,124.73962340800398,183.843220908294,175.77149630441195
154dca2bde84a7434044daf0e61c5b69,Aortic enlargement,193.56045472993642,144.27526225116017,259.1517830260225,241.95345646694113
154dca2bde84a7434044daf0e61c5b69,ILD,60.92021306451787,211.6532819346989,115.82258415679736,254.7114246910432
154dca2bde84a7434044daf0e61c5b69,Pleural effusion,25.938171306605298,226.80336920082,133.31360503575365,284.61291271628215
154dca2bde84a7434044daf0e61c5b69,Pulmonary fibrosis,62.674749932245746,157.48605142533302,116.23658173889953,175.33304882078215
154dca2bde84a7434044daf0e61c5b69,Pleural thickening,33.13458814797003,142.56915807988298,61.70089844485204,207.03144717986345
e16022b7bf206494be8c9001d580b06d,Nodule/Mass,225.14353846362238,95.18617365839722,312.4179302589258,157.92301672088198
e16022b7bf206494be8c9001d580b06d,Nodule/Mass,285.18724641000233,219.57326335283454,301.9193533533167,232.76480084176765
e16022b7bf206494be8c9001d580b06d,Nodule/Mass,286.49956852320344,154.1540060097582,312.74601078722606,171.3837692606096
8ae22bee34bbc561f7ce751a893a2715,ILD,72.41763985703285,184.93681447775333,150.5222824958968,281.5309088984691
768a10036282f67b6fbd8c51d4994897,Pleural effusion,295.2630523219715,202.21806285692082,373.26104152166306,249.85646550071252
b4c301c911e519f94d0e2752fa3e1a52,Calcification,199.94929451707185,158.9919144300601,215.18800693739743,172.93864386662207
b4c301c911e519f94d0e2752fa3e1a52,ILD,34.016648162415386,110.52702963800753,123.75573241544389,263.59238520427436
b4c301c911e519f94d0e2752fa3e1a52,ILD,213.4528156934676,118.63768365284993,300.09947367940254,319.3145928878099
b4c301c911e519f94d0e2752fa3e1a52,Consolidation,238.93712686580147,243.3260561272916,298.57041500906263,313.856852678491
b4c301c911e519f94d0e2752fa3e1a52,Pulmonary fibrosis,43.43137200002203,129.46909750468146,118.44092006051204,252.40866938126257
b4c301c911e519f94d0e2752fa3e1a52,Pulmonary fibrosis,230.3475136840597,137.86632881465252,291.9803296856591,217.921452300727
f0aaa2b7efab4e31457267461744f53c,Calcification,218.88096119249806,103.96196278246441,239.53174659933248,118.75989972112917
f0aaa2b7efab4e31457267461744f53c,ILD,72.48983797516088,63.03860151995591,165.91250679886343,226.8986696575254
f0aaa2b7efab4e31457267461744f53c,ILD,246.87424807731801,105.10026562390016,315.71019943343265,228.0369724989611
f0aaa2b7efab4e31457267461744f53c,Pulmonary fibrosis,81.4573830314333,109.46968965412097,116.8312568607234,139.81441654495325
f0aaa2b7efab4e31457267461744f53c,Pulmonary fibrosis,267.90349463721947,115.9720675951392,303.76720211263904,160.45147042109906
331d6f73321a73102327f7cff11ec842,Aortic enlargement,150.96208876324997,131.9133086232872,258.4683187936791,211.53293098323684
331d6f73321a73102327f7cff11ec842,Calcification,237.05817976219532,120.69927730498448,253.45743519056586,134.1561148869478
3e86f7a0078799279f334db4074f109e,Pulmonary fibrosis,107.61612758997428,77.89055475133682,132.601435173239,90.45055113968823
3e86f7a0078799279f334db4074f109e,Pleural thickening,95.0109273677867,76.41290811741318,146.33209970097911,88.78819867652412
d1852a0901c72a80c92083d82d764466,Pulmonary fibrosis,201.94637310868603,105.55010644964447,296.1536748665014,228.0195987348043
d1852a0901c72a80c92083d82d764466,Nodule/Mass,200.93683809278508,180.61205333409728,235.12497179521804,210.69761099223828
d1852a0901c72a80c92083d82d764466,Emphysema,225.79211121167447,195.22358701156185,261.25411679548137,224.54947028086735
d1852a0901c72a80c92083d82d764466,Other lesion,126.48061309363739,115.77992123232313,170.63935315677764,234.6448591905172
d1852a0901c72a80c92083d82d764466,Pulmonary fibrosis,32.69074568610014,105.0610766295435,133.61702755082467,214.18761889577686
d1852a0901c72a80c92083d82d764466,Nodule/Mass,55.16261313254273,157.41658534686937,73.6920476936445,169.4015813183054
d1852a0901c72a80c92083d82d764466,Nodule/Mass,74.42093367748281,122.37504361585339,93.79289448894653,138.94883231010573
d6a95ce76b332e2dc92d20c886f3e7b6,Atelectasis,128.54524089306696,91.45173556648166,186.9800235017626,150.88030699505308
d6a95ce76b332e2dc92d20c886f3e7b6,Consolidation,78.45828437132782,173.16602128076738,166.1104582843713,224.5945927093388
d6a95ce76b332e2dc92d20c886f3e7b6,Consolidation,249.58871915393652,172.5945927093388,360.8930669800235,273.1660212807674
d6a95ce76b332e2dc92d20c886f3e7b6,Cardiomegaly,141.06698002350174,188.5945927093388,326.1104582843713,271.45173556648166
d6a95ce76b332e2dc92d20c886f3e7b6,Pleural effusion,58.28437132784956,261.737449852196,117.41480611045826,302.88030699505316
d6a95ce76b332e2dc92d20c886f3e7b6,Consolidation,271.5750645249639,118.80033756144195,327.2583773994678,164.54020170835585
d07616157133b7d8b55fc45ad08b357f,Pneumothorax,250.70215675956547,56.21181653033108,314.08079753626447,100.34217673616298
d07616157133b7d8b55fc45ad08b357f,Mediastinal shift,168.68273928383732,31.182657010605517,233.3040985071383,216.26670503804976
d07616157133b7d8b55fc45ad08b357f,Atelectasis,233.91448524784394,117.68181863238996,295.3658966607586,221.43032742014287
d07616157133b7d8b55fc45ad08b357f,Nodule/Mass,50.97832663849279,163.6427118670526,62.62476350404029,174.95953259489593
c3ba79a8d1931b40cfb75ded4ec3027a,Cardiomegaly,131.45306034077498,206.90500732855708,284.1486273186106,261.7142079094576
86f8a2d7a8ea7bc8f1d9410b1434ffca,Other lesion,155.48704994714964,311.77312985310635,214.44617257925327,331.79431111583546
86f8a2d7a8ea7bc8f1d9410b1434ffca,Calcification,192.384521799134,123.9043905645035,226.17527456383664,138.24071166149415
7b821bff27b2f1508035d5d50a16cbcf,Nodule/Mass,59.00482531297809,192.3127796249359,110.8995565925955,225.66938688594345
7b821bff27b2f1508035d5d50a16cbcf,Nodule/Mass,99.67681606700582,163.69708788915548,123.17442904245915,198.10022289734096
7b821bff27b2f1508035d5d50a16cbcf,Pulmonary fibrosis,50.57732626755113,129.29395288097,95.46828836990974,171.73520354527358
7b821bff27b2f1508035d5d50a16cbcf,Calcification,213.2536732264014,144.2832415388984,225.999385307639,157.6993738251064
7b821bff27b2f1508035d5d50a16cbcf,Atelectasis,249.15944445664164,256.10712512122444,265.75142405654066,297.84949049936444
7b821bff27b2f1508035d5d50a16cbcf,Pleural thickening,235.0059641520086,291.1634085915635,288.1996407791674,308.322138902704
7b821bff27b2f1508035d5d50a16cbcf,Nodule/Mass,251.34508575452574,114.9725765904589,283.7197567816075,143.4265735902568
7b821bff27b2f1508035d5d50a16cbcf,Pulmonary fibrosis,210.08869715980373,79.24095527050252,279.76623815322574,194.36946146622776
7b821bff27b2f1508035d5d50a16cbcf,Pleural thickening,241.44145733019474,72.01598492290121,292.43383999273607,98.40644481426617
ff5b2414a7b94c78bb0073e656eb9c0e,Calcification,196.39680906294345,103.4325460302753,218.31327980340205,133.5212600976846
ff5b2414a7b94c78bb0073e656eb9c0e,Nodule/Mass,93.50083626451905,80.03021286673473,135.84791532235434,118.6626358668652
ff5b2414a7b94c78bb0073e656eb9c0e,ILD,113.13927896859873,149.62438701648594,153.56094358958453,202.40639536455004
79c75c4aed44b844eca14be58a9deb9f,Atelectasis,304.825460083033,184.4325273970711,326.3633548525672,198.31880165637605
21ef0a13b87ffc2026f003dbb27f8b68,Consolidation,243.74838365329362,153.1756379393608,308.42451212378313,214.6270653542067
21ef0a13b87ffc2026f003dbb27f8b68,Consolidation,64.82208712009933,190.2832124999546,137.12418718974686,232.84559207396563
21ef0a13b87ffc2026f003dbb27f8b68,ILD,72.5055536002156,133.36389130376833,128.48635489661598,186.62361232006094
21ef0a13b87ffc2026f003dbb27f8b68,Lung Opacity,145.5393046006474,128.55235571238782,265.1749437439874,184.70900930274092
651f80308ec0b380af4f031bd547c229,Calcification,224.11830370692408,140.0223144589653,243.42648026852768,156.48253497773237
33c4b9d23a829868e1418362e4d94500,Pleural effusion,86.23498827018915,158.48061725914863,154.73287236628013,183.37990121606043
294caa9ce5e9775c2ef2e3a256927584,Cardiomegaly,126.2123324349173,163.90448529195717,333.0035195713067,259.8902281732598
ca0433a808e565762f1a70a861beda2f,Aortic enlargement,145.7488335448594,150.40614961567465,238.66048527853926,204.82136665479544
f31c9526ebdf691e426925e8da3af65c,Pleural effusion,6.0530508876843925,261.01224474629305,31.399953373793473,286.617493126225
f31c9526ebdf691e426925e8da3af65c,Pleural effusion,315.47655859546876,261.4061716444459,340.3452176384437,292.92032349666977
f31c9526ebdf691e426925e8da3af65c,ILD,42.44230825777256,104.31708776371022,138.41090057843235,251.7524459427465
9312eef59a2ec95acb7e39d0508d89cc,Cardiomegaly,165.31863175963298,187.10478586153985,302.6249488037331,269.78906591438
0d0561a5e6379aba13d71e50b6b70747,Nodule/Mass,258.0928222723711,179.64885375437706,273.9250809246154,193.3979204786945
0d0561a5e6379aba13d71e50b6b70747,Calcification,198.89267482737455,122.54475744026118,208.70399070959712,135.8601147089918
0d0561a5e6379aba13d71e50b6b70747,Calcification,208.07914285776164,198.1507072810354,223.97518858842687,210.11739339288448
645e178a29fb3afd99c82be559afb26e,Calcification,91.47000371277161,205.45330104055844,137.5886837122821,214.19876924787303
645e178a29fb3afd99c82be559afb26e,Nodule/Mass,86.68732578689647,113.35258898227693,92.49486326831631,118.54521073036994
b4c7e3c3881a4f6198995e41c28ee42f,Cardiomegaly,129.9150579150579,198.72586684061295,296.71042471042466,269.15057726532336
5d74f8fd78068c30775dc2c98790e8b9,Cardiomegaly,107.15053066073473,179.45173556648163,296.2172829927932,268.4092645240106
74529936ae10f51ecfb193b3f504fb50,No finding,,,,
00a2145de1886cb9eb88869c85d74080,Cardiomegaly,142.69298511995137,201.6911178058639,328.22107500759176,278.78764290238894
24bc34d29332c13d3cf82c783d92d8ad,Aortic enlargement,179.6582768574858,86.2648478387585,236.27027925562766,146.83573152348373
6c17cc0ca0591575ae3f0ae62fd9edef,Nodule/Mass,231.65145799273554,95.42045937403562,299.311356236399,147.41547138510123
6c17cc0ca0591575ae3f0ae62fd9edef,ILD,227.3555914375823,69.4229533685028,297.16342295882237,93.65791659399947
6c17cc0ca0591575ae3f0ae62fd9edef,Pleural thickening,17.802161695926813,261.62169496794723,46.81418990195902,283.6863281228952
a2ecc47841fb7903a59b137768a3363c,Pulmonary fibrosis,78.5380996526185,91.85050986113839,150.11388184661973,149.61267082075756
d43df1abdb9859d5ba04dee128f1c803,Calcification,114.46909457658715,95.73878946860123,119.96909457658715,101.23878946860123
d43df1abdb9859d5ba04dee128f1c803,Calcification,106.96909457658717,273.2387894686012,124.96909457658715,287.7387894686012
d43df1abdb9859d5ba04dee128f1c803,ILD,98.01377884753063,141.2468700229495,153.7817339971111,220.01910667173195
d43df1abdb9859d5ba04dee128f1c803,ILD,240.88739441608556,144.7592810497831,282.00579347882086,203.07753331523122
33ea04bbc65df11ddd004fbabc94b193,Cardiomegaly,106.01342451891647,176.56620683995294,289.0582960791363,277.1975106360928
00b7e6bfa4dc1fe9ddd0ce74743e38c2,Other lesion,146.30283443834185,61.59114081805112,192.89483443834186,199.83114081805113
b1191a037edd92e49073961f2762a013,Cardiomegaly,122.42167482120024,170.35379593137046,302.995499851437,244.65336583043666
b1191a037edd92e49073961f2762a013,Pulmonary fibrosis,295.23444719970763,178.42060637755472,332.4874999280086,192.0068134448126
25f51d768c59ed4ac52079177d45479f,Nodule/Mass,75.23048742557019,238.43751894455778,113.44327326512587,263.74939242659934
2f2f368d580b179c65b6ad42f4d529f8,No finding,,,,
2d2bf2587e5341d8e4ae9c24150efdd9,Calcification,234.0899094381861,112.50687876209612,240.1432711942832,121.81431378190811
2d2bf2587e5341d8e4ae9c24150efdd9,Nodule/Mass,109.97799191539087,163.981005436739,134.99387560294883,176.57323524467444
b2fe15f8e72e8825f44f23fd2968c67e,Nodule/Mass,237.17025981419167,200.94980506455119,300.40862355405983,236.53281664756273
808b71dc92d1c05ff78bbe98894c7b1a,Pulmonary fibrosis,54.22581533514963,105.16036365382547,105.11573144429425,139.9910710660765
658f4a76ab0e81e31d37f12c8c661b3c,Consolidation,255.86552024580553,62.79021800693868,328.3143787668358,98.55711611505177
658f4a76ab0e81e31d37f12c8c661b3c,Consolidation,106.96141471410269,58.784325418830036,158.71059937198146,99.98779203937632
658f4a76ab0e81e31d37f12c8c661b3c,Consolidation,66.89752981768041,87.97011427505034,104.6243547618114,118.58657905559514
658f4a76ab0e81e31d37f12c8c661b3c,ILD,20.375282358540186,37.48782305180266,166.78776069476203,270.768179531565
658f4a76ab0e81e31d37f12c8c661b3c,ILD,217.81854846293467,37.934744878330626,340.2726212532294,295.1705413877995
658f4a76ab0e81e31d37f12c8c661b3c,Pulmonary fibrosis,230.5800508735283,250.79272798558804,280.8163320878521,286.50250392542114
658f4a76ab0e81e31d37f12c8c661b3c,Pulmonary fibrosis,131.8805336642097,244.46120742888004,153.15707629615864,265.4818556771506
658f4a76ab0e81e31d37f12c8c661b3c,Pleural thickening,326.1602784589866,317.9171540455684,348.7876614745845,334.4578150184611
7919e0bc92270c1acbd8b124aa5377ef,Calcification,218.2427606177606,97.16602128076735,243.58059845559845,127.55984367458974
851111c0d1373209b9cff31baf15dbe2,Pleural effusion,62.27027027027028,158.69497880972494,179.39768339768344,227.63706375180988
851111c0d1373209b9cff31baf15dbe2,Atelectasis,93.40540540540543,177.22779734254345,174.949806949807,193.5366776514238
3cfb5f7af41ff012658cb64ebf82e84f,Other lesion,36.109193746985774,156.51023257729406,158.01806800023294,220.09396484733017
3cfb5f7af41ff012658cb64ebf82e84f,Other lesion,251.21481356835247,155.73482120814728,334.99774645282343,188.30209871231216
3cfb5f7af41ff012658cb64ebf82e84f,Other lesion,242.2716915188864,13.059129285139507,297.8131863524122,46.40181815845113
3cfb5f7af41ff012658cb64ebf82e84f,Other lesion,93.53345111724128,23.13947708404772,159.43013990278027,53.76822616534558
3cfb5f7af41ff012658cb64ebf82e84f,Cardiomegaly,126.41284468022843,171.59805541700237,304.60462550214623,246.339945402898
e1d0449f1cb674cecbd6c6dd3da50b1b,Infiltration,218.0263981133171,124.39428839720179,293.2846261220401,188.347620001957
e1d0449f1cb674cecbd6c6dd3da50b1b,Consolidation,67.16940712750589,154.96846885736986,145.151914883151,179.93270794869974
e1d0449f1cb674cecbd6c6dd3da50b1b,Infiltration,62.09387067435216,144.9659759872489,108.75447159126405,165.55568302090535
dec3993b6e66ce949c974f022da4db2c,Aortic enlargement,177.28453747382454,74.14500412552508,254.60777744354445,126.96014608136105
33fb234fc2ad20c92d1a556d7c3eb916,Pleural effusion,41.19283101413076,131.42590087808057,157.68780947191703,253.27038674254294
33fb234fc2ad20c92d1a556d7c3eb916,Atelectasis,61.34327240416772,115.66377783520721,149.10963934743975,141.09811274529832
33fb234fc2ad20c92d1a556d7c3eb916,ILD,77.91141310264253,73.39262967477416,140.15388761853444,124.61952956411254
3540f15d1d45917683cfc818416099ab,Calcification,207.49465682567927,112.73358884833492,245.82354476288612,136.45559657034264
ae449aa8589959e118d06c008dcd5035,No finding,,,,
e7cf0491d7807df986ed34756aec6d4c,Infiltration,89.19110311900705,35.03685836357685,175.61580075113181,137.39550133968743
2f775125346cd62232d8e835794941c0,Pleural thickening,71.16913125984993,49.46106051220104,142.71359527267143,80.27213661390041
2f775125346cd62232d8e835794941c0,Pulmonary fibrosis,278.56799515794484,72.0981811624709,299.4618833880028,88.52079472831284
2f775125346cd62232d8e835794941c0,Pleural thickening,285.2838878033206,58.83376251313704,315.13229956054636,78.73039048713784
b698b97d189f5660ba5ffa52c142ac50,Infiltration,59.94371515097965,72.58854023532892,114.69358111528479,140.61162659340312
b698b97d189f5660ba5ffa52c142ac50,Calcification,232.06360627626395,98.45647448417404,244.3823261182326,115.7017639834041
b698b97d189f5660ba5ffa52c142ac50,Nodule/Mass,273.1260057494928,71.94982580943147,310.4243519376757,104.52426153019938
d8a40adfa4733b1f588859d6b59efaba,ILD,273.2246141764753,155.41597254087134,336.62875466630203,192.82984125123403
fb4dfacc089f4b5550f03f52e706b6f2,Aortic enlargement,135.1950200929792,103.78420907342326,270.37869356236695,203.4608048181041
fb4dfacc089f4b5550f03f52e706b6f2,Cardiomegaly,124.4195098888976,250.03101758406154,338.95012213379556,337.45229417980624
29b9c96e5b2af75325cad69a8ddab7c7,Pleural effusion,288.65134248572633,228.36057619755906,327.60404061623046,265.6329618596885
29b9c96e5b2af75325cad69a8ddab7c7,Consolidation,233.56276096861885,135.17658935942137,315.62652288339865,182.0706204868192
29b9c96e5b2af75325cad69a8ddab7c7,Atelectasis,205.87516880762556,91.39063881301317,239.87516880762556,132.45730547967983
29b9c96e5b2af75325cad69a8ddab7c7,Atelectasis,217.87516880762556,195.9239721463465,243.87516880762556,236.45730547967983
29b9c96e5b2af75325cad69a8ddab7c7,Consolidation,229.2085021409589,76.45730547967985,278.5418354742922,121.25730547967984
a331bdf1d1289608fc61e1fa6cc757a3,No finding,,,,
88c170fc29bb285ec48a809de2d206cd,Pleural thickening,68.01923761485585,61.53344261759246,161.76923761485585,95.93984261759246
88c170fc29bb285ec48a809de2d206cd,Pleural thickening,220.26923761485585,67.67744261759246,293.76923761485585,99.62624261759247
db050c843cfa1c40c2336f5628cebbbf,Cardiomegaly,126.30115830115832,200.20849232323843,347.69725498492625,318.07721819196433
e13092b1a2848a29558f6c661652332d,No finding,,,,
17cb989569ca6ef46e1066b0cec22304,Pleural thickening,312.30715727091774,239.72625003412793,341.52572730849374,266.3720787647484
17cb989569ca6ef46e1066b0cec22304,Pneumothorax,29.544795497538516,223.74038772881775,156.40347644360276,274.98353289273217
17cb989569ca6ef46e1066b0cec22304,Pleural effusion,28.635909411666802,273.1161472504048,156.85174672732444,293.1740101680684
17cb989569ca6ef46e1066b0cec22304,Atelectasis,90.52468920773939,160.02929995712879,133.7504119345289,231.68401352665728
17cb989569ca6ef46e1066b0cec22304,Consolidation,48.287937327276694,204.1913274018871,122.75980688537098,232.1012764807868
17cb989569ca6ef46e1066b0cec22304,ILD,41.85847549135214,159.7644615078917,96.15170877249264,203.60289209203285
17cb989569ca6ef46e1066b0cec22304,Pleural thickening,251.5303698073355,21.187946037217454,292.9646794166269,44.136923121532945
ae1be0bdd3023c9d1d16d25124c6c6d2,Infiltration,50.468544088663215,50.70830987541113,168.30731960735463,147.77422432510244
ae1be0bdd3023c9d1d16d25124c6c6d2,Infiltration,250.4373752718971,116.80377691313868,357.5635348343438,172.3239692248298
d8193f867f5fbf171e47c2bf35a88ce3,Calcification,231.06374199267873,116.1735436459836,245.42391798132496,131.0151968894575
d8193f867f5fbf171e47c2bf35a88ce3,Cardiomegaly,166.84339466905232,175.2076284311743,321.04811907850114,277.20762843117427
3edd2755894c91c8ab38a9ef7ddb7985,Calcification,124.9736586358809,69.26814035952503,130.08091856229544,74.97625439492955
fe2fe500ecf08063f5ecd579ae4a597b,Nodule/Mass,297.28408703854757,163.42422191109875,312.23721277050834,175.88516002106604
fe2fe500ecf08063f5ecd579ae4a597b,Nodule/Mass,315.2189093223692,150.5930315143658,319.80193156380835,154.55109617742687
fe619a02b19b72ad527dc3e8642f4afd,Pulmonary fibrosis,44.83928357023242,210.9065629967458,120.68107058491651,224.83913377314352
fe619a02b19b72ad527dc3e8642f4afd,Pulmonary fibrosis,247.85304044604078,205.6121861017147,315.33204486214754,295.0592904861881
16df71f433fedfbc6c67cc338137d7e4,Aortic enlargement,144.66092436115136,111.49136383828656,261.5178509319311,201.61628497393326
16df71f433fedfbc6c67cc338137d7e4,Nodule/Mass,260.6601895892599,124.17350376401248,291.16447571830366,153.53579355892327
342ac977b5591f53b37f9fcce27bfa2c,Cardiomegaly,139.0573981610399,163.92065882754173,346.937704823056,272.06594789943017
a3b5403784ffb7faa00003009aaa1d45,Other lesion,234.3118828966638,98.18902192028266,272.3360464368569,137.02622681346494
a3b5403784ffb7faa00003009aaa1d45,Consolidation,230.7629609662458,83.57286954112803,307.82526574103713,171.68738816974596
a3b5403784ffb7faa00003009aaa1d45,Lung Opacity,196.2877193564707,47.24129077008653,236.8468271326767,147.88394000940843
ec9bb4e880f135642dbb5f38d4a6d16b,Atelectasis,227.29226048447373,123.75690458962585,277.0110951651496,219.3143075866182
ec9bb4e880f135642dbb5f38d4a6d16b,Pneumothorax,230.2327630865728,76.91010150351951,343.1545756190099,297.310877199994
ec9bb4e880f135642dbb5f38d4a6d16b,Other lesion,117.07527420416811,40.33683783148074,158.77914221510747,61.36823495740278
ec9bb4e880f135642dbb5f38d4a6d16b,Other lesion,261.7621632217127,36.48108169172833,316.6580711136635,79.5954457998685
ec9bb4e880f135642dbb5f38d4a6d16b,Other lesion,344.74434957001,145.49382346109087,371.97952867919486,215.94900383292966
ec9bb4e880f135642dbb5f38d4a6d16b,Other lesion,169.4178840546324,73.28602666209183,199.20636120530335,156.00952202405185
5df8ceb0c06c1a5a7eae66e68cecc804,Lung Opacity,78.44814148336785,206.80918581448313,115.8959634481017,229.27787899332338
844c43d38ba987837ba7d59a2b0c2436,Consolidation,93.32020193478205,177.2959391176841,160.7522330506955,236.65726889111414
844c43d38ba987837ba7d59a2b0c2436,ILD,80.71608396919075,67.74730326308143,170.20532152488903,172.9787514977983
844c43d38ba987837ba7d59a2b0c2436,ILD,277.9705301306946,182.15277519005565,340.99111995865115,246.91058948834294
97e250bb4422a40cac4d09f33b1abbd9,Pulmonary fibrosis,86.8580620307642,208.5966870106814,133.27697003232888,216.2432446291378
d960415b14e778e388972a25ce3cd70d,No finding,,,,
bc288b3d6a7c674d372b85133272b09a,Calcification,231.17711388137587,140.42638455816186,251.56067552521148,152.34175832402926
bc288b3d6a7c674d372b85133272b09a,Pulmonary fibrosis,288.38259333343063,253.0808274354538,339.01273031973204,325.6562858275554
bc288b3d6a7c674d372b85133272b09a,Other lesion,281.1497166211019,256.33047482614495,357.4236892238416,342.987738577908
bc288b3d6a7c674d372b85133272b09a,ILD,43.77985360740327,84.09916311951586,167.39629196356768,325.6562858275554
bc288b3d6a7c674d372b85133272b09a,ILD,223.28670292247176,85.1823789164129,356.76615497726624,333.23879640583465
7f6b660751fb873941366907f14d16d3,Calcification,238.94401430296227,122.44225157786191,257.87091873614577,154.9287508594434
7f6b660751fb873941366907f14d16d3,Pleural thickening,112.7646514150724,60.053406366642854,178.5581763494721,83.67995129870214
7f6b660751fb873941366907f14d16d3,Pleural thickening,251.11131001000876,52.67011107537434,325.4670059975153,70.75918453898221
7f6b660751fb873941366907f14d16d3,Cardiomegaly,151.51974144492425,187.0460853764615,332.67725530539474,299.64133856830654
7f6b660751fb873941366907f14d16d3,Pleural thickening,23.53781623006461,295.21136139354536,55.08265695203709,318.0995767964778
a87deadff44a29f5c23ab572b217ccc7,ILD,288.3176256852976,222.4912846989328,344.33833150353234,241.09487150576135
63a81da4e2cbd78bdf8eddbdc368b3fb,No finding,,,,
bd47ad80d27388c806ee4575f39845a5,Cardiomegaly,135.84275184275182,206.5686186833648,308.20638820638817,311.2958914106375
5dda48765ebe01374eecab8e65821615,Calcification,218.12516109331224,105.26541389452464,240.51852259983696,147.89979905337265
94991be117227a4da154ae9d49583695,Cardiomegaly,118.47241580782924,192.79536491011098,316.9083056758564,292.1312722460183
94991be117227a4da154ae9d49583695,Nodule/Mass,326.77726339962555,193.34512350023397,339.4114731491491,201.42996990192188
3075ea62bfa39a295cbf419b9248401b,Aortic enlargement,200.63399795198367,109.39880446837724,250.6695611720745,157.77756095932602
a4284b7a3ea82f02a8a84f3a61633ba1,Cardiomegaly,146.217803991124,226.67366225507504,325.7002513331501,294.3082301563096
a4284b7a3ea82f02a8a84f3a61633ba1,Lung Opacity,48.3883155257278,227.30576102050713,74.57888724087323,284.19464990939605
b460bd8e31516f538e866724f62b0e53,Calcification,282.5854113688414,138.92728974282227,347.2124267013053,198.48754707322104
b460bd8e31516f538e866724f62b0e53,Pulmonary fibrosis,98.20833821445905,172.40560432069344,167.58733996842767,192.25902343082635
b460bd8e31516f538e866724f62b0e53,Nodule/Mass,107.71231105746845,159.55927430825452,120.54267439553115,168.12349431654712
503929d8c09942a6e67c9045debaf523,Cardiomegaly,128.15250410018007,202.07192452596095,276.8191707668467,282.6052578592943
af2a0be2fe0eed4b198487a185e78e14,Consolidation,200.9030795484678,34.46825906293866,274.60868738580643,90.15694054003897
af2a0be2fe0eed4b198487a185e78e14,Consolidation,261.86944652503183,79.96554785141934,325.5656508289047,138.20207750067453
e27172128ec1e2610400fd1312f53896,Infiltration,237.446176081635,176.8278884046322,297.4340029934575,236.81571531645466
e27172128ec1e2610400fd1312f53896,ILD,88.46576406491153,149.53802379393312,131.41580344036427,182.13403581994635
4a43a19ebccba17f3c1aa3b761298293,Calcification,228.3243243243243,86.04633016107626,245.37451737451738,113.47490158964767
4a43a19ebccba17f3c1aa3b761298293,Cardiomegaly,173.46718146718146,141.64478575953186,296.5250965250965,217.25868537343146
b7938de5b6940f45173e8f1e03b9396e,Cardiomegaly,152.4006981541228,134.97297108771718,359.3970487121171,243.20463131937743
25e8a01e7de94f8874d34b9afdd593c5,Calcification,193.50662036703167,120.17836491175616,229.5578669064288,147.1273927248863
25e8a01e7de94f8874d34b9afdd593c5,Other lesion,229.00057649291304,149.73320729722144,272.50057649291307,185.98280729722146
b0a1aba6962b7a2ae90ebd5f293a7413,Consolidation,222.8033456022514,74.69424560104538,316.85214503779554,155.45037052763072
0461006c3061e71f2cf28da9565d7288,ILD,273.01143180630345,193.8731055277037,360.77234828902084,230.22131450126193
0461006c3061e71f2cf28da9565d7288,ILD,19.080549248288484,167.9214112001371,121.74872775185875,205.75667908593815
91666dfbe7cae907ee17c02084290e4b,Calcification,202.79608760628503,96.96221128787418,232.8408706248622,124.87659935055851
91666dfbe7cae907ee17c02084290e4b,ILD,50.37377375594211,102.36499607420019,119.62333461583347,162.6960928548405
91666dfbe7cae907ee17c02084290e4b,Lung Opacity,192.1704936119101,225.12827260794091,250.06166089160763,270.4516338710091
d2f3d507053aedba58e585522d42fe7c,Pulmonary fibrosis,116.8528738227081,63.529733858042626,137.54858294621863,86.02968428975664
5f258fac6e0345f01b8253712e83e454,No finding,,,,
2a7272f9551b1b6248aba470735154aa,Consolidation,67.66609608566637,184.1375510363814,154.60963688909675,241.60107585512122
2a7272f9551b1b6248aba470735154aa,Lung Opacity,132.22297668222544,136.10833626250937,191.05303722586396,230.88026898595334
2a7272f9551b1b6248aba470735154aa,Pleural thickening,84.22463386978512,69.78456629606767,145.27795390369312,103.42639765914163
2a7272f9551b1b6248aba470735154aa,ILD,70.94877512779668,85.76751677864384,176.8117888264268,275.33028123562553
2a7272f9551b1b6248aba470735154aa,ILD,244.5378162236871,73.85214301277641,367.49672033327613,287.7872628999414
a8a87a9713db7e487362b5f8ecf4e387,Calcification,55.644069080133384,105.4353476989209,80.46263916322611,136.01537155130302
a8a87a9713db7e487362b5f8ecf4e387,Nodule/Mass,102.57252316445641,113.88055061236516,118.07397629308676,128.6244139264384
a8a87a9713db7e487362b5f8ecf4e387,Nodule/Mass,51.1729680537347,144.03845284569675,57.427940368796065,149.39985768717793
a8a87a9713db7e487362b5f8ecf4e387,Nodule/Mass,239.5892443235055,118.32095553137096,248.37529166085258,123.78846334411396
871a0f6c5f88473af86d1ceab436a040,No finding,,,,
a4b634d0e5c63f318bcd8dac6c029fc2,Nodule/Mass,272.0921653772714,97.31507374917562,288.5925890062565,116.92427284449127
a4b634d0e5c63f318bcd8dac6c029fc2,Nodule/Mass,282.6141746479286,114.293770526827,308.4409246759053,128.88110156114715
a4b634d0e5c63f318bcd8dac6c029fc2,Nodule/Mass,320.6368899668943,141.07706685213617,331.1588992375515,152.3164858457927
a4b634d0e5c63f318bcd8dac6c029fc2,Nodule/Mass,320.6368899668943,160.92540252178495,334.0285381295489,180.05632846843434
a4b634d0e5c63f318bcd8dac6c029fc2,Nodule/Mass,311.788836716569,212.8180391520715,342.159181656875,240.5578817747131
a4b634d0e5c63f318bcd8dac6c029fc2,Nodule/Mass,303.41905661490983,177.66496272510318,320.3977533925611,203.49171275307987
a4b634d0e5c63f318bcd8dac6c029fc2,Nodule/Mass,131.95813281806446,181.0128747657668,141.28445921705605,187.7086988470941
a4b634d0e5c63f318bcd8dac6c029fc2,Nodule/Mass,151.328195339047,147.29461778479723,167.589482393699,161.16453909611806
a4b634d0e5c63f318bcd8dac6c029fc2,Nodule/Mass,122.88252225431545,131.69047384035673,132.94943958814974,140.11859067798545
09291f525b50263a1b90764715395311,Aortic enlargement,185.5529006170345,126.89934082962391,273.0521971685062,225.2278167529837
09291f525b50263a1b90764715395311,Calcification,212.9623188138811,128.2907815266526,257.7661754818034,189.97798576159062
09291f525b50263a1b90764715395311,Calcification,175.93996866926176,43.69483225508736,223.89781813954568,177.1828523531508
c3f1d51f1ef2fcad77bf099d4e0e400d,Pulmonary fibrosis,294.01177350866215,189.35264717044353,321.8426421276221,218.18600205180667
c18ad9bd627d74fb2e47c7555ae8e0dd,ILD,138.41703915163686,210.87558039906236,174.65368283611141,247.3154393450612
0b3f7238925b27dfb99c7e53a6db52c7,Other lesion,136.20943871715053,105.24387987388828,183.83398609291314,205.59560470138797
a5555ff6d40a725f85f8e256763dd102,Cardiomegaly,142.47905072305204,219.04054981843146,341.7630219565276,293.201656832374
a5555ff6d40a725f85f8e256763dd102,Aortic enlargement,177.06552506935776,134.93100161969176,291.8047812340862,220.39715543454025
a5555ff6d40a725f85f8e256763dd102,Pulmonary fibrosis,151.94077059447366,104.26540481620401,181.0858150475331,143.19508718708053
67d7e1cdaf6a8da4b2247f70d06718e3,Nodule/Mass,112.7865654837348,72.11574155669695,175.32029009743937,128.67819026964168
67d7e1cdaf6a8da4b2247f70d06718e3,Nodule/Mass,232.0105467899485,234.4150735388158,239.01720772947206,244.92506494810115
67d7e1cdaf6a8da4b2247f70d06718e3,Nodule/Mass,101.43186564428159,215.3059982492059,110.34943411276616,226.1344742466515
67d7e1cdaf6a8da4b2247f70d06718e3,Nodule/Mass,133.59880904845804,185.6869315503108,138.3760778708605,192.37510790167423
67d7e1cdaf6a8da4b2247f70d06718e3,Pleural thickening,113.5342799943678,40.45795934927654,154.30030727886867,44.91674358351882
67d7e1cdaf6a8da4b2247f70d06718e3,Nodule/Mass,124.04427140365316,141.09908920788803,133.28032446029786,150.9721114408531
460283ce802309a67fab5f8d098cc7f1,Cardiomegaly,113.73616351544918,166.2425832709516,289.1772843291966,219.95304930778602
460283ce802309a67fab5f8d098cc7f1,Aortic enlargement,123.53734344917808,90.9695213799136,227.42985074670446,162.32211129746003
eaa0e16f139fc0f1a3771458025611a1,Lung Opacity,130.8603077048508,109.13418569195292,183.84547311361928,160.8627859131617
5fb0ad980bcb4764b72c8ec737669801,Cardiomegaly,126.14460678287496,173.41410795145143,277.86126469118597,228.73090246197546
5fb0ad980bcb4764b72c8ec737669801,Calcification,199.36896598167783,98.49687444113545,227.8158393394861,124.63079310752475
5fb0ad980bcb4764b72c8ec737669801,Other lesion,145.63598297248438,78.02530481913051,197.26179017739574,164.70280172932155
0cd194f171015c0eb824a1bd057f440b,Nodule/Mass,42.8207398628481,267.62175171888185,145.26080161120927,341.28748362278145
0cd194f171015c0eb824a1bd057f440b,Nodule/Mass,197.2057696710706,128.8197826358529,318.45840807297327,209.43997519259418
0cd194f171015c0eb824a1bd057f440b,Nodule/Mass,232.22814569966167,289.00857711033666,290.38422242138756,337.4853813309673
0cd194f171015c0eb824a1bd057f440b,Nodule/Mass,44.42136582766625,111.26029496802393,138.32475576366397,183.50023851249324
0cd194f171015c0eb824a1bd057f440b,Nodule/Mass,36.41823600357555,189.6786547366913,149.529137517391,260.01754713525355
0cd194f171015c0eb824a1bd057f440b,Nodule/Mass,231.1179202351104,213.11971528829957,329.6710382683745,288.8172258285246
4aa26eed11820103f29614a3a42c2d4e,Pulmonary fibrosis,307.4115440456142,245.3889989119368,334.6866708601703,263.59504504166483
4aa26eed11820103f29614a3a42c2d4e,Pleural thickening,73.55681708393672,50.77618468640914,125.10064291251564,71.59932545731031
4aa26eed11820103f29614a3a42c2d4e,Pulmonary fibrosis,57.49019818257332,139.98812757875706,101.18677302674534,166.28740162048047
4aa26eed11820103f29614a3a42c2d4e,Pulmonary fibrosis,50.35606351413708,82.27583176497521,125.71036094949497,124.64688438775177
fbbbec8a08c3776eb788dfa24e96c116,Aortic enlargement,147.10512114742684,138.1345328389138,241.104990552342,193.30836922875525
6f1fcc25543d35bc02e348deabf59581,Pleural effusion,332.49214511076394,167.2466823058374,379.74204666768907,249.8263082346461
6f1fcc25543d35bc02e348deabf59581,Nodule/Mass,145.02999027413338,55.10950106418834,207.05077123036156,125.77589857781774
6f1fcc25543d35bc02e348deabf59581,Atelectasis,151.74561623754664,94.65675104888003,163.99175770024135,142.95626127608543
353d7e4d7a4434ce27c7de1cd151423b,Atelectasis,108.17218185278867,164.24914689827577,163.91918909190147,196.84781244345496
96171d4df35e0bb38fd6df7e7b6f35e9,Nodule/Mass,317.7390411894346,187.66061119621176,341.69688016044796,204.7633769195718
96171d4df35e0bb38fd6df7e7b6f35e9,Calcification,235.02113646356693,107.0383717335417,249.0642756917404,150.8537824125459
c5ce86ee4edfdeb82681625ce2c49111,Lung Opacity,35.09959454430953,158.1913239176927,86.1286838633237,186.77787144558965
c5ce86ee4edfdeb82681625ce2c49111,Lung Opacity,118.51252900808268,133.63105068949957,158.74700327884386,184.7647342957377
e5f707e4fcf1763d282bf7d911c6d345,Atelectasis,72.06342601639156,151.85582703187083,139.3523516167219,176.23677941282315
f245dd1ae0f1919c98f3cc4e2c8765c3,Cardiomegaly,131.39607647658787,135.57797119444098,347.80090075141453,234.92464574086637
f245dd1ae0f1919c98f3cc4e2c8765c3,Other lesion,151.92169395331427,48.786364621040505,269.6592115694967,128.13351074113982
f245dd1ae0f1919c98f3cc4e2c8765c3,Pleural thickening,60.696096825923185,112.1329051038023,134.22993711163036,137.77274717076654
f245dd1ae0f1919c98f3cc4e2c8765c3,Pleural effusion,29.27347162097855,187.5181167402617,60.345357490460565,215.244698489334
f245dd1ae0f1919c98f3cc4e2c8765c3,ILD,273.8490406936282,37.165627494862775,364.43266398157147,230.25582685433488
f245dd1ae0f1919c98f3cc4e2c8765c3,ILD,42.34206801824945,27.72423560080912,162.83377011917472,196.8471620382049
f245dd1ae0f1919c98f3cc4e2c8765c3,Infiltration,59.648323481647616,45.06377202018535,100.49662496238011,110.8939898967813
f245dd1ae0f1919c98f3cc4e2c8765c3,Pulmonary fibrosis,48.99224483450002,146.3691628636136,84.51250699165871,178.18710150396828
f245dd1ae0f1919c98f3cc4e2c8765c3,Infiltration,325.16228310640867,73.955923199358,359.35053543267395,204.15346522195887
1ee597e9da780a7c2e68a78fdaae42fc,Lung Opacity,57.509409790095454,145.88271327335383,174.2983447126407,218.22984110147922
e9d6be0a35a7a6ee40349318f0e3e699,Consolidation,241.11025378475514,87.46656153701647,277.0163275767925,112.9154783318071
e9d6be0a35a7a6ee40349318f0e3e699,Nodule/Mass,260.23557317390924,130.61760198207804,297.09330159452765,157.17078745748452
e9d6be0a35a7a6ee40349318f0e3e699,Nodule/Mass,283.6087668064966,105.73894171683237,304.58470981010055,123.919501141435
e9d6be0a35a7a6ee40349318f0e3e699,ILD,250.04725800073024,84.44854975907403,314.4733686546567,162.91201674946436
7928b9dff786e3dc4951c30dd911ba2d,ILD,329.90206031462117,278.6741440453566,359.69897437299414,319.55920791455225
7928b9dff786e3dc4951c30dd911ba2d,Aortic enlargement,162.5809275252959,108.76219030324509,277.7574607124684,212.30228711484435
82f038aeccacf2b62fe9cd3fdc1776e8,Cardiomegaly,116.72503657606228,182.71777421850948,283.64224814897716,253.34720589233794
82f038aeccacf2b62fe9cd3fdc1776e8,Consolidation,92.35420403235845,192.65003804764157,128.22071230422446,227.9647538845558
3198b14b43ec49fdb55d5fe3b03a56f3,Pneumothorax,100.25757189443004,34.027398545083955,160.50442158861304,60.34070800729442
3198b14b43ec49fdb55d5fe3b03a56f3,Pulmonary fibrosis,84.61924429894252,118.99155980957438,113.10431739096697,150.34044809321819
3198b14b43ec49fdb55d5fe3b03a56f3,Nodule/Mass,130.19536124618165,57.943724730899596,164.712567463576,92.31750574366694
3198b14b43ec49fdb55d5fe3b03a56f3,Pulmonary fibrosis,115.78526544668692,92.86748623987123,144.27033853871137,114.8667060880423
a2ae0b4302259a54bb0a981f8e7c3580,No finding,,,,
a1e9c815d63650be13b90158b6523c08,Pleural thickening,67.80067797191623,303.6577420722163,122.56859183767105,328.96446137543364
a1e9c815d63650be13b90158b6523c08,Nodule/Mass,279.42815096774564,287.9501231943573,298.03860713572055,309.76626052471704
da090966e9bb8387c3992b2ef31d4423,Cardiomegaly,158.81213500538016,149.84304435288928,308.32724905075577,237.0980653155401
da090966e9bb8387c3992b2ef31d4423,ILD,100.64212103027961,133.02827468821178,164.26557381554585,203.92297922036556
2fdc77728d36fdc8506d65520d2aa0d3,Cardiomegaly,123.90537854536733,167.65850370733884,329.77990108843346,251.32292491072997
2fdc77728d36fdc8506d65520d2aa0d3,Enlarged PA,248.95913361794587,133.92284999629408,292.64603495334455,181.60257390790403
32ce0ed98d68f9ed492aa9cdbe8a11fe,Cardiomegaly,110.49279734172168,173.4194120821985,273.98213622663854,227.65002205378067
32ce0ed98d68f9ed492aa9cdbe8a11fe,Aortic enlargement,148.59600369430387,99.33968996415484,240.30953526389138,164.55820130252818
32ce0ed98d68f9ed492aa9cdbe8a11fe,Pleural thickening,280.18498377240763,125.21442544079216,304.55331341650094,196.1041116781545
32ce0ed98d68f9ed492aa9cdbe8a11fe,Pulmonary fibrosis,261.9251982485391,183.28397819744765,292.1854224757184,198.34684536831028
32ce0ed98d68f9ed492aa9cdbe8a11fe,Pulmonary fibrosis,93.92155617828459,180.72928779361374,133.43087744045127,192.6649708602263
e376386e1182881197fdc9a18a2bbbaa,Cardiomegaly,131.46575917177722,176.68057535701746,326.2177199508639,264.8866800320841
8d320a31edbc7f28ea0e329c5a91c55c,Calcification,221.26024178418336,92.24760017499936,234.24904793661176,112.48731889659435
8d320a31edbc7f28ea0e329c5a91c55c,Cardiomegaly,142.328265934811,176.51091893429276,304.18877337276444,238.0561860673061
5e0e46b7af5381ca4af6a51e7992a69f,Pleural effusion,37.92282530772113,140.66729124081508,106.36555319601104,217.17751778206684
5e0e46b7af5381ca4af6a51e7992a69f,Cardiomegaly,115.0566932453177,150.06328397395123,321.4712694163507,230.60036454368995
7742abe5bd817ba643d38fb517e35b24,ILD,248.93748264329048,137.61605019622715,323.229204310118,307.79832759926114
7742abe5bd817ba643d38fb517e35b24,ILD,45.81572330721152,111.37416346908712,134.93536271074697,294.4867542691416
7742abe5bd817ba643d38fb517e35b24,Pulmonary fibrosis,66.15097755319276,128.18770809405987,130.92884305438722,194.08309361136966
7742abe5bd817ba643d38fb517e35b24,Pulmonary fibrosis,86.59059530842401,207.75433541994016,133.44448831656953,268.4546490499931
7742abe5bd817ba643d38fb517e35b24,Pulmonary fibrosis,262.05685234564015,255.60368174993687,300.10598693614753,287.8678124181633
3185bd3972ec4bc6029fbfe00af919f0,Aortic enlargement,135.7609915198956,105.04381045386906,286.7183300717547,255.59619140625006
b856f3db2491d631aa4300206b97ff82,Pleural thickening,342.8124274301089,267.99273649453323,358.681647184042,303.28552310666595
b856f3db2491d631aa4300206b97ff82,Pleural effusion,55.16339942087482,220.70747208664022,113.40921123440904,262.566428674362
b856f3db2491d631aa4300206b97ff82,Pulmonary fibrosis,68.84530152472516,161.782940890078,129.8274937590294,183.67839510519406
b856f3db2491d631aa4300206b97ff82,Nodule/Mass,119.21173788048762,197.79567653483966,171.59387736380023,234.82475351628582
b856f3db2491d631aa4300206b97ff82,ILD,75.0998853436282,178.20453155141504,172.04593453662469,256.7705731468313
8997b6c26e44ce628e1eb711d11823fc,Cardiomegaly,146.00838143211035,137.98398168594986,353.5103166966538,244.57823910258423
f2e14d97296090e665581a5822208ba2,Cardiomegaly,103.2936927486949,181.03954367877031,309.5492880949785,308.22371694391
f2e14d97296090e665581a5822208ba2,Pleural effusion,266.55491565706706,243.300782268216,347.4316279858343,325.6251828323909
f2e14d97296090e665581a5822208ba2,Calcification,206.83696068360157,124.74610761623913,244.41824575717843,161.97111155978678
536b5b1ff8d718e73afa20299daa9578,No finding,,,,
d4ef228d7d297b572a2049a75d3c9d26,Other lesion,151.5449183614081,63.73309937092748,215.9204589139169,230.91733901475635
a3874b272553659e7d83cfaf09dad9e0,Aortic enlargement,141.96729109593707,143.25517210889535,264.3508511262724,214.24791223621781
a3874b272553659e7d83cfaf09dad9e0,Calcification,217.13199725630048,98.98911061774137,246.52332466516046,126.55099796129007
a3874b272553659e7d83cfaf09dad9e0,Cardiomegaly,128.47618999023078,205.06061645503482,317.35160547011833,276.88856528973747
a3874b272553659e7d83cfaf09dad9e0,Nodule/Mass,256.9396971133283,97.5374149689123,271.98314669739807,119.73787185424322
4a78111ddffd59513a73874c9978b3c2,Pleural effusion,271.8888315488944,228.99198795027178,322.9037378010927,275.55235502128164
4a78111ddffd59513a73874c9978b3c2,Consolidation,250.58656515878843,183.57733847576102,311.5441203321608,238.5686162606438
4a78111ddffd59513a73874c9978b3c2,Nodule/Mass,47.15528821628927,164.64537585942077,63.39838797711553,181.46492581948
4a78111ddffd59513a73874c9978b3c2,Cardiomegaly,110.44897907549559,209.030746400699,289.2915037207432,269.85121590192773
28f7374deb70d29031f3c87afa518c68,Cardiomegaly,107.67232589899258,162.4673723871927,283.1502642114863,232.6925209873979
2b363efe261baca45b7b1033e1a6b7f1,Pleural effusion,74.27040509658714,167.9572410630175,140.8377871245348,204.19948238934455
2b363efe261baca45b7b1033e1a6b7f1,Pleural effusion,309.56760962593,192.73509992897584,353.48359082492317,226.3886097319938
2b363efe261baca45b7b1033e1a6b7f1,Cardiomegaly,134.38794386814206,158.67725183981983,329.7443227369405,212.07874474690206
0b7b8344c7c39373cfddf21a7339f206,No finding,,,,
5559843d1f057bcaa0d9b5d56a9a3d46,Aortic enlargement,178.61191212614273,108.82761537087333,271.05858488899537,196.7144986643167
8edb79319d71c1813e91d049d466e237,Cardiomegaly,140.24722292540457,234.51933442648553,339.76551084656825,318.982890341214
8edb79319d71c1813e91d049d466e237,Calcification,224.25492310273663,122.5133146265195,237.9518307403451,156.0233123535585
8edb79319d71c1813e91d049d466e237,Aortic enlargement,153.0310033871725,117.00482184947204,268.54159113100405,230.38796484369993
8edb79319d71c1813e91d049d466e237,ILD,57.609213511833396,203.30454202321633,97.78680924881829,288.2271390026988
ea9f070ee0208d9fdbee8e73f55273fb,Nodule/Mass,21.028261490344626,212.18838924947957,88.29912331266695,267.3892528189079
ea9f070ee0208d9fdbee8e73f55273fb,Atelectasis,8.79719570446788,215.1157077721008,38.35560468700344,251.079906764304
ea9f070ee0208d9fdbee8e73f55273fb,Pleural thickening,235.9448153588019,48.50201922018054,295.36476822424413,71.61156167398275
ea9f070ee0208d9fdbee8e73f55273fb,Pulmonary fibrosis,102.51159190849113,49.110126895039066,139.38667228243364,73.52585699601833
76e1b5ea5308e49ae6b2081d559e938c,Aortic enlargement,162.30584363570222,128.09149349556841,273.2954863596882,200.40265613898555
b4be21fea9b9bf0992e72d56db1a2cc9,ILD,73.38992372796149,203.32960862826195,121.54153516462122,254.77760738763882
b4be21fea9b9bf0992e72d56db1a2cc9,Pulmonary fibrosis,267.28319761832944,117.95523925162311,289.54620621771204,129.26430664165238
b4be21fea9b9bf0992e72d56db1a2cc9,Nodule/Mass,211.3915782261292,98.83207722593711,217.56181451907463,103.89522585479848
b4be21fea9b9bf0992e72d56db1a2cc9,Pulmonary fibrosis,99.73264310863011,84.96519252176843,140.48887522207875,120.44251571432766
b45212c0181a586f4e50896ed1ade593,Aortic enlargement,176.8007725297526,136.27785294057162,243.45898129171232,204.79802284113353
b45212c0181a586f4e50896ed1ade593,Atelectasis,107.39077924617261,235.00991871196908,154.80894379295546,250.68850537663113
b45212c0181a586f4e50896ed1ade593,ILD,250.02767743931776,120.67095742577503,303.5643148308467,246.09965074307155
b45212c0181a586f4e50896ed1ade593,ILD,103.18432916540966,134.05511677365726,147.54325728981942,262.9254510661235
b0b42b663139625afc6e29526ae1ecfe,ILD,105.92398068926238,81.18351732251656,158.33506901171884,246.48002664718697
b0b42b663139625afc6e29526ae1ecfe,Other lesion,117.49556680804405,126.20533500154056,156.47111178177647,152.1890316506955
2220f4ec338e6fa4f139d9b91aca9da3,ILD,28.805808827618826,73.21712472013033,144.2466608383848,229.01530702807437
2220f4ec338e6fa4f139d9b91aca9da3,ILD,240.44594084125296,79.56709217173096,329.1654999404123,240.3769154940176
2220f4ec338e6fa4f139d9b91aca9da3,Consolidation,258.96895622638704,83.16723516135026,282.35455941982275,107.86289221709228
2220f4ec338e6fa4f139d9b91aca9da3,Consolidation,68.24647819236102,112.69375078143355,101.59161681719968,137.69111116414334
2220f4ec338e6fa4f139d9b91aca9da3,Consolidation,42.335653852087034,148.57667405562572,113.3993594546703,187.49974586778984
cbce6cd210357376529475ec2a30f1b2,Aortic enlargement,130.49191316466295,110.48806170630316,242.79624313105273,196.82543928046425
cbce6cd210357376529475ec2a30f1b2,Calcification,217.0484211387585,100.84632410918873,237.86580913252828,128.4567545009255
7bf0f93d42efd25936029bd1082d88a2,Pulmonary fibrosis,240.59421059267342,35.88118099209144,279.70088115085383,73.92303230324264
7bf0f93d42efd25936029bd1082d88a2,Pulmonary fibrosis,63.97088743108676,129.211166027386,138.37617832282217,161.55213048254132
7bf0f93d42efd25936029bd1082d88a2,Pulmonary fibrosis,285.06218698963255,254.2567711491907,341.23102025217,306.7414304054467
7bf0f93d42efd25936029bd1082d88a2,Pulmonary fibrosis,49.86831267933535,173.4981602623373,123.46288863873856,256.9490160698815
7bf0f93d42efd25936029bd1082d88a2,Nodule/Mass,118.275088927856,66.90890355328293,144.16056591666091,92.06967247714341
7bf0f93d42efd25936029bd1082d88a2,Pulmonary fibrosis,79.04370184160702,79.76190616148915,109.78512622685754,101.76544812056638
40393027d73d1c04bb8b5c49044b4526,Pulmonary fibrosis,88.71304711466524,131.05347536967872,125.58012664787208,152.98705433247264
879749b06c2dd7de7a76887d7f3dc506,ILD,27.991840194823187,100.62751904150291,122.84934801362652,277.98395651757403
879749b06c2dd7de7a76887d7f3dc506,Nodule/Mass,71.89731524238358,167.40720454594052,88.70064519885733,193.4252638333837
879749b06c2dd7de7a76887d7f3dc506,Nodule/Mass,34.49635501668402,198.6288756908723,51.84172787497948,238.52323326495187
13789084b882efd4810ca26dbfff3858,Pulmonary fibrosis,74.898442383488,82.99075754374175,150.82261166968323,136.01089529264857
13789084b882efd4810ca26dbfff3858,Pleural thickening,86.62252831725283,46.38677083889059,124.60568552826592,72.55789153007257
13789084b882efd4810ca26dbfff3858,Pneumothorax,42.488116541672575,107.79473035106727,101.30931520414438,261.87277715825434
13789084b882efd4810ca26dbfff3858,Mediastinal shift,161.61340122785498,74.28173343279319,203.134247342541,130.2729599913731
7a1b5a16dc4c8de5f96c282480bb02cd,Cardiomegaly,142.3127142043892,176.4864846012307,344.67547817196765,250.61775873250488
fcb5a0f8641a4e607de596e96eebca8a,Rib fracture,44.66409266409264,124.59459270933883,83.58301158301157,246.1698822846284
622892fc0ef372c3c6c99d593c341f2f,Calcification,191.82463367516996,105.4190652563869,211.1579670085033,113.4190652563869
622892fc0ef372c3c6c99d593c341f2f,Cardiomegaly,121.82463367516996,165.15239858972024,291.1579670085033,248.88573192305353
622892fc0ef372c3c6c99d593c341f2f,Lung Opacity,89.82463367516996,159.8190652563869,132.49130034183662,216.88573192305356
9105b96b6fdcb0dc599dc279b23c524e,Cardiomegaly,157.87966477389392,135.38056727336814,326.2390182305255,250.43096262301404
9105b96b6fdcb0dc599dc279b23c524e,Consolidation,254.5304047212194,41.902121051780796,303.79110443630793,130.75800674592696
9105b96b6fdcb0dc599dc279b23c524e,ILD,263.2601489745262,56.79703830686888,353.0518041513964,210.88238922157325
9105b96b6fdcb0dc599dc279b23c524e,ILD,72.45288172367715,71.17833772557462,175.33915328050753,204.20535734860272
5fc06f3386f8762ac1d2563520056a95,Atelectasis,210.74989471728853,147.52777934172326,259.65893933440225,222.34491952571025
5fc06f3386f8762ac1d2563520056a95,Calcification,199.46319211333926,92.63236287536597,248.90969875921243,127.60605562409359
5fc06f3386f8762ac1d2563520056a95,ILD,246.14724189712436,74.69330484764724,284.20716158675316,129.41291857964742
5fc06f3386f8762ac1d2563520056a95,Other lesion,226.1967963523649,192.40529443154387,337.97761827017314,212.9863945725876
b671f9ce0398d6aad805083ab7f5567d,Pleural thickening,107.03145266230847,43.2930334517521,176.68764413590694,65.36473084982346
b671f9ce0398d6aad805083ab7f5567d,Pulmonary fibrosis,246.69648124696994,53.97722675871969,306.42998632252943,101.38076896905022
2f3821fa3729d0814a5dc4890261fa51,Aortic enlargement,222.0924611188119,69.50987570946438,260.07470322857785,108.65483951646803
2f3821fa3729d0814a5dc4890261fa51,Cardiomegaly,145.74040300020084,148.9625250207094,301.5451104300569,227.6400265337959
4c98b411d5440af477230c1152109235,Cardiomegaly,123.48606715426146,194.0358458958799,277.5204716804226,272.09315185511787
4c98b411d5440af477230c1152109235,Other lesion,201.246200628883,144.50709845981518,230.46816161616118,179.37533665480478
4c98b411d5440af477230c1152109235,Lung Opacity,101.693418282393,151.63923809060853,141.31641623124474,203.94159538309282
5c696936abfc9bbded3d8fd2fa853678,Calcification,210.72721683386402,115.6988398135859,234.91653857760502,143.8687239834701
8058546ca8e9113170abd89d0009b58e,Cardiomegaly,135.89478764478764,160.17760429235037,324.1187258687258,266.9266390413851
a5eabc3dd2734b211c9b09205443a2ea,Pulmonary fibrosis,63.669730090518165,111.4705215901664,104.4094490716431,133.39450463415082
a5eabc3dd2734b211c9b09205443a2ea,Consolidation,253.24522241601954,174.11047314440762,322.7743428104727,235.85556824787395
a5eabc3dd2734b211c9b09205443a2ea,Pleural thickening,111.47100036170478,46.1460006836006,175.56815822534134,60.91113212138602
a5eabc3dd2734b211c9b09205443a2ea,Pleural thickening,237.49253107665115,45.25114423282573,299.416903927961,64.93798614987296
e8d5baa46d2b895525017b7583b27fdd,Nodule/Mass,80.88116085708862,124.59459270933881,207.35788833682514,222.44787456262068
e8d5baa46d2b895525017b7583b27fdd,Lung Opacity,62.813056931411964,103.83783595258205,98.94926478276527,182.41698653173268
b176812b6d85e2bad51164998ec32581,No finding,,,,
7b45ef51255aae696c5e6ee47ab2c631,Infiltration,48.39808369010715,224.16160206310656,95.27433787070916,269.48088551937633
53881e3f1cab94cd71cf490b9ac5dbe9,Consolidation,232.34609187365092,117.1814652962114,314.8314352597817,180.93436104910714
d8593a556bb7da12e839e6e374e35fa2,Pleural effusion,20.979924392032952,214.2934344081805,119.57823328846293,320.3011564159025
a36217236c03b1daaa338c22cdbbab87,No finding,,,,
ac0bac3fdb7c2aaaef82ef57e4e31fc3,ILD,48.12872231416745,142.50101712050466,125.37288675173835,202.2469247463064
ac0bac3fdb7c2aaaef82ef57e4e31fc3,Pleural effusion,14.334400372730217,268.57899541747213,44.37379765400778,300.5689302092399
435c653f95dd47326063ff145a0fa82e,Other lesion,72.85057711892829,192.58539958466565,154.28541091266544,245.63303146048187
435c653f95dd47326063ff145a0fa82e,Consolidation,78.27454967524943,78.36821313421896,168.69959500248083,210.01976317787145
435c653f95dd47326063ff145a0fa82e,Pulmonary fibrosis,76.89664418166069,80.06138340474074,174.7279342264587,236.96182847309416
435c653f95dd47326063ff145a0fa82e,Mediastinal shift,136.83553315276933,55.22821943708768,209.17557156617636,141.01551314352554
d87c148da020cba87422b84f96e40c97,No finding,,,,
85718436181b19f2d96683adba71e0fb,Aortic enlargement,170.34088929035363,105.11002532759102,238.94888929035366,162.966025327591
85718436181b19f2d96683adba71e0fb,Cardiomegaly,158.05288929035365,179.35002532759103,295.7808892903537,220.82202532759104
61811eeeb8edb37cac44cdaa6cd30364,Pulmonary fibrosis,259.42846974392074,140.1194916825771,313.96213350815617,231.1430722695276
61811eeeb8edb37cac44cdaa6cd30364,Other lesion,275.5406885833539,127.40670109780746,331.3137537967765,195.5472586321726
61811eeeb8edb37cac44cdaa6cd30364,Nodule/Mass,81.57436178556215,226.56646765901047,98.92598207418249,239.7877698671709
61811eeeb8edb37cac44cdaa6cd30364,Nodule/Mass,109.56918256068369,111.0340241371917,121.12384655265961,118.61920932237688
61811eeeb8edb37cac44cdaa6cd30364,Infiltration,41.781820474424926,132.52538216188304,159.63939319257938,267.79451796435217
61811eeeb8edb37cac44cdaa6cd30364,Nodule/Mass,275.95634404513703,264.6340241371917,327.5671765426295,317.73032043348803
61811eeeb8edb37cac44cdaa6cd30364,Infiltration,232.04862087562853,163.4982216680559,338.35152960180704,313.30562907546334
6c093584e2497ef2129a3bdbaac44060,Cardiomegaly,157.0333870428358,129.04246915721524,310.34853616270937,235.05019116493725
5e65e6bc517da1f30cb5ce0ce367efd6,Pulmonary fibrosis,106.74903474903473,134.9729710877172,167.5366795366795,192.795364910111
4b60a9073eca2b480adde9c58e337d1a,Lung Opacity,74.06039458789218,170.3700893723348,143.1977085829163,215.2223285430198
65865c33df06763900eca14fc91390bf,Calcification,92.84529623118834,74.10160034331942,117.18026416781603,93.49690023809319
65865c33df06763900eca14fc91390bf,Calcification,44.754764356424104,105.88834183753198,96.9011242206263,131.74874169723032
65865c33df06763900eca14fc91390bf,Pulmonary fibrosis,281.8546034588613,97.95505670354062,307.1025945922512,117.79462606480747
d225a781a397ab58fbd6b09296aeadad,ILD,46.21261822500654,195.90888741374116,91.27566707940213,251.08813090891948
037503b94eb68a16587a78bce365e681,Cardiomegaly,133.11746527499238,164.8411736778824,338.28142822771696,258.9792792211376
037503b94eb68a16587a78bce365e681,Aortic enlargement,168.17060467395038,81.26061268153443,272.814535526722,180.23759280878866
2218a9269d253e672bbf6dbe8da48f8f,Nodule/Mass,229.0041749090391,123.49705874396709,277.1514296341263,177.208669022663
2218a9269d253e672bbf6dbe8da48f8f,ILD,232.7961338718105,134.8881140572427,327.0650570806367,283.76211778588873
bbd308679b0ad1c2891ed0e90c732b6a,Pleural thickening,268.04139510680966,32.580954964221235,290.1542764584453,45.65724430348632
bbd308679b0ad1c2891ed0e90c732b6a,Pulmonary fibrosis,106.97119420550202,45.47239651066423,144.64948767893463,106.84037565072633
bbd308679b0ad1c2891ed0e90c732b6a,Pulmonary fibrosis,74.50098337359981,102.1068130773147,94.30686914069086,119.53087034051849
b7c7ddcf253b397213116453bb085158,Pulmonary fibrosis,56.27996626203439,89.21906310513931,145.30342095191898,132.70081794927998
b7c7ddcf253b397213116453bb085158,Pulmonary fibrosis,115.05325243947651,36.7239252888303,161.51833116013293,69.7008046760832
b7c7ddcf253b397213116453bb085158,Pulmonary fibrosis,283.29792986256575,139.35029104333978,333.6132359947202,227.9565457081056
b7c7ddcf253b397213116453bb085158,Nodule/Mass,273.3386884283603,93.51936734505232,319.59324072935846,136.16422368714535
b7c7ddcf253b397213116453bb085158,Pulmonary fibrosis,244.40423881874958,59.26826929960236,273.8748827698235,126.49400889948603
0f62d0a08f8d384a1ab5b78e83554e29,Aortic enlargement,172.89566188768515,123.4938138518836,262.42505374859263,198.9592016273612
0f62d0a08f8d384a1ab5b78e83554e29,Calcification,228.46562924962774,94.33673221135815,250.07617211260538,126.23800977099185
0f62d0a08f8d384a1ab5b78e83554e29,Pulmonary fibrosis,89.63717895177865,190.6270550971297,147.10868711860215,225.64457867784546
da7cdc23c69b13c2677e7bf8de1a06e7,Pulmonary fibrosis,263.0599522348387,105.78159057409579,320.06103189642187,139.36861084430626
ff19d9358c15fa5716e40336740b4038,Pleural effusion,21.12772063919376,278.9463368362394,51.195435615317066,313.83189123174475
ff19d9358c15fa5716e40336740b4038,ILD,58.37698482810901,224.77548627912194,103.27854746418419,263.58254468324435
ff19d9358c15fa5716e40336740b4038,Nodule/Mass,70.48527138165737,250.43821844958998,83.85483778453369,259.4097427043065
aad1e0551f34552bab5566ae73051ede,Aortic enlargement,132.44763448333617,115.3967298562152,229.69967433201336,187.97304517754546
cfd7df4ee77fb61a28de0a7afaae81fd,Pulmonary fibrosis,116.66036240370256,139.94304865649434,154.96221195281527,198.04837300951863
f599fe9d73fb3cc607a03fb258b7e198,Pleural effusion,16.3895918790649,164.7766466403049,105.16993441960507,213.28876238567145
f599fe9d73fb3cc607a03fb258b7e198,Pleural effusion,48.49319788702807,58.8743808955177,128.95038331439267,85.8255563096102
f599fe9d73fb3cc607a03fb258b7e198,ILD,24.951224182574435,134.75639867952302,105.36351568072679,174.99563590658195
e59e78c6c661eb4c3daab5df0075e6c6,Pulmonary fibrosis,127.0077924088059,35.52509775659655,150.00867956013957,59.132150816672485
e59e78c6c661eb4c3daab5df0075e6c6,Nodule/Mass,245.0687787874215,107.44732741887654,285.47127798548206,153.40119678774107
e59e78c6c661eb4c3daab5df0075e6c6,Pulmonary fibrosis,264.7829947597652,212.99064142475507,328.9597637351917,307.6718171528865
e59e78c6c661eb4c3daab5df0075e6c6,Pleural thickening,51.11597537853261,304.385994033289,80.80982077781078,317.5698800541081
e59e78c6c661eb4c3daab5df0075e6c6,Pulmonary fibrosis,49.98262250069755,291.38779654797446,67.88959797049128,308.28545327888344
16f1811f5ce5fef3f8ef60b2fc675af5,Cardiomegaly,112.31222435059247,168.7814782428115,336.4376984190442,282.449759642857
16f1811f5ce5fef3f8ef60b2fc675af5,Calcification,228.62378553777478,96.26008603735261,251.46121535991557,117.34786674957826
51ba8d89de58ac80db86507e11dcfd03,Calcification,207.82878930038214,101.90459325718923,244.38373231728949,130.80996987213462
51ba8d89de58ac80db86507e11dcfd03,Pleural thickening,22.114194176932358,257.186484745718,39.60113892428505,292.1432347596945
51ba8d89de58ac80db86507e11dcfd03,Pleural thickening,107.51555224539902,52.10688466372286,127.03586266104855,61.76160609615444
32d6ac0696adc1f9c50d689a97925cf2,Aortic enlargement,153.59296236594014,92.74073211843334,248.4102219395938,173.25366373916518
2578863f0f367acbce6b260b31470ff1,Nodule/Mass,276.747951769507,150.32321099169354,299.0319466111749,167.17475160794004
2578863f0f367acbce6b260b31470ff1,Pulmonary fibrosis,249.22066402391727,115.90304292446659,277.62183392016055,166.09912135583923
2578863f0f367acbce6b260b31470ff1,Pulmonary fibrosis,305.14912166575033,122.35682443707162,342.72605414385697,157.8526227563994
f1eb2216d773ced6330b1f31e18f04f8,Pulmonary fibrosis,111.99931410384879,78.85442324554069,163.59344507148643,132.83217457547516
f1eb2216d773ced6330b1f31e18f04f8,Calcification,124.06950070636955,91.43398393683896,144.42314870277707,116.3643860341392
fd6032971f08b0246235cd6c3f09fbae,Cardiomegaly,126.56391194286189,150.6157282867177,302.0021753405281,210.54070814389812
0799063103aea263344a77adbde5b7ca,Clavicle fracture,259.88601606434105,68.66210691483654,349.9833320877392,108.31499242595017
0799063103aea263344a77adbde5b7ca,Pleural effusion,39.09385144231624,235.9504052622611,60.9400060747344,263.252520404259
e004c56fbc5ff7e0906e46dfa150c55c,Pulmonary fibrosis,51.23173378877202,172.59462664241343,96.8437661836814,193.36541771746414
3beb39b65b26ffb9b93e9f12dd5f07d0,ILD,73.28622750557399,85.43662129617628,148.31387878177176,207.93372100528708
3beb39b65b26ffb9b93e9f12dd5f07d0,ILD,243.2176535324648,81.81329201162656,316.44343596190373,217.07001073120355
3beb39b65b26ffb9b93e9f12dd5f07d0,Nodule/Mass,79.33241045250048,129.87588970643222,100.55251674355056,151.48443683454198
3beb39b65b26ffb9b93e9f12dd5f07d0,Nodule/Mass,86.02818042527811,88.66140389535923,105.16107361967002,100.66728279598927
3beb39b65b26ffb9b93e9f12dd5f07d0,Nodule/Mass,297.8313954500239,147.45292640782614,312.50336705079707,160.3227043634128
3beb39b65b26ffb9b93e9f12dd5f07d0,Nodule/Mass,297.3254653948249,173.6076364465991,310.2266818024013,185.64710614698663
3beb39b65b26ffb9b93e9f12dd5f07d0,Pulmonary fibrosis,272.92596567877285,90.69793165300948,291.91472546492093,113.29143007675013
7087e60b5382e43856c13a72ca679c6e,Nodule/Mass,50.84501925645717,233.86727524354006,93.24392221931211,271.85100768416874
7087e60b5382e43856c13a72ca679c6e,Pulmonary fibrosis,71.21993263102809,111.20954611838839,167.29306117865508,155.01621894990768
7087e60b5382e43856c13a72ca679c6e,Pleural thickening,112.41885880202244,46.15852050709349,163.9739004453366,65.10022469604446
7087e60b5382e43856c13a72ca679c6e,ILD,40.784829441210036,79.79398550672956,158.98438986277228,276.6047368306705
7087e60b5382e43856c13a72ca679c6e,Pulmonary fibrosis,50.73327619638103,200.86811502262336,136.99034283593306,228.35174198628576
7087e60b5382e43856c13a72ca679c6e,Pulmonary fibrosis,98.18702059407156,229.1426377262473,147.86515926040383,266.1170135694478
bac58dc3a82b5a3d1f1affc2e9a5d6cf,Pleural thickening,231.09827950942315,57.490468146444044,290.7514462398517,76.52732572599064
bac58dc3a82b5a3d1f1affc2e9a5d6cf,Pleural thickening,119.61531217714685,62.96682443645061,164.2736938277955,77.04888346789603
bac58dc3a82b5a3d1f1affc2e9a5d6cf,Calcification,111.8715883656429,80.07889697042867,140.45571017345802,96.02306766689802
bac58dc3a82b5a3d1f1affc2e9a5d6cf,Nodule/Mass,286.7262985764779,88.62538018705438,293.29347761889255,95.63037116562994
bac58dc3a82b5a3d1f1affc2e9a5d6cf,Pleural effusion,32.15324389560402,238.44003230464943,88.5711051577559,284.62886077721487
bac58dc3a82b5a3d1f1affc2e9a5d6cf,Pulmonary fibrosis,100.43467411475042,212.49836151868806,152.37074265981545,247.50907168510744
6efc2a619fbf842eeadbb1abc9b523f5,No finding,,,,
4d3acb5e51c6ab03ed5bc7537125ffc2,Calcification,256.60995385555236,76.37652053180648,270.2953218782125,90.04715726488361
4d3acb5e51c6ab03ed5bc7537125ffc2,Aortic enlargement,178.3321586281811,100.21635222946306,268.2004150590364,198.30426925489954
72e0c97617b24b368795a2711b66def3,Cardiomegaly,131.2820574560349,205.6766671610072,301.01870855254106,269.6808936259418
72e0c97617b24b368795a2711b66def3,Aortic enlargement,149.14907336093034,128.23508928354494,245.29063513489118,207.0911252044312
ab9dedb9ff4cd9e80dca74505b599105,Pleural thickening,218.73435608100672,52.36329899696631,267.22462203505995,66.28978319833821
ab9dedb9ff4cd9e80dca74505b599105,Pulmonary fibrosis,284.6296286572218,145.44616631701953,319.2841152669419,176.99915549500216
ab9dedb9ff4cd9e80dca74505b599105,Pulmonary fibrosis,291.206407885532,228.78506705838456,335.73554825637,268.77860410131643
ab9dedb9ff4cd9e80dca74505b599105,Pulmonary fibrosis,277.65761275094735,189.21236297138637,333.91898182812747,228.24765245497335
ab9dedb9ff4cd9e80dca74505b599105,Pulmonary fibrosis,309.51143475592096,270.85813272351834,339.4094104746243,286.5227565518397
ab9dedb9ff4cd9e80dca74505b599105,Pleural thickening,53.91389478433674,279.4074685142108,76.68074726829511,309.0909886375801
ab9dedb9ff4cd9e80dca74505b599105,Pulmonary fibrosis,110.6290116132549,68.69507775866147,156.72279558041456,89.11510467245739
ab9dedb9ff4cd9e80dca74505b599105,Nodule/Mass,89.08283201855514,80.4210138626114,133.16456303516733,112.04193408559794
ab9dedb9ff4cd9e80dca74505b599105,Pulmonary fibrosis,81.75823118587499,118.24522318747144,105.24361354167748,140.60021446494693
ab9dedb9ff4cd9e80dca74505b599105,Pulmonary fibrosis,62.36907966768614,230.00232553148342,79.96255601229497,249.57762961526663
ab9dedb9ff4cd9e80dca74505b599105,Pulmonary fibrosis,68.6311644683096,208.22479973827458,161.3696584204003,234.89615155242927
aee6f5a3a0097e62a30dccb62dc7c871,Aortic enlargement,149.39349540330912,130.61709511662076,242.67251782649288,200.75437533557954
aee6f5a3a0097e62a30dccb62dc7c871,ILD,81.84094463004551,73.49216863724256,155.17699369605987,164.21157748186772
aee6f5a3a0097e62a30dccb62dc7c871,Nodule/Mass,88.39396645932693,130.9013543068397,139.888711488734,153.0337662105963
aee6f5a3a0097e62a30dccb62dc7c871,Infiltration,97.62761509786104,76.66810070092363,132.609854266561,110.76949212077143
dfe04a28b9450358d0bf83736ee3fe2d,Calcification,222.00759007483128,165.88241514363455,230.81363179891054,174.22013935912085
dfe04a28b9450358d0bf83736ee3fe2d,Pulmonary fibrosis,68.24055381590867,154.20960124195378,87.54610682639014,162.8252495979562
dfe04a28b9450358d0bf83736ee3fe2d,Pleural thickening,113.69449472891166,87.9984138447494,170.77344094458306,105.44772358675638
dfe04a28b9450358d0bf83736ee3fe2d,Pleural thickening,232.04936849964207,83.17689404761587,285.4909308878442,103.38135795941344
dfe04a28b9450358d0bf83736ee3fe2d,Pulmonary fibrosis,87.74082377229864,116.72600654391981,115.65700883007382,142.96938428419728
a6d47d373ff5dda12313d71b37a8f7af,Nodule/Mass,116.54272442798771,178.16400848586076,160.44810800062817,218.2857762313565
b83b3054e9691c9a180063acd5a3b8ea,Cardiomegaly,107.16871915588426,207.96016984582167,315.2045821510942,293.54363449341037
b83b3054e9691c9a180063acd5a3b8ea,Consolidation,234.89046882318476,138.39500072050893,289.5486848380121,218.48647833188872
b83b3054e9691c9a180063acd5a3b8ea,ILD,33.743966838830346,217.64242697295637,118.56471407913871,256.2116219868596
02425334e92510da663eb913ad0632ea,No finding,,,,
d5929a39b7527fc0e78f80b8a15f3a0f,Pleural thickening,177.9090866826994,61.334442280124875,200.36504684223274,69.6817082788201
d5929a39b7527fc0e78f80b8a15f3a0f,Pleural thickening,87.40476240336793,60.245668454208065,123.69722326726026,69.86317058313952
d5929a39b7527fc0e78f80b8a15f3a0f,Pulmonary fibrosis,34.78069415072401,92.90888323171114,72.88777805781095,140.63346926772957
d5929a39b7527fc0e78f80b8a15f3a0f,Calcification,39.77090751950918,97.62690314401715,66.76342528702911,133.91936400790945
d5929a39b7527fc0e78f80b8a15f3a0f,Pulmonary fibrosis,75.72354119304762,72.01903355747514,124.04306509779725,121.00248985175568
e06a136bef44d96402a353c3073f65e5,Cardiomegaly,145.31746052452695,164.5566872580604,320.9245046097407,249.64298423455156
e06a136bef44d96402a353c3073f65e5,ILD,89.79464511523142,146.2099544725045,173.7244823618409,217.20383351226437
cd8b2bb9706366aeaa560d62d888d4c0,Consolidation,240.19662321573387,231.50969213226912,288.0014039662992,303.31812998859755
cd8b2bb9706366aeaa560d62d888d4c0,Pleural effusion,316.2140614584361,312.9509692132269,358.92489016181,368.5587229190422
cd8b2bb9706366aeaa560d62d888d4c0,ILD,26.250637233695763,237.2018244013683,58.773561842686895,280.1117445838085
c73fd15d048336d86409528136f7bf25,Pleural effusion,299.7434104892068,233.27918976400656,344.51784431126197,274.7541096880455
c73fd15d048336d86409528136f7bf25,ILD,276.2729411470004,197.3807296616871,332.60206756829564,241.29535075772836
831d7c9c5ba5b96a73c71e5e2adb9c0f,Nodule/Mass,104.6967966931273,98.72114876277469,130.11658126181817,117.32500444277687
831d7c9c5ba5b96a73c71e5e2adb9c0f,Nodule/Mass,136.29977210285102,103.51305098338133,183.36072461515718,189.48541435308843
831d7c9c5ba5b96a73c71e5e2adb9c0f,Consolidation,100.90967054796523,142.3427640147734,142.9264358986955,187.6987900857261
37bf1c43895b0e72e6e6c4de3040bfeb,Pleural thickening,76.77750831063469,68.3602908029755,137.21298956977355,90.78680155734376
37bf1c43895b0e72e6e6c4de3040bfeb,Aortic enlargement,144.82025294504976,138.17184847383146,246.6730570251369,194.5998432751451
bc100835ebd9995414e3c7a23ca2b4dc,Calcification,215.56544415632436,95.30791708579227,239.0934395763903,114.42441336459585
bc100835ebd9995414e3c7a23ca2b4dc,Cardiomegaly,153.21625629314957,194.4195977928201,289.6786297295321,245.59298783146355
bc100835ebd9995414e3c7a23ca2b4dc,ILD,106.45436539576852,137.36420889916016,165.5684538886842,221.18269258314513
bc100835ebd9995414e3c7a23ca2b4dc,ILD,246.7400380879117,156.48070517796376,303.20722709607,236.475889606188
a1abfb947a060708b7817a8450c43dde,Calcification,136.41883869975385,54.74840748012146,143.9048474614907,61.94649282794536
a1abfb947a060708b7817a8450c43dde,Cardiomegaly,151.04591259389326,151.0793902277324,287.7089256266513,197.41465940836275
a1abfb947a060708b7817a8450c43dde,Aortic enlargement,166.14392165275032,97.19511651767351,236.688067427755,145.3525592054073
c6829051ecb281656c987fa2cfe5c706,Cardiomegaly,143.50171004589103,216.3086308390816,333.3894248677679,277.78978888788134
c6829051ecb281656c987fa2cfe5c706,Pleural thickening,301.9836144515278,137.7411265130613,329.6001046849002,189.57073997659322
c6829051ecb281656c987fa2cfe5c706,Other lesion,155.4248147971946,122.93266552348076,249.7583705448531,179.92280327126048
c6829051ecb281656c987fa2cfe5c706,Calcification,236.9071325154619,137.74112651306132,246.20377279204274,156.3638880605641
e1c35c4312a8aa97233d3b88fb07b033,Mediastinal shift,170.1577614641466,114.56763405626083,207.01842027399155,169.0868762213643
e1c35c4312a8aa97233d3b88fb07b033,Aortic enlargement,149.22454781904943,163.48558421810026,254.80075576823506,230.70108825726888
e1c35c4312a8aa97233d3b88fb07b033,Pulmonary fibrosis,282.05965987208396,176.62224649610118,322.2066233690146,198.5846731663014
e1c35c4312a8aa97233d3b88fb07b033,Pulmonary fibrosis,120.35308041777053,154.8706130990772,152.75457121117086,200.6265167789602
e1c35c4312a8aa97233d3b88fb07b033,Pulmonary fibrosis,88.20276397160586,144.77133706162553,114.82724477858596,205.16088561210177
e1c35c4312a8aa97233d3b88fb07b033,Pulmonary fibrosis,86.07852659899311,211.41412525545005,103.8978262126226,225.88390374400385
e1c35c4312a8aa97233d3b88fb07b033,Cardiomegaly,129.71865924702692,226.113381101127,294.6320649792168,283.12221705589224
e1c35c4312a8aa97233d3b88fb07b033,Pulmonary fibrosis,111.81173042861421,110.88984896948067,165.9151369895104,158.63645183382062
e1c35c4312a8aa97233d3b88fb07b033,Pleural thickening,116.91582538718933,100.20968780245727,164.89431799779538,118.00995641416294
e1c35c4312a8aa97233d3b88fb07b033,Pulmonary fibrosis,222.56804378798518,100.98327782648609,278.2873588027538,137.1111058067966
9ab8268a94a58960cf1045e60a2d71a3,Mediastinal shift,162.14740500132058,49.73693679429998,192.63448636417908,105.75616321953285
9ab8268a94a58960cf1045e60a2d71a3,Lung Opacity,127.9750720451495,45.87354186842183,169.5179081879457,103.82446575659378
9ab8268a94a58960cf1045e60a2d71a3,Aortic enlargement,153.77183319833745,74.8490038125078,247.24321451962894,157.08412437762803
a559fdd5f4dd5701aca2964c82857d42,Cardiomegaly,138.89605373307114,194.23581637595316,329.6443878848556,264.17469987061963
a559fdd5f4dd5701aca2964c82857d42,ILD,65.23839690196996,103.78392686041323,129.23335726024212,230.51787710388155
a559fdd5f4dd5701aca2964c82857d42,ILD,262.6696575817457,109.11123892816964,325.30302303877806,249.58404660953605
627085177f108602d3bdcf13a1748354,Aortic enlargement,160.2438046038227,132.17650829230337,251.23232521135404,192.56570615618597
edc89e6e9572acea901d5d41c970dd3d,Aortic enlargement,179.61424906707575,126.40140109251604,283.90244367923395,182.28209207429785
2764d6e99a99ac47b4a534511fad4db4,Cardiomegaly,101.75708045711967,208.62558671115892,305.9432751147899,302.6197978270986
2764d6e99a99ac47b4a534511fad4db4,ILD,41.93690624100533,89.70247612533966,145.2264070541628,275.64754594165504
2764d6e99a99ac47b4a534511fad4db4,ILD,242.9326916071495,91.33715805779077,342.2341808058993,294.85505864795573
2764d6e99a99ac47b4a534511fad4db4,Pulmonary fibrosis,45.24813937284013,244.39873224027744,59.47746520753849,263.5629443247758
2764d6e99a99ac47b4a534511fad4db4,Pulmonary fibrosis,315.56359160506327,200.26164498446514,337.93307010484045,214.68514756679792
2764d6e99a99ac47b4a534511fad4db4,Pulmonary fibrosis,68.38598316995112,129.0004900138419,106.4524318913842,148.50473861378828
02d04b6b6883fd92c12a3dde5d2ff6c0,Cardiomegaly,130.78954850918265,228.8825541619156,319.1658992212329,307.25883694412767
02d04b6b6883fd92c12a3dde5d2ff6c0,Calcification,216.67398044591084,113.28848346636259,234.23046653242432,129.92702394526796
5a823d8330fbfc71c32173de09b74b01,Cardiomegaly,134.4386411288626,198.67171342211233,343.66921550463013,260.1529471100549
5a823d8330fbfc71c32173de09b74b01,Aortic enlargement,148.78588051462953,118.22286508576198,293.0553432270635,203.57713100359715
a5077fc4cfddf23d5357c5f1bb3afe63,Other lesion,117.54309452681836,67.4735884854663,187.67334231921612,290.72154395793257
20085587273eae1d4ea461ee23b18fe3,No finding,,,,
7e5d928dcce24b3553e87d501a263b33,ILD,253.31690027140442,190.81508915719013,356.9451500820361,289.71108916996786
e90d09c66ee64d63171d0078f9d563c5,Pleural effusion,40.24406181785773,216.66609862233184,116.27753672335133,312.2777816449473
e90d09c66ee64d63171d0078f9d563c5,Pleural effusion,60.81189031972076,178.5446158943122,120.6378013455713,192.11799625740792
e90d09c66ee64d63171d0078f9d563c5,Atelectasis,42.8641170119656,200.7556019430143,103.68712655491368,211.55260905002228
1cc1ed63475e99d32f1884762955effc,No finding,,,,
458df830e90722a42a663360024ec00c,Pleural thickening,316.572304324704,326.72563940225035,369.0540363950694,363.52765705672704
458df830e90722a42a663360024ec00c,Pleural thickening,18.309787409954385,332.5364842950625,67.1541717130667,363.04341998232604
b8756da75ca0ff37e9124e4480fa5c51,Cardiomegaly,133.3392336833943,204.9896559026426,290.3371723376643,281.56680488843534
b8756da75ca0ff37e9124e4480fa5c51,Aortic enlargement,178.57592787191274,120.72522555148075,250.4224421713245,196.71104520147583
b8756da75ca0ff37e9124e4480fa5c51,Calcification,211.9860353444787,121.907884223076,242.7351608059553,158.57030304252888
b8756da75ca0ff37e9124e4480fa5c51,Pleural effusion,65.96622004792395,248.0886793958271,77.34856326490201,267.0592514241239
b8756da75ca0ff37e9124e4480fa5c51,ILD,90.69234919949508,164.80892159418713,157.26511949543894,242.674897840017
b8756da75ca0ff37e9124e4480fa5c51,ILD,143.523331340103,87.93779343433164,178.46191342894215,142.64163053342835
d0615f853a7deeec90f8b1bf30269fcc,No finding,,,,
81197e05ed18bedd54749a955c2f88d4,Pleural thickening,102.03615453608676,55.45469444869059,163.26510278898877,67.75778515273032
81197e05ed18bedd54749a955c2f88d4,Pleural thickening,237.77957754959596,58.0572713283913,285.43418350114706,73.43613470844095
81197e05ed18bedd54749a955c2f88d4,Calcification,212.2980000818468,118.43487809934493,238.0213645747486,148.42278068110076
e9810f2cff9e4bc1632dd815e2fe1b82,Other lesion,133.87811396816682,108.20005540198602,203.6199125169826,254.738250370169
0ea56c754d072508fc28428b2f6a0a30,Nodule/Mass,165.73871385787947,132.53632534591293,200.03486545889334,166.3890222044505
fd1952a0bbb148711493e3fd73ba1160,Consolidation,102.65516426491835,64.53162498507348,173.11810424901475,121.25397967821478
fd1952a0bbb148711493e3fd73ba1160,Infiltration,254.28427562310046,69.28898376578853,316.71979206470485,113.2030648185431
fd1952a0bbb148711493e3fd73ba1160,Pulmonary fibrosis,239.12136448728222,113.93496616942234,323.85527965803107,153.09168844146183
fd1952a0bbb148711493e3fd73ba1160,Pulmonary fibrosis,303.3407528272182,219.3287606960332,317.1657600392877,229.57537960834262
fd1952a0bbb148711493e3fd73ba1160,Other lesion,99.08742046825523,51.72335134468671,160.63100096069385,64.16567430963383
fd1952a0bbb148711493e3fd73ba1160,Consolidation,243.58104423311116,120.88802900277513,301.55688092888664,149.06623101162597
7158cb1a21c2af6490567b0fe1dfaae0,Atelectasis,100.75607517533291,61.5830096977558,174.8353012706072,141.64478575953186
28d11d6696649471d0af4e67f7126299,Aortic enlargement,178.27385714115582,108.76620961439978,251.31055945009825,210.8278871266362
28d11d6696649471d0af4e67f7126299,Other lesion,23.70113825286491,242.25737276581475,32.39549981871713,250.33471512376778
28d11d6696649471d0af4e67f7126299,Other lesion,42.211714489840624,182.79915818643826,49.7842229504216,192.44709489177106
3aaefe9e6128e0b34d206e0c86ef3e9c,Cardiomegaly,110.11371835949883,197.26872550711573,330.46663272541997,311.9230893453532
3aaefe9e6128e0b34d206e0c86ef3e9c,Aortic enlargement,120.76981784524291,76.47901109559457,262.343711012985,203.02061666956905
3aaefe9e6128e0b34d206e0c86ef3e9c,ILD,29.05124727151746,170.0431073381697,59.497245802214685,251.33650243417756
99710cd2d799534072c187da95e4fd89,Pleural thickening,3.711254310847181,253.30665718551722,63.71125431084718,300.00105718551725
99710cd2d799534072c187da95e4fd89,Pleural thickening,316.46125431084715,288.9418571855173,355.46125431084715,328.8778571855173
99710cd2d799534072c187da95e4fd89,Consolidation,34.46125431084718,97.24905718551724,77.21125431084718,142.10025718551722
99710cd2d799534072c187da95e4fd89,Infiltration,74.96125431084718,91.71945718551724,140.21125431084718,136.57065718551723
99710cd2d799534072c187da95e4fd89,Pulmonary fibrosis,81.71125431084718,110.15145718551724,128.96125431084718,128.58345718551723
99710cd2d799534072c187da95e4fd89,Nodule/Mass,303.71125431084715,224.42985718551722,317.96125431084715,236.10345718551724
99710cd2d799534072c187da95e4fd89,ILD,89.55174820851443,57.49982075312264,141.9481196309635,95.51743022590492
171388f8091a33de18fa9def04b01042,ILD,293.44568726824804,277.23524283286025,346.12495807288195,311.0957946989367
171388f8091a33de18fa9def04b01042,ILD,77.9698280500588,257.4234331900367,124.22282801777527,295.32842118560285
6e5612b9b3f15553bd159ead3b22e09d,Pleural effusion,263.0622510773886,200.61561643356544,317.2752226239422,251.5505943517228
6e5612b9b3f15553bd159ead3b22e09d,ILD,251.13282138342225,139.49684643917635,303.219663687672,221.18005344345673
39ec5d4083b0ece455f7e87381bbc0a1,Calcification,241.56911196911207,166.2207857595319,255.39311196911208,180.0447857595319
9f8b0424d8c2a0856a5c7aed3a7753e2,Cardiomegaly,128.57907690870195,143.82932645348833,305.4066674876352,206.7667142021648
9f8b0424d8c2a0856a5c7aed3a7753e2,Aortic enlargement,147.32794825906706,82.65653836131688,248.05717865122443,144.41752633899
f4228d13c7086bff401a1fdd7e5f4684,Calcification,233.58852385407806,121.15042744219112,246.8288561338532,131.30393013931837
f4228d13c7086bff401a1fdd7e5f4684,ILD,69.97584639685635,156.48461682819394,143.2705429456117,188.569685351116
f4228d13c7086bff401a1fdd7e5f4684,Calcification,36.87501569741848,290.51085243027336,47.27813391724183,298.2275144800901
47e9bd83458885c6edba8b24a267a392,Infiltration,226.71356041884735,65.04997137344614,335.5639541196347,149.08792203758276
47e9bd83458885c6edba8b24a267a392,Infiltration,53.35922971018591,85.45224841329434,167.96890350096206,174.8336525878674
47e9bd83458885c6edba8b24a267a392,Pleural effusion,33.20174939522527,184.06325410589398,113.25574264606892,288.01771330893
47e9bd83458885c6edba8b24a267a392,Atelectasis,61.42222183617016,217.58128067135885,100.58532644809367,257.9000662501065
47e9bd83458885c6edba8b24a267a392,ILD,98.28161441209816,210.29475315712736,154.72255929398793,263.24351976054294
9ed8458f2aa4cf1dd7a282dc9511e3d8,Calcification,119.07131422676116,44.854452593126375,181.0878151424101,92.13080962794854
01eb30a37b6f5fed8a8d3ab2d1c0a7d6,Calcification,68.1123127815306,76.48617173560766,118.62731834579091,125.05515841763379
01eb30a37b6f5fed8a8d3ab2d1c0a7d6,Calcification,227.47146731318514,39.622250265644325,270.1096038878723,77.44396312442903
01eb30a37b6f5fed8a8d3ab2d1c0a7d6,Calcification,224.00711871649182,116.58811349575869,248.79053560052873,146.47520127927388
01eb30a37b6f5fed8a8d3ab2d1c0a7d6,Cardiomegaly,128.20341894268878,216.8996741504074,340.76083044720065,295.7043125383835
01eb30a37b6f5fed8a8d3ab2d1c0a7d6,Pulmonary fibrosis,38.33969714373587,154.96994419687894,61.13397982336816,177.9282401728139
01eb30a37b6f5fed8a8d3ab2d1c0a7d6,Pulmonary fibrosis,42.19651478385295,115.90957147200876,68.45800922986201,129.30041352912679
18f0e2093719a4b98c7e79d4f202b33f,Pulmonary fibrosis,95.49574628673119,77.27666502454397,160.15757007983603,145.86635550033344
18f0e2093719a4b98c7e79d4f202b33f,Pulmonary fibrosis,263.1959234412063,119.55207173289216,322.0749825048464,169.59234906114114
cc45b918922f7a10cd90b6f30e2f9580,Lung Opacity,95.38402153269175,83.46717351427966,181.0597000058309,145.46703716759362
cc45b918922f7a10cd90b6f30e2f9580,Lung Opacity,111.51474316117326,253.91882152677564,150.52602850601343,279.0708947999598
cc45b918922f7a10cd90b6f30e2f9580,ILD,242.0606461441492,92.14599427574906,310.8414827756914,128.34538666010116
78dd6b0489bee998af8fb581871942f4,Aortic enlargement,161.69491048689636,84.03965890418897,249.88909589852625,159.357007327344
78dd6b0489bee998af8fb581871942f4,Calcification,229.9664424446595,87.92700591957761,241.6284834908254,100.8038429080525
78dd6b0489bee998af8fb581871942f4,ILD,95.0074924014491,105.41645035557808,142.90323241214034,197.42668774453756
78dd6b0489bee998af8fb581871942f4,ILD,256.97071849023393,111.71852140961639,303.60604429011755,199.00220550804715
0aa034371e578904c6789c08e4118733,Cardiomegaly,118.68052159231006,159.32195406927525,299.56565748611195,230.894673789294
4d60dedd8acc1fc0c83596e2a0c6d0df,Calcification,43.4920166364182,149.30412155687483,56.06622284568562,161.47396683303745
4d60dedd8acc1fc0c83596e2a0c6d0df,Calcification,275.8004763526337,101.40153908687299,284.91677585435264,108.91059255514354
4d60dedd8acc1fc0c83596e2a0c6d0df,Calcification,285.2311310095844,117.97324329271147,298.74840268454676,127.81269266492806
4d60dedd8acc1fc0c83596e2a0c6d0df,Calcification,330.18391820771524,120.82150495308996,341.1863486408243,131.178820081739
4d60dedd8acc1fc0c83596e2a0c6d0df,Calcification,30.8491540230068,215.0942560641954,39.14890653539309,222.2279612959122
4d60dedd8acc1fc0c83596e2a0c6d0df,Calcification,218.7840965959082,30.907673686775098,277.6927271610152,44.465505030640266
a6c7487aea4a4e9c3bdf351c1ccaeca3,Cardiomegaly,127.42329095875945,226.8763932350955,324.4375462842006,312.146275730017
a6c7487aea4a4e9c3bdf351c1ccaeca3,Calcification,204.4580784343252,120.28904011644369,250.05913079055094,168.1527949131213
6f8320a9c444090bd55010537a9e7dcb,Pneumothorax,34.25925777553681,187.20208021136253,108.44888210469601,251.1207587374109
6f8320a9c444090bd55010537a9e7dcb,Atelectasis,73.27750464494646,187.69000905507284,156.25997333904306,232.57946267641972
edff2d7a316236e57447381af74a7ebf,Other lesion,148.6994179814302,100.65591018253387,207.77187917433474,214.6409300031858
edff2d7a316236e57447381af74a7ebf,Calcification,236.39283483103253,125.23607185976951,264.8094144543801,149.95965334455497
edff2d7a316236e57447381af74a7ebf,Aortic enlargement,202.39250059804718,98.84820016000812,276.30736801181286,178.21067086285765
6786d1115f8dd6a72aaf6484ebfcc7aa,Atelectasis,288.9081239218768,290.023725866162,306.8420865503696,300.0155050448937
5644031df0b3584a477f0454acb7b291,Pleural effusion,37.65231834659268,230.7272151770709,159.56689936981576,281.70052515187547
5644031df0b3584a477f0454acb7b291,Pleural effusion,260.13894593514857,220.86643231131453,351.9748664317267,276.63668813571485
20614fb1b38f8b6d81830b92068b19e7,Lung cavity,76.95937863419728,124.36008030428351,181.03295570484892,220.18335231334336
777e5578741dea8a02a689fe907a4215,Atelectasis,269.1073281153052,187.7396172642969,299.86897491592254,254.18284785521234
777e5578741dea8a02a689fe907a4215,Atelectasis,80.50313297709346,199.3337380385506,132.44493003387367,228.76496769627155
777e5578741dea8a02a689fe907a4215,Lung Opacity,34.108518130260606,138.2416401126753,93.61465456424186,218.5086300882779
777e5578741dea8a02a689fe907a4215,Other lesion,51.345470919357425,124.58133791751433,117.44722816402088,174.952225464451
a2d27708156f3e692475bf6088380dc9,Consolidation,232.2415174689934,201.5908945599329,288.1319284278975,287.16494251479895
a2d27708156f3e692475bf6088380dc9,Pleural effusion,271.69357226351394,260.6261554908215,342.04973664707563,312.0789058434308
a2d27708156f3e692475bf6088380dc9,Infiltration,104.67987363337697,189.133912895617,154.65247637310299,251.41882121719667
8a56a454dfea716a4d249144054974c1,Cardiomegaly,144.0532258853839,160.86323031741185,280.9584823480914,235.00587550502414
b2026d7a8878474b33490ccc9ac1d0b8,No finding,,,,
527cb2595339f9379a4af358760e9a50,Calcification,232.7224704658276,112.91914526049875,254.9694480550874,140.83530299602026
884f2b574d9600dd52f4a04c9aa3a230,Pleural thickening,327.2217296908049,275.6667155390882,345.95514940439404,309.1254744694054
884f2b574d9600dd52f4a04c9aa3a230,Nodule/Mass,41.86382475125106,232.79768065961935,51.88402599340334,244.2991290419159
884f2b574d9600dd52f4a04c9aa3a230,Nodule/Mass,122.09286415648303,74.32499162829235,143.72536572770883,89.50569448529295
72d2a167034f2cb425bcf7897137c464,Cardiomegaly,127.6267837804073,183.4980923815449,292.47204028533486,230.39861660321455
72d2a167034f2cb425bcf7897137c464,ILD,77.70260173401928,123.86830519709285,147.92089176853898,209.56537157498846
e3b71794633b8844194487201eaf52a9,Calcification,343.56274178939714,229.9822630149256,354.9273717234562,239.60798330015666
e3b71794633b8844194487201eaf52a9,Pleural effusion,72.34110844356195,205.61835516468298,135.28748725377054,311.5219023551196
e3b71794633b8844194487201eaf52a9,Pulmonary fibrosis,133.31959423129842,116.89810379353315,183.53041633151662,156.8759526011432
e3b71794633b8844194487201eaf52a9,Atelectasis,85.93415253839666,182.12360172895552,119.50603957774837,187.9673923731409
e3b71794633b8844194487201eaf52a9,Atelectasis,92.80559140610022,154.3655961690749,120.09502005212295,164.10524724271724
e3b71794633b8844194487201eaf52a9,Nodule/Mass,124.36986290950861,158.326866821569,135.5492577405008,166.5432044577728
7a8b67a254b16ef9e2b863ba65f7e011,Calcification,227.35465264685084,124.23302273162402,271.8171146034546,154.8057027725271
7a8b67a254b16ef9e2b863ba65f7e011,Nodule/Mass,123.73778478276557,167.22585403914397,184.43871110612895,207.98942742701473
7a8b67a254b16ef9e2b863ba65f7e011,Other lesion,93.19400656909865,193.34001824074866,174.77295850686727,228.05274870385736
85ffcfa2cb02025abd57e2ed21ec4aa2,Cardiomegaly,115.98773066166747,246.69459516225496,287.7708264730346,299.6782970028694
85ffcfa2cb02025abd57e2ed21ec4aa2,Aortic enlargement,142.89351675260446,161.4239500125162,239.13344392403297,218.8229603398485
6959b17325347f030bc39218814e23b5,Calcification,208.14195585713074,86.20715766338158,226.80177959846506,117.37098700457898
6959b17325347f030bc39218814e23b5,Calcification,147.6998226459071,197.0718270675326,167.24146901082366,237.9316331032673
6959b17325347f030bc39218814e23b5,Pulmonary fibrosis,121.67299761044225,72.0930287023286,131.18568718757157,81.95804011564788
5b60ed5c54d1c07ce7c02515c7499c1c,Pulmonary fibrosis,71.80655112561807,158.6161486577757,98.65656450079214,172.38027660804397
5b60ed5c54d1c07ce7c02515c7499c1c,Other lesion,163.91419264480652,71.59631920943576,201.22024724748786,135.90627858280553
dd8e8db5d12ef22a32ee27794dfa0d17,Calcification,204.49354147127013,73.92107723444947,240.50904193428966,109.02143809955786
dd8e8db5d12ef22a32ee27794dfa0d17,Cardiomegaly,129.7768485651682,184.1231350796572,319.1370246848009,247.33694029044344
a7db5a105f5e78792f0164a843d58440,Cardiomegaly,112.9617849928748,199.47470129119048,282.53486877493907,263.2644676801108
a7db5a105f5e78792f0164a843d58440,Nodule/Mass,263.20112050525006,179.64368583349506,306.7020541120504,239.1367322065814
a7db5a105f5e78792f0164a843d58440,Pleural thickening,288.97945153150204,241.45035067664583,309.1187726457614,272.51894156036866
a7db5a105f5e78792f0164a843d58440,ILD,235.00607094528687,112.21823327733053,281.3265095080835,186.91505816798332
a7db5a105f5e78792f0164a843d58440,Aortic enlargement,126.25373692828602,134.03235028079553,224.13083754358675,192.53384588099706
a80ed41299d1b739fb229bea79072a42,Cardiomegaly,140.11021469069348,171.8215482797492,317.19165988390404,231.6152873715915
0ce1b656d171e2e760340f29f4a064e9,Pleural thickening,83.30421005691763,60.05207856103621,118.72686223233059,84.29904460941337
0ce1b656d171e2e760340f29f4a064e9,Pleural thickening,231.797008122798,47.03821286633098,281.0181698438056,63.02061361338756
33218cf183c1224a74ccfb514e827e15,ILD,92.49714950831954,98.14632262160305,176.17978432708603,222.58683975280326
33218cf183c1224a74ccfb514e827e15,ILD,271.68019581873165,148.13299969333252,329.4914817049787,251.26340712553232
33218cf183c1224a74ccfb514e827e15,Consolidation,115.68146035959974,105.72024265304768,170.01128447784768,170.57708794455195
fb029eba1fbb59352e370f1ce93dfc92,Aortic enlargement,172.46734546174088,95.45542830878132,286.3264345892553,182.68034181706793
3c507def3894eeaba8be81a1e2cf1f38,Cardiomegaly,165.20995799178198,206.4445613651569,353.90863127147685,268.9123369097632
3c507def3894eeaba8be81a1e2cf1f38,Atelectasis,331.1208677610053,191.82444368450436,360.30519646739873,202.45725654316078
3c507def3894eeaba8be81a1e2cf1f38,Aortic enlargement,178.8889419676708,140.37541797859828,274.2757679552079,194.4959651986445
fad4bd66087b5d10e190636698e66c2a,Other lesion,82.16511321350589,208.32158334911813,102.1597840421977,224.63302534094564
fad4bd66087b5d10e190636698e66c2a,ILD,259.7493607051766,189.1161758426115,316.31323212844956,249.100188328687
fad4bd66087b5d10e190636698e66c2a,Other lesion,294.2171547849355,177.65211606476743,307.41812460064887,189.5181563485548
6f8b23eee8e3c3e4e47173d141f9b791,Cardiomegaly,139.08747171799627,218.77166601061467,330.2762961866382,284.98835679354926
4b544911d0421cdc60b42416c296a1eb,Nodule/Mass,267.38222327094456,68.807093415043,287.758860615092,91.18799017009009
0e8b4d8bb1a8719e9e8f4755f13e34c4,Cardiomegaly,145.2409496870766,185.95680461163113,287.93778293439794,251.3190729017873
0e8b4d8bb1a8719e9e8f4755f13e34c4,Aortic enlargement,151.38888581337844,104.73933262732808,246.52010797825932,183.0446243412776
51dcd45e616257b874c6017e46737417,ILD,264.5095610011448,263.9742726946637,318.3040021062858,288.88959278546577
51dcd45e616257b874c6017e46737417,Consolidation,57.14167254150181,156.26862667367843,131.02784962481599,189.73112670810502
51dcd45e616257b874c6017e46737417,Infiltration,62.63733860555,160.66515952491696,127.05875746744789,186.55585298221052
d2d863a4266ae007200c89adc5cc4e39,Pleural effusion,23.06322829492335,248.39382050856665,124.24461027871254,311.40540352014966
d2d863a4266ae007200c89adc5cc4e39,Atelectasis,63.71646212769582,231.34362745837356,162.1876285226335,258.772198886945
d2d863a4266ae007200c89adc5cc4e39,ILD,36.61430623918083,195.01930313404924,107.98331674560357,209.10424521899137
d2d863a4266ae007200c89adc5cc4e39,Lung Opacity,132.3752570452671,109.76833788308399,175.73870646689102,250.61775873250488
c27681e26f9d36339d4ad1ae220ca69a,Cardiomegaly,161.1202445637046,197.9993976215922,311.3545116465009,270.9804989295857
e3e51ec366ccdf0b02d1b28f094d9ea9,Cardiomegaly,155.16402764476155,217.06143736849265,337.84470594604437,283.5972168827716
8230f568c1e47476de038b0faa3867f2,Pleural thickening,238.32081709438037,55.808123390679945,268.41383124947055,71.248155135265
8230f568c1e47476de038b0faa3867f2,Pleural thickening,109.03231183547457,49.527432511526705,148.59905266901904,69.15459150888059
8230f568c1e47476de038b0faa3867f2,Pleural thickening,82.84024395974798,72.03324149515915,108.19639477561095,105.79195497060785
fcf7c70f3a6b9ee5a93a8b1d21c06513,Nodule/Mass,260.857081219818,99.3241298806032,277.2397006005265,113.79544366689568
7dd7cdbd80b2580c8c031d6d863a4b2c,Enlarged PA,139.14142819162777,115.91138875387476,257.63865313800477,188.3647858362011
7dd7cdbd80b2580c8c031d6d863a4b2c,Calcification,212.06279738939824,119.29004457636664,242.59862074096458,145.56847875130364
7dd7cdbd80b2580c8c031d6d863a4b2c,Pleural thickening,129.4831539250777,49.6319188410724,151.90725288741046,60.046207936923985
7bc161c0c2403c7724f4fcbe41b0d322,Pulmonary fibrosis,189.07857997506156,18.302689392977886,239.9308240465867,101.3237461905431
7bc161c0c2403c7724f4fcbe41b0d322,Pulmonary fibrosis,243.28037305728594,59.68780834040466,295.35063495088366,90.53853337394096
7bc161c0c2403c7724f4fcbe41b0d322,Pneumothorax,58.734324891265594,29.69100923647422,113.17520167520273,44.8491039344949
7bc161c0c2403c7724f4fcbe41b0d322,Pneumothorax,31.6416819847053,36.00688202731618,50.55541382513417,62.533547748852385
7bc161c0c2403c7724f4fcbe41b0d322,Pneumothorax,6.399565297833075,73.61832017958797,40.34126474815892,252.3895795502863
7bc161c0c2403c7724f4fcbe41b0d322,Consolidation,49.268300972483374,194.3745321614133,119.96990769200299,248.99393738576148
7bc161c0c2403c7724f4fcbe41b0d322,Pleural effusion,17.650191135182677,248.63221947036845,114.70022271911957,292.7618051483187
4736524816401e7b31cfb0cac71d7a8e,Cardiomegaly,141.16177735479758,167.58266818700113,309.56338986703054,260.84606613454963
cd65d44ae610dd001da9b33c3047b6c1,Cardiomegaly,124.4472957418347,161.6602297749759,331.07909700210513,311.4054035201496
cd65d44ae610dd001da9b33c3047b6c1,Consolidation,200.7421146687038,185.3822374969836,313.59486766469763,278.78764290238905
cd65d44ae610dd001da9b33c3047b6c1,Consolidation,86.29988627840015,133.49034560509173,153.0578528394106,249.13513324987937
0792bb20718b8006f78094ae449c3c96,Cardiomegaly,131.34235012595443,204.45457324970303,335.21154501538854,275.79176936761826
0792bb20718b8006f78094ae449c3c96,Aortic enlargement,193.29553302521705,104.46055475963375,270.3768187254625,160.55476025406284
49381febdd648ccc7a190965fe5180bd,Cardiomegaly,157.99008745745218,151.7355781156124,306.3709442904156,225.2326380422205
48fcc25810228823538d0392877fcce0,Mediastinal shift,193.6363427462372,95.37635510697412,242.12296123078116,167.69688299410998
48fcc25810228823538d0392877fcce0,Pulmonary fibrosis,254.90630545476668,147.46726003656462,338.1246892431974,221.24319549207823
48fcc25810228823538d0392877fcce0,Pulmonary fibrosis,260.32327661411944,96.1124576980545,297.6704700900178,143.26513527575457
48fcc25810228823538d0392877fcce0,Pulmonary fibrosis,331.42331011082905,251.54442291950838,352.8419287247056,280.68114101338637
48fcc25810228823538d0392877fcce0,ILD,260.0279147312405,224.54617954811684,337.2647515509772,267.85029267846767
17ead023e20603e9df9f2a3f326b2344,Pulmonary fibrosis,290.0517895110388,279.03414734070276,345.84885398479315,310.6288451772703
17ead023e20603e9df9f2a3f326b2344,Calcification,84.32150884400635,254.4604934678168,98.01404000320983,264.40697241636593
17ead023e20603e9df9f2a3f326b2344,Pulmonary fibrosis,279.47064952707996,226.9275840470621,328.716067087659,269.9695763735129
17ead023e20603e9df9f2a3f326b2344,ILD,278.8125807433654,124.00505272517195,323.5473660620709,208.74434570452718
17ead023e20603e9df9f2a3f326b2344,Pulmonary fibrosis,80.85538497511618,104.46470592909064,91.14715839814056,111.58481337377293
17ead023e20603e9df9f2a3f326b2344,Pulmonary fibrosis,34.1942296146758,290.6864473135131,61.81618805146153,310.39625551660527
17ead023e20603e9df9f2a3f326b2344,ILD,48.06091120731513,173.6575950386734,85.32801183844362,255.73931743321714
f6fa36dcae4cfd831f6d5a6bd4520a59,Cardiomegaly,134.10284153893392,212.0327818412947,335.9529626885523,298.33119887333254
f6fa36dcae4cfd831f6d5a6bd4520a59,ILD,240.97898960078578,88.07278076425987,316.14758071767557,198.23866977710716
f6fa36dcae4cfd831f6d5a6bd4520a59,ILD,87.2558347941734,86.95717682488927,153.959494478981,187.91933333792903
f6fa36dcae4cfd831f6d5a6bd4520a59,Nodule/Mass,273.8229235572647,156.96132402039476,288.0440083631627,169.51186833831406
f6fa36dcae4cfd831f6d5a6bd4520a59,Pulmonary fibrosis,247.41233748916824,100.34442409733653,280.5948687029304,141.06396788436362
700ae38015597465d1f8e99b3885afb7,Pleural thickening,354.4125045113614,190.76782720615412,369.40455430573644,225.4133006848961
700ae38015597465d1f8e99b3885afb7,Pleural thickening,77.4425109413516,231.5274065252638,105.16813583061567,258.9323683340033
8ecee848dad45a30b6a0f80f6524a3cd,Pulmonary fibrosis,105.69962797041124,68.45069611168833,138.86318466597282,95.57195327294494
8ecee848dad45a30b6a0f80f6524a3cd,Pleural thickening,259.7929217073641,43.98838573094706,312.3856328306284,62.335118516503
56e3aa531cd2b4c2a597657ce69bea4f,Aortic enlargement,146.13104582367546,104.95672218362988,269.50793006547866,172.27387929989487
56e3aa531cd2b4c2a597657ce69bea4f,ILD,253.3188897082729,162.96983524562776,324.6522230416062,206.7031685789611
56e3aa531cd2b4c2a597657ce69bea4f,ILD,61.37594591001179,175.35146446696896,127.77210598577224,208.67577294605786
1b2df8b1ebcd4cf26b828e96dd54304a,No finding,,,,
8c199df8b4209bac0e289a8fc63f46fc,Nodule/Mass,224.12355212355206,62.32432243906853,324.1654715940429,155.72972784447393
8c199df8b4209bac0e289a8fc63f46fc,Nodule/Mass,108.47876447876443,89.75289386763995,177.31494760066187,129.04246915721524
8c199df8b4209bac0e289a8fc63f46fc,Nodule/Mass,58.9167126309983,131.26640738115347,95.62934362934361,161.66022977497587
8c199df8b4209bac0e289a8fc63f46fc,Nodule/Mass,16.697186982901258,173.52123363597968,133.2597904026475,293.61389772864385
8c199df8b4209bac0e289a8fc63f46fc,Nodule/Mass,278.2746828461113,140.16216027690635,359.9602868174296,276.56370467845073
8c199df8b4209bac0e289a8fc63f46fc,Lung cyst,298.8935000433113,260.71385377051473,359.15648881482014,316.56409410387323
13b9d029ff4c874e22f539c174ae96ff,Cardiomegaly,120.90125350399323,166.10810622285234,360.29703284497805,272.11582823057444
074e3cceb0c1677a1ad0dbff31167d7d,Pleural effusion,311.69788967049243,257.2895734043195,353.09715978209124,285.45945757420367
074e3cceb0c1677a1ad0dbff31167d7d,Pleural effusion,6.603268630665895,197.24324135798747,93.00174538530703,246.9111950259411
074e3cceb0c1677a1ad0dbff31167d7d,Consolidation,51.602475273708166,111.25096336570948,110.10144390966312,160.1776042923504
074e3cceb0c1677a1ad0dbff31167d7d,Atelectasis,47.10255460940394,189.08880120354732,121.8012376368541,212.81080892555505
31109259018ccc4aefbc2083a608f032,Pulmonary fibrosis,68.35892179793736,119.61225860984058,105.18022276932855,141.32906037360013
31109259018ccc4aefbc2083a608f032,Pulmonary fibrosis,306.5467124566242,120.55646738217796,338.7653508065914,142.27326914593752
d5bce42a9f926d6fd3b968164bab99b2,Calcification,203.1196911196911,94.94208305682915,220.9111969111969,114.95752707227315
d5bce42a9f926d6fd3b968164bab99b2,Cardiomegaly,150.4864864864865,149.799225913972,289.1119691119691,198.72586684061292
62c427184e17db926037ce718ed2d202,Calcification,220.06425686455347,92.6737912509447,239.31927119120104,108.38734623815698
62c427184e17db926037ce718ed2d202,Other lesion,168.90093308231852,57.809341123067455,204.1101021367598,260.1213615834255
008bdde2af2462e86fd373a445d0f4cd,Calcification,247.58503827128925,111.6136351694416,283.0999835473181,127.07308193665419
d523d9a02febab7fd910c61e0ad00480,Lung Opacity,118.00074046649388,96.42470853945464,173.5001851166235,229.86100197574808
d523d9a02febab7fd910c61e0ad00480,Pleural effusion,23.739778917861095,262.4787625935087,123.28640186174432,303.2509633657094
d523d9a02febab7fd910c61e0ad00480,Atelectasis,65.1441265139895,244.68725680200293,162.9288623261226,275.82239193713804
d523d9a02febab7fd910c61e0ad00480,ILD,36.9539324059872,235.79150390625003,90.69148992436664,263.96138807613414
46670a547d530e18e32a16c6a2d3ce23,Pneumothorax,232.4992859787381,60.84169695644305,315.29782620193583,155.72972784447396
68586360d876ffd615409150466439f2,Pulmonary fibrosis,72.36777423316003,137.78206687917702,139.30796868048918,214.41761499061855
45db750ac1e7ebdaaba5b1079f06094a,Calcification,86.73100325456348,71.96138807613417,187.30049121672164,134.23165834640446
45db750ac1e7ebdaaba5b1079f06094a,Pleural thickening,44.43542420505772,239.4980676128137,67.9329681214498,266.92663904138516
45db750ac1e7ebdaaba5b1079f06094a,Calcification,253.09361418261943,80.85714097188706,307.60791606864905,120.14671626146237
c76cf9daa7ac9cb5e2b839223a25e3e8,Pleural thickening,79.04204484323984,48.92263434259191,139.04204484323984,82.10023434259192
e04c8401989e7f06ca75dd8ff89c8835,No finding,,,,
b97f663c47127668b341cae3b9a862ee,Aortic enlargement,148.75423785116942,111.92999700390448,268.15069359922046,194.6839480379616
ed992d1f541f91a21592114096c55cf9,Pleural effusion,27.810061592928964,173.03985534129654,67.77713913667304,292.8399054977345
ed992d1f541f91a21592114096c55cf9,Pulmonary fibrosis,220.5925156604564,91.61589071333728,270.30688900435587,130.0995758477891
c8847b2915308c6a86e3a4872d3c4818,No finding,,,,
9c91dd728f43b2c18c80674c11321fb4,Pulmonary fibrosis,87.40106177606175,84.58031008385616,157.15106177606174,134.96111008385614
9c91dd728f43b2c18c80674c11321fb4,Pulmonary fibrosis,212.65106177606174,96.86831008385616,296.65106177606174,174.28271008385616
9c91dd728f43b2c18c80674c11321fb4,Pleural thickening,215.65106177606174,72.29231008385617,304.90106177606174,109.15631008385616
9c91dd728f43b2c18c80674c11321fb4,Pleural thickening,79.90106177606175,70.44911008385616,154.15106177606174,82.12271008385616
9c91dd728f43b2c18c80674c11321fb4,Pleural thickening,229.90106177606174,284.87471008385614,259.90106177606174,310.67951008385614
9c91dd728f43b2c18c80674c11321fb4,Infiltration,64.15106177606174,112.22831008385616,142.90106177606174,198.85871008385615
660579a438aedc7960b0bea9640c2df1,Calcification,317.7195616201828,184.64092475567085,331.7860859972662,191.3127394274855
706814b8f626ce46d5614029ec51dc44,Pulmonary fibrosis,260.86420640271416,50.083182151302545,335.09617769066296,107.84152883752107
706814b8f626ce46d5614029ec51dc44,Pulmonary fibrosis,141.3938445621526,48.010577843199776,191.5787819837984,132.976105777501
706814b8f626ce46d5614029ec51dc44,Nodule/Mass,83.61541973615043,106.79511285128697,110.50460975132836,130.02336221439415
706814b8f626ce46d5614029ec51dc44,Nodule/Mass,118.94914876435945,88.48810276002456,132.06040670564454,103.05497100468497
706814b8f626ce46d5614029ec51dc44,Pleural thickening,140.84808335380467,37.58725120625722,184.70340416917094,46.40772527226004
706814b8f626ce46d5614029ec51dc44,ILD,105.4672206670116,60.67061950664759,140.84808335380467,89.19640797542264
8de301615cf3fca4c747a87d9b9505c1,Pulmonary fibrosis,246.05817883371643,58.465773331209164,300.80174039099455,134.75213220700493
4f737958fc5a7d9805f4a94f70cfc5a2,Pleural thickening,51.02099175850642,210.0015708940402,82.58784171827271,257.92212760868296
4f737958fc5a7d9805f4a94f70cfc5a2,Aortic enlargement,138.20793165160245,131.7726665540377,232.85821389807202,189.87059910952433
9d4af3b1d2b17d2003251751aece5d00,No finding,,,,
b62d8ad6e5876091e7ecfb170aacd533,No finding,,,,
c930c562e95eae49e336ab89df3094ab,No finding,,,,
41d4c2e74a9e1a602539687646bb1851,No finding,,,,
0403dda5a9bf46457517b604869d530d,No finding,,,,
4142d115b7a7ce897049a13509e2eb37,No finding,,,,
6c28ef5c6b6bc382a9c5b70fbe7f1864,No finding,,,,
94b4487a6f96741da2745343df491908,No finding,,,,
3857dfdfba3a8a401121776389818b72,No finding,,,,
f6a55d8e3471a4cce6e6be9713bf8acc,No finding,,,,
c2b303919b4fb1a317302c51de931d2c,No finding,,,,
38ca9de33c512c71aa3094a151dd5368,No finding,,,,
30475d6d6e3d67d52fc9a1f568eb81e5,No finding,,,,
5820b002c7643e23208a87a986818348,No finding,,,,
d9faf4c7eef34ef10e7ad98d1780cd9e,No finding,,,,
366fb4e84d6940ea74267b32edbd1311,No finding,,,,
e06c1f19bb70950312603cbc0d986e32,No finding,,,,
eb25ef085ffa02d960ad25d2e33d1d3e,No finding,,,,
d95c839261d7802cf256a5b134796144,No finding,,,,
80820dadb9d227da10376b7de5dc8e4d,No finding,,,,
5a2e907a3101a321fb0906de1a110006,No finding,,,,
05a7460866e0d128b5db471431675483,No finding,,,,
c864a64d8f6dcb81ec48449aff0e706d,No finding,,,,
0c84dad44979c3a7777a8f4f4d9f5f7a,No finding,,,,
a108e6acd0acf01feb7cbcc8a2f41965,No finding,,,,
9fc5ef9b5be525040e800cfb9a3c9bb9,No finding,,,,
47437878d27d009dcc9fcda42255c2c8,No finding,,,,
10cba931b86360874e0905f97737d1f4,No finding,,,,
d34d18bce5f34f7619d08d5caf1ceccc,No finding,,,,
de07cbf13e57a0f0f7c63f7ea5baf9a5,No finding,,,,
c9ded524aabc60309722651b535ab79a,No finding,,,,
05a548fd37b6e44ab97a48dabee57c21,No finding,,,,
80dc592ace52d1e591f23042125f3aba,No finding,,,,
dc1743f5e5aaa29ea7a74ea2aa2c9862,No finding,,,,
c3456aa1383b2436b9e25a2e57c67f7e,No finding,,,,
fe5c2e4756820873cd6e8332ad4c2e12,No finding,,,,
3d53b9b699cfec21262399ebd558f2cf,No finding,,,,
f20a7f9e51501b58856fdca5421f360a,No finding,,,,
7257660acd36f94fab12cc9626d58da9,No finding,,,,
4688671bef57318e17dadd91a29e1e0a,No finding,,,,
847743152f064b66922857b03babd9b4,No finding,,,,
39bd0688c096acd60756fc1a7ea39c3b,No finding,,,,
2e65079841bd4b68a51facf322a72cb2,No finding,,,,
009bc039326338823ca3aa84381f17f1,No finding,,,,
a2a2bd5197fb23da123f610e00d8b08e,No finding,,,,
e461167ed9c3714acffa9a436c5afe1d,No finding,,,,
0386d9b8234215dc50eb1f66eb206d85,No finding,,,,
3ad213b03c666ce943479e847e102035,No finding,,,,
7060531528cdf18aab89ddc252354c1d,No finding,,,,
e689b64970c980641a09db5c590fddea,No finding,,,,
36cb07063dd0f4f649e5f478d3ec2c72,No finding,,,,
543f81bf4d0f157b27ce10063bed1c66,No finding,,,,
c323cc8b05ddefbf7a5b61d4d169b221,No finding,,,,
f165cc0d9b3e0860a6aa4ea2079ef2e3,No finding,,,,
bca5ec639700e1211d7a65117109992e,No finding,,,,
879ec35e876a8aa2ca445cc465da8322,No finding,,,,
ded48559b86e307d86f522abb9bab7d1,No finding,,,,
990b0dcd83353894c4a2e73738cd6c25,No finding,,,,
e99aa3681f5b6e7f0f7d1a63f0519542,No finding,,,,
f40d9ec43c1455414421a190344498a6,No finding,,,,
7f710543e44f0c12db0ecda25a727602,No finding,,,,
2214888f670a14cfa4f4e7223e814b40,No finding,,,,
f026b34e04a2bfc6327f2218cf47cd73,No finding,,,,
14ca70006ecaf4d16690279c2ef6b6d5,No finding,,,,
b3f67ac077531f44dd06275af31edbd9,No finding,,,,
9e03f33a5f100880b2d2bdfbc46b7b72,No finding,,,,
c618cf8cf1bb38367cbe5a21a9fa56d7,No finding,,,,
844e0124406c3b8ede871974d4df8fc9,No finding,,,,
74a889a192f72244c10e6d0c691b68e1,No finding,,,,
21a3312b6e4ab747c09c526b77cb0716,No finding,,,,
5994672502a02f2e1d49b164e16ab4af,No finding,,,,
9fd5e9cafe7e189e003d0c1f1d379815,No finding,,,,
7befd6661fd921f67f8d9cb84f98868f,No finding,,,,
fdf3edb12e482493b9698d76dced9395,No finding,,,,
4b81d215ee6e2cb1d59cd812475c0172,No finding,,,,
0b11df4854ce5671a6abcac2c43b0590,No finding,,,,
793e92503fb0cf3462a21406e3cb19a2,No finding,,,,
4317ccff1c5ab145abf05130c49402b0,No finding,,,,
6581602a6339fe446da34c3bbc628dc8,No finding,,,,
d3b0cb27deaf4744187429110a1ada88,No finding,,,,
afee8ff90f29b8827d0eb78774d25324,No finding,,,,
e774a1924dfe346c66ca4f605efbd49c,No finding,,,,
980141b50ada8a624c9a1c34c91c95d8,No finding,,,,
27ab751530d2e92cd18dd82d47ac22d8,No finding,,,,
5bfab539ea74f0a5051707ca62f562b6,No finding,,,,
dc9e144a10314830c3449ee8f1106448,No finding,,,,
8408eea460f0a9a2f9aec40da98917cb,No finding,,,,
3f1244037d78cc260defbde5720024c2,No finding,,,,
a9c0ae6876251773ec5aeacde33d8259,No finding,,,,
c113a6afc94fc8b97464b31c9de085ab,No finding,,,,
88cd5c503ff4f6309fd2b7b38ac71788,No finding,,,,
ea93703162b05a5c8acf2e18c2f69acf,No finding,,,,
843abeeb7966e7a52cf66352bbdb9edf,No finding,,,,
580909ae5a366bc3fd7524d97cf1e771,No finding,,,,
71e9666b94e09e7485ab6350036faea6,No finding,,,,
ad0e28f2ca779814670ce4a075e6cb2d,No finding,,,,
04c6efbd31a676bb888a4f5bf53d03c1,No finding,,,,
59c9c25f625f58bb64d3c79ddf8f2780,No finding,,,,
6c1abadac7cba4b7ace5ef35d67b0082,No finding,,,,
4cc22fdb9c33ee883ca3f033c62928c4,No finding,,,,
6ee33e87bb9db350f4492c105b484d7b,No finding,,,,
0956d88d67ce080413b1b3ac20ab8622,No finding,,,,
c132f3ce5f6d879d3b52768f42a6a92c,No finding,,,,
ebedd93f45508cb21815ef2b996e5026,No finding,,,,
ae7fa77d4ac17896070888e1e62f4973,No finding,,,,
c52f84d7c7c66721ab0d01c181361fa5,No finding,,,,
c534d7f44cbfa9d8baab4ffeeb35f053,No finding,,,,
dd00a2fa6dd6643ec07ed5a4379a738c,No finding,,,,
eeb1c8fa0a8d21ecd33da05d335d4b18,No finding,,,,
fccdeeae9c0bd0c2e13d2e9220ada9a4,No finding,,,,
44666fb9bad75f506a8fdff1e34b8fa6,No finding,,,,
b72eb8bfb19f645faedf529f848b34aa,No finding,,,,
bac9afd1d1a6676624cf108e90a78a64,No finding,,,,
fe575088773e7c886725716944e0840b,No finding,,,,
13db1898f2d711db4aaf0b2a9a4059cd,No finding,,,,
3b9dc61181ac4c1d78d2ad1431a75a9e,No finding,,,,
bad694ad153ee9c56ffda84575095111,No finding,,,,
7b9e39af7921e086e5904755d5535b31,No finding,,,,
fc4c2d3ed1870a845a6aafc7112878df,No finding,,,,
14da9051525bd2504dd56938f92644ef,No finding,,,,
dd37fc55e9270de5a365efcd06593348,No finding,,,,
445968a410422d687217c1f21fddf8b9,No finding,,,,
0eddd00dffcdacb1c8ac0d0547c545a7,No finding,,,,
703cd1b366d83f31d96b478a41dc1b2c,No finding,,,,
faf31cf12d432065854dc97944072e2a,No finding,,,,
7ffbfdf7d18e416baa1e663bc0bb022c,No finding,,,,
a2ea417d0e7d00cfd922fa93fc95b472,No finding,,,,
9f3b5336a28a4e41628702386e1d0c40,No finding,,,,
094eac6e63db15465c6283c090398aa8,No finding,,,,
9a8dfa3f9fb55a22a1fae7efeca1c326,No finding,,,,
c48a586efcfc5197e89f9803c68fa0f3,No finding,,,,
efafd855e44f0902661c53dc1d5466b4,No finding,,,,
079de341c7b3804c37114b8da3011b45,No finding,,,,
03b796fd180662c4e579a4b8894486a9,No finding,,,,
66f3c32f043f484e86d2b3e48777b1a4,No finding,,,,
9e684cda9b5184ed2f879b971930527e,No finding,,,,
5cd3d3d32b73aba570d20a9a54a6be24,No finding,,,,
a039af299f86007d0d77da077a6def9a,No finding,,,,
e0451ee4428ed80d7e574361b44e0f57,No finding,,,,
048ce999447fbb6a58ea17fac775288b,No finding,,,,
fabac1af1db73f2ee503f521e9659b72,No finding,,,,
24671577f584d6b49ad97e5d49321fa5,No finding,,,,
30e41da3ce3686e6e105c8358aed4445,No finding,,,,
beaf2c5dd03389619b306ba42e2467d3,No finding,,,,
76e2a34a8c79a83155d9e8aa66e72fed,No finding,,,,
880331cec567a33bdfa422b8cae7f77c,No finding,,,,
615103c934a78744f2081127125616a3,No finding,,,,
4aaa644100b006b907aad188b7cbe342,No finding,,,,
56df1818b6567b2e812e615365b22e60,No finding,,,,
902475b417c3d15c12706001292aa02e,No finding,,,,
97e10e9ae645d625489ae5df9548c589,No finding,,,,
4d2071baccfd994701c3a5ceb3f64f6f,No finding,,,,
2979cd224774fef9c95a43c4f1e8e721,No finding,,,,
c60aa60b2857102c8e76d359bc848a14,No finding,,,,
16351a9a4a8dcf423a92f1b87d181389,No finding,,,,
3215a7d4dc49d93b54635b85df536b8f,No finding,,,,
90fcb945ce4bd77f9d7eb0cf3b7c0c75,No finding,,,,
988187e27dd2b73c6d428ff80e47b019,No finding,,,,
b688050e1558b6377a64246e88bfce3d,No finding,,,,
e68ad7641e5a7ff396a020c7978d433a,No finding,,,,
f8ee5a665c0609e1058aa5eee51f90eb,No finding,,,,
bb80a296415463575853956be0fed4f4,No finding,,,,
e47174b6f466ff95ff39fe25a8c6638d,No finding,,,,
57c89de7d680ee5e4a85d047c68b6050,No finding,,,,
6b6a6751b4156410868de79d1a6ca72a,No finding,,,,
512bac5557727b83dd78d39052adf936,No finding,,,,
0713502741102f3e494fb39bbd9f9571,No finding,,,,
9b835d02018cfd4bae8398701c51e984,No finding,,,,
7550347fa2bb96c2354a3716dfa3a69c,No finding,,,,
c70a517fbbd3b5dee67d304ba3e81cd8,No finding,,,,
6c096a44b9b644d74f7a2dc79401f475,No finding,,,,
be794e647d0f6f47a4cd21964c6f96e5,No finding,,,,
dba84e829f62c1272584f758b2204aa3,No finding,,,,
57ced2cce18cbee790add6d5d3330aa1,No finding,,,,
805adafed138091a3781447c33e1a600,No finding,,,,
137f41dd06d51d9d230b6b65740097c2,No finding,,,,
e01eba7895aab7d857a27a82e2fbb32a,No finding,,,,
5bdeac502c30eb11341c174fd8276e4d,No finding,,,,
57d8fda3ee850a41defcfd7e17673395,No finding,,,,
d44bdbad1399ee98febd7336ef8f1de4,No finding,,,,
e518480161cfa66fe275e28a2cdb7059,No finding,,,,
0e4736c7f5fab2998a3ef0e51fe48953,No finding,,,,
84249d25eb5f4964a316e60d53f71544,No finding,,,,
6ae67e95de277c280873ec6a0dd3dc01,No finding,,,,
3c40a353f341731f92fbfe963242e4e7,No finding,,,,
aa3731395ea86dd08e8a54e57d517b13,No finding,,,,
16606aa288e909f4defdba599487c365,No finding,,,,
e113e801c91c55f6775364e45e1e2498,No finding,,,,
52fc86cf7b4c993c983ed3412e781ebf,No finding,,,,
94699ec9440ff2d98c16238825994312,No finding,,,,
b9a1cd8ead2d5c04b61217622da831ed,No finding,,,,
282dc34d270eccc44a61901afbd4791d,No finding,,,,
4bbddf35e1c4dfaa9c29d1fca909575f,No finding,,,,
53ee044ed59a68c2d089f8a8f0bd620e,No finding,,,,
242e05a5782d6682a43999a2e21096e6,No finding,,,,
d95fd17a9f0a86d64161e03a8473ff49,No finding,,,,
3cc51f95d2d193e231d6cdab5b423243,No finding,,,,
7bd7de8ab22bc204acdede9af49eb354,No finding,,,,
8a21e0bb68cd729b2108a80faf955b7d,No finding,,,,
a6efbd286c6fef24cb3eea55d4450eb5,No finding,,,,
0b16787b884e51fec691c45ca92c884b,No finding,,,,
3ccbd8fd3eadbf3f0bef8e091a5ea5b5,No finding,,,,
1b6a707131f787fe37d3ea40d2011d43,No finding,,,,
2a7079dd9e08df7d5ec7db974003d97a,No finding,,,,
3c4375177b66fa5e8914d22b1556dd48,No finding,,,,
5ab94e57ccb8175f3b1969059c55ea9d,No finding,,,,
f97f805bdf52c0809cb1bc43da319f64,No finding,,,,
d2e7c65281972947f30c8d461eca2e99,No finding,,,,
ceadbcb1ad16b3cb8e46f109013aafb1,No finding,,,,
669a2a0c6d62262965801dee89376343,No finding,,,,
114f3a0eabc40429a50aba292a9147bd,No finding,,,,
a471a7ca10ccf8c873b6cc82fcedd4aa,No finding,,,,
6100bc75e0a668c382d92d5eb9038076,No finding,,,,
f84c417ac0bd5d1a874f1c4e788c6b77,No finding,,,,
69697ec2f4497b9c4da61a96b30ded28,No finding,,,,
61c0f32c4fad9cadae858544705625dd,No finding,,,,
e23669476b05df4e8a419d80c7a95b7f,No finding,,,,
22477897ac65a32a47a81707bd7a3a25,No finding,,,,
a0e47101a18af84ab9cfc2d9669226cf,No finding,,,,
bfae73fca53a1656750ea6499bd98167,No finding,,,,
6fe8ac8da89618e402e51dd7e1e103fe,No finding,,,,
86d44d9e44347855ffc41410e213f3fc,No finding,,,,
88d2ce200de6d068f75bd22fe9c9ff99,No finding,,,,
c7eadfded6a0724176ec35a2efb1d072,No finding,,,,
4b92edbb7f4cfebd83b4562c578d22c7,No finding,,,,
e33d9cf93e5e673950f7448dc79de500,No finding,,,,
bbe48901af3e353ba17d85aee2eb9430,No finding,,,,
b7f01aa169cb6fe393063386530595c3,No finding,,,,
7db8d2571612fa51c3fea231524803cc,No finding,,,,
bdcb6465cb7a26e2708b2ef00eae27e7,No finding,,,,
dced277332a27527f4796aafd7a45152,No finding,,,,
411760e414f0c79aab25be4a934c49e1,No finding,,,,
3243c41d5e3fb5e6b0ea0f3092adaca5,No finding,,,,
f2214d1382839dbba476889ad286d8db,No finding,,,,
019df578e38053e614d483f7fb347b26,No finding,,,,
3aaaa45a86fd160e7c9907b98b8b6c79,No finding,,,,
d4d816a8ea92b3b6fedb47cb10540888,No finding,,,,
e1c4b3157b53b446cef6b15b6b9ceadb,No finding,,,,
24dc9a75eac9086166bd3ea01ae2cd2c,No finding,,,,
e89fce081f1a14cb31bc0fe71cca8b67,No finding,,,,
a5de9d455b2d8582198986939001bf9e,No finding,,,,
6b393b32817f727c23d31e2333876763,No finding,,,,
a1d6138dff46a93901fbf634fce2e9ea,No finding,,,,
3db61dfe06d558636a4027e6b35ea820,No finding,,,,
fd2e0ef3254e46ba1716bcd5e885f355,No finding,,,,
728b3cf755f42fd628ff5fee7bf338d5,No finding,,,,
2c833f17b079546235157db9e70304ef,No finding,,,,
785140281117595d1818b8133d43d3bc,No finding,,,,
83a70a189e968329c4d30f1866c689a3,No finding,,,,
889c383884d98ca6c0f3ef7e5c988f47,No finding,,,,
558622a97e3722ee974a2c8dddc4ca80,No finding,,,,
0d60b79ab9aee1e4687e17fdc56ead06,No finding,,,,
af482b2b75091fb3a26632a5cdd83fbc,No finding,,,,
8d1cee8994769d8a74512426fb45cd98,No finding,,,,
9b64cc50d04171fc9dc5bb5880bff3d4,No finding,,,,
d387a31018cd8b772bbd64d35d2f5a24,No finding,,,,
3873c2297c6f237f67defb7ef1243a3a,No finding,,,,
650b995364f405a9341f39f50126ffcf,No finding,,,,
6273626dc6aded042607dd342de195af,No finding,,,,
833acf5a6565b4457b597d8c79debc51,No finding,,,,
0e2bcdee2343352fe40df470e046ea01,No finding,,,,
ff266001e2513e4ff93fe57f3eecfeb9,No finding,,,,
57a1009ac321900b0c1743e721e3a1e5,No finding,,,,
89ed046a7e6ea0bf90a90d41c93838fa,No finding,,,,
b07fdc1165d9ac510565ad0ccdc28461,No finding,,,,
ebd7fb65941300ee3e8aa11aba258cb2,No finding,,,,
b75472be12becf759504730560a8d6e2,No finding,,,,
c985abc53edc09b38a1370aa4ee8cecd,No finding,,,,
341f942a70c16113f7b1c93c9ca9afb1,No finding,,,,
5037a5f519c01608134b5e73e2d9e8ed,No finding,,,,
187b41878d6dfc41488d4f1f379bbdc1,No finding,,,,
b459a50805be69b1b31dcd7776cf685c,No finding,,,,
f856141739ad5ef2db75ed7d83feaa83,No finding,,,,
20c2fc9d1babf3f47d4bf2e2d4fa0d2c,No finding,,,,
421efe81b01f6724524502d4337d9435,No finding,,,,
c7dc213cee369cf740c0587509f53562,No finding,,,,
b29fdbcf453e70793197879d52dd9932,No finding,,,,
3ffc3654b8342c68038a2249787f87e9,No finding,,,,
739077a7a2add5c87ca97bda44c8bb95,No finding,,,,
e4ea233475449eea083a09ce5f4196c1,No finding,,,,
75a7dfbae7c14ee40ab1048210734dd3,No finding,,,,
262f42441f1d7479e741f624becd54cb,No finding,,,,
39c1050099b63c29f6140e4eea23f8af,No finding,,,,
5af59b2dc1595664ab6aaf11ea7887af,No finding,,,,
904c597a439d56ab663e0b5cc5422924,No finding,,,,
0af6decdf00b39d4cd1d35466bd3dff9,No finding,,,,
011295e0bcdc7636569ab73bfdcc4450,No finding,,,,
c724fb901723f7818d601846371e2f72,No finding,,,,
bc174956c6e2b4ba65b4839da84f8aee,No finding,,,,
aa7bcd8dfeacb7484a0c88b472497780,No finding,,,,
fd4b7dcfd91bdd1a5b51e96e6e0fe931,No finding,,,,
e057fd5494429d0954783ccad4259a33,No finding,,,,
85cfce301b95db7beeaeeee8d9b44b31,No finding,,,,
79558608235e4a27758e516419f54bc2,No finding,,,,
4fba6d90e4c0141270b19446fbc97796,No finding,,,,
230d775afe6d5f2f23515152d2a030d3,No finding,,,,
921d2a094965fd081bc7d0d9ac6354b2,No finding,,,,
64fb0a3840ef0a2c922c91571f27688f,No finding,,,,
b91c79d745aaf2676d55c05b895171f4,No finding,,,,
b13d4ee2cd427c0ddbce944de4187735,No finding,,,,
77c9f35a891f03a54eec650170e0a649,No finding,,,,
89fe3306458a22b4872928854c8d7a93,No finding,,,,
1c146ccd983da39b62f2e2d9857e8d2a,No finding,,,,
8c6139a7a9ea206b16b3a0d330ad6c02,No finding,,,,
5b6707d336c733e0a8d4233bb08483c7,No finding,,,,
ae5448304e886b7dee7e095e5bcf66f4,No finding,,,,
e0c1b7e120635b0932bbb0224363ffd4,No finding,,,,
f1bf0692779f838803453642c8f17c66,No finding,,,,
89f132e2e7c2ba998aca172c2ac942b6,No finding,,,,
89f04f147e058dd9899c3868fc135e4f,No finding,,,,
566a004f7fbde95775f15ece4975d65a,No finding,,,,
605dd6be5c1776fcc2435dacb7f9bad1,No finding,,,,
b537b8151e99a7cb62d9e8173802047b,No finding,,,,
45ca9eddff39ca3e252551cc283779d0,No finding,,,,
ede4b8a6912f003a15964bac29f56a20,No finding,,,,
defc27d70096bdf800da5ce0cce3903c,No finding,,,,
6af0347de5ced3d7daa3c5db56c4ebf4,No finding,,,,
b092fafdce3e9e4aa0a999824e4ab59d,No finding,,,,
9cc192f463444b9a3a17afb845146496,No finding,,,,
a4c53519d7af7aba7473d67f07afc21a,No finding,,,,
494445ea1855b61dbabe65e39f6f6927,No finding,,,,
0aee8c95a5c040407100c1b7dda552ef,No finding,,,,
f006d5b6887dc0c7fa570aeb9df2eea1,No finding,,,,
df1e41c0fec32b45e1c5efa0044cd73f,No finding,,,,
281079184d33bc81f9f6ced4771ae746,No finding,,,,
615be21de05d7049ddb1652520d7f528,No finding,,,,
95c7dd4307b9ab126fe347ba6e57dd7e,No finding,,,,
bc4b495efde3de3353f1a7f250c46f61,No finding,,,,
8d598771f57b55e64a2ecd048ac42194,No finding,,,,
a22e07353ea98e67ba01b4251350a6ce,No finding,,,,
2936cdce12dc87bb180caac13060ac5f,No finding,,,,
ec91e38bb8201229cc989e5cc7f4aa6b,No finding,,,,
8b44752d98acbc233b093260c0f2061d,No finding,,,,
ead7de33da7f44a7af362daaf2ae4d00,No finding,,,,
17d82f2fa525a8d3b7e868aad6e85d7d,No finding,,,,
07229c769cb2c284c1114c6fe7ed3dd6,No finding,,,,
7788cdc2fe03ff147991981c80af67f6,No finding,,,,
bd69cccb6dd89f9cf9b32f924fe69d2d,No finding,,,,
f4ef27a5e6ff0608dd0732509f077d98,No finding,,,,
652ae3349c1019e5b64e7e967f29c5d9,No finding,,,,
86f163288f42611c975cbc28990cadd3,No finding,,,,
524c4a83f27a9e1f28921213261850a7,No finding,,,,
660b7e51824df6c7e0cf8d669f7b6485,No finding,,,,
9ef603566431768ef5da6869f9f52096,No finding,,,,
b0385734db3c516e5e9d43af7dcfbf3c,No finding,,,,
c4abfcf085f2d42afc64670428c92695,No finding,,,,
e1874303d853b169058963bfd153f588,No finding,,,,
8db4cbed642a41074ac5acdb0be452e4,No finding,,,,
ac30fba4f3b56ce91061a996da50ca33,No finding,,,,
3fa43c464676da99ca6e09a17a40aa6d,No finding,,,,
1426d221af945559896985caa24d02a9,No finding,,,,
d9d633380b509d039d3c60a76ca308ed,No finding,,,,
692132c8de743f5d8d37c499fda700e7,No finding,,,,
b922119aa88305502c4a33b7223b8931,No finding,,,,
415bbe6901d71d5065322601c47544df,No finding,,,,
c69d1ce26c6b8f5eb5e6771363f5c12f,No finding,,,,
a2b0df71aa470731ba22c34d90fa236f,No finding,,,,
96d4d2d2fff41438e38075881b7b0d58,No finding,,,,
fe62409506fa9ca50424e85c378d30da,No finding,,,,
8f90c2f3fa222eac7b59911267d00322,No finding,,,,
6330b65f66ce37f9a3a3916a9850c6b5,No finding,,,,
04b68e83e611caf345b0a1dc9c65ec88,No finding,,,,
b1a596318e7bfdcbb74044bf6d38c6ed,No finding,,,,
81228a9f8fca8710e0f6f9aedf9bd667,No finding,,,,
950f7420fe9cb8a960a5c3ca47c35748,No finding,,,,
0fe282f8066ff835e063ddaaa27e4af7,No finding,,,,
860d962f6bcb589691efe5911ef2c415,No finding,,,,
b2fe1b518082afaf61e01159ac62b661,No finding,,,,
ec08aa8c34d48c492e9a8f9885f24acb,No finding,,,,
c599b8e1af4bf986d23b7c6d93cf62b2,No finding,,,,
022a62478444fedf2dea1ba91aafdc48,No finding,,,,
4c97a58d5d0c427d1596a8b28f9964ad,No finding,,,,
435ab3812fb181923346ede78dd5b9a1,No finding,,,,
0a08191a658edb1327e7282045ec71cf,No finding,,,,
31043d30ee29726c185d655800f025ec,No finding,,,,
9a7c3ac63356de02fc79d613fccee843,No finding,,,,
d04bd504fab26daa5be948c21870b757,No finding,,,,
a861ebc33e21bf2a73d3e9b8cccbf526,No finding,,,,
122d5a9f1b5bd22f6ddad0fd5e47c001,No finding,,,,
c6c08255b1a5afe8864b9c5296fdabdc,No finding,,,,
bd82db165ef94f385d9f023a42d181a5,No finding,,,,
191b17a545a133660df08ad6b228c7ea,No finding,,,,
3b55e52750fa2737857d05526f196b18,No finding,,,,
d4bc86d676c3f95f45b75a0885c022d2,No finding,,,,
d13bf4a8562ff31f7795eb40efa41cc8,No finding,,,,
e2ea19c79e10451ae029481bd1f5f3c7,No finding,,,,
5c0e796a597b61fba079b721221267a4,No finding,,,,
95eb9d1e5697e1c665253e05dcf5a464,No finding,,,,
b8a1303cdf5f86a9e3d1f88793dcf8f9,No finding,,,,
e82d33dfd04d95c61d8d133dcbf29691,No finding,,,,
dea1a3c3102b2b3efccffd9452c1da7f,No finding,,,,
f2f8952624cb775e2a72b5e73e29d57b,No finding,,,,
6c6c4e6cb64f4291077af260d3f696d1,No finding,,,,
6fe65e41cb661237e9030f191e3a2a9b,No finding,,,,
165f2b132c2942833ab8138d48c96800,No finding,,,,
833c4ee4ef52adb663076af69efe3c22,No finding,,,,
880b327f38330a6d6f8ecd18678ab1eb,No finding,,,,
1abf74c3876f61b3e19194846043e889,No finding,,,,
a8738fcce7411391f6c9804a7458d45e,No finding,,,,
b9ec82c648a5bd49b914014151a8a31a,No finding,,,,
8673c57e2f920c8bb15d3c8a062ee2a2,No finding,,,,
eaecec30b1751a3cb6d2532a288dfe7e,No finding,,,,
926787394c8df63b1da0a1cadf1063ee,No finding,,,,
7cb9c95b8dea0469ced903df944b2b58,No finding,,,,
c06b82fd93dbc1cc113b779b69b1696a,No finding,,,,
ffc441e0c8b7153844047483a577e7c3,No finding,,,,
47415deef1ee1c384eeaa1c58ad56b79,No finding,,,,
b4892a156d2b51f8a33413e447cd07a4,No finding,,,,
261fb3e27745849bd6bf75c65166ccbf,No finding,,,,
a3395fc2c4716272d137ce664e7f0a4b,No finding,,,,
ae1a1f3641ea3d97e97fd07bbc7edb5d,No finding,,,,
fc30d2602692d0561aaa1f5cc14ca841,No finding,,,,
07dcda506753ae678e2cc937f1f8ddf2,No finding,,,,
6a5838d715564084f35e0719e58fe610,No finding,,,,
5341b6bd8338f8a8374c18b19f737e9a,No finding,,,,
7cb9202d9a00b7bbab241e5870d56de2,No finding,,,,
77cfb1fd56137f340eccb2154c5b219c,No finding,,,,
46bf77c01c789723965f6180d1d217b0,No finding,,,,
2905c37bac1498f5d07b55ecd83bca43,No finding,,,,
281b0e152c84843e22eba8f121592cea,No finding,,,,
77c5a562bf2f2681dfdc1c17503061fe,No finding,,,,
79f184fea084f17c4e91a6cd2f0f91f7,No finding,,,,
5889a7857b883db3bee6ad8ed4a6f955,No finding,,,,
d34da221bea7cfffada59e3b7e47b05d,No finding,,,,
9bba713a1eea1a6b3a1f34deef3eb3e7,No finding,,,,
e377d1460cb4dcc93e4c493a986429bc,No finding,,,,
51c54b6e7df33f0ae4456131227d2a9a,No finding,,,,
bc1403d8be913097e5fd52ef49cc3655,No finding,,,,
fb8662dca9f73c181fb881030965e9ac,No finding,,,,
bb5ffb34f5baa01ec1e47df249046609,No finding,,,,
8c6c6d7609f644dea5044ac56725cf3a,No finding,,,,
c87a07a686bc8e8e528209a582d5043c,No finding,,,,
af814787d788b29059ae3419a3b38dbd,No finding,,,,
45ffdfc3462f0377ee35ef05e9bf2b9d,No finding,,,,
dc8b5d82b73d392b9fa2093a15b6d00d,No finding,,,,
36b6d5f8f49d605ee5f27fbd80b96d5a,No finding,,,,
2f49fa57375e32c9d69f8205bd5b0a96,No finding,,,,
5125bef2ea04ca1c3c197576ffccebe5,No finding,,,,
33a621bb6474d8000c932ce489c4f734,No finding,,,,
6cf8916303a07f3909297be170f21f7a,No finding,,,,
e1c07a9d9c245c9b742c3cc5e15180bc,No finding,,,,
42f425197ab0ba67f0ec8da9d9f57c9f,No finding,,,,
9166a14e1c348730c4f6a58b91cab35b,No finding,,,,
9d0e0a3000f3830dd027f2d1113d7320,No finding,,,,
8c40cb4ad9be5f24327c1b188f14b81b,No finding,,,,
a450a8bf5b6f81cdc6111bc26d512856,No finding,,,,
c4b1d5911fa6db319174a4244d28c193,No finding,,,,
b24786ead7a3022992f42c4bc7802ff1,No finding,,,,
e2541543a44d7df5c1ededc8e77bd045,No finding,,,,
059ad332961631d8d2f4ab468a7e42d3,No finding,,,,
1663ffcf2520d42473b572deb56b2497,No finding,,,,
77b118b0bf092dec6b64f61d5a8c2b86,No finding,,,,
f6e32738dac91aec6faa814531dcb2d0,No finding,,,,
5bb1e2eb9e2886652aa3a4c4ab01ae7a,No finding,,,,
96d1504f104b0b4ad88de4a50d413197,No finding,,,,
e9a39ad929072dc4faafe351d8264807,No finding,,,,
4b75a96397735f1435c1414abcb6b9ec,No finding,,,,
d4e2f8980bf6bdf4b5e16068fde2d86e,No finding,,,,
585e0273f62af98bf949addee0a2efea,No finding,,,,
0c03e73d43ad216fb293bdb7666439be,No finding,,,,
693b9d7ca60ce47d15fb730a3a0ad999,No finding,,,,
ee75644cf6df02e60e3a6b1220b0528f,No finding,,,,
9d795973792d0790888f8f765341abfc,No finding,,,,
5dc955f7d99449f88928d0fdd492533b,No finding,,,,
3db534bf69409b385d0278eb677d9b62,No finding,,,,
3d91a84170a65127a0d998987962dd07,No finding,,,,
a9502c70f079a56f8069b0e5fd9108af,No finding,,,,
d93e4837090b8e5f541d65249ec85dff,No finding,,,,
10fc9d37a7f2808a1c41da80d81a291f,No finding,,,,
14d7ac411bb2c8faf13ae0de31e4cf7a,No finding,,,,
43f36cac2950bc05f18187f0b1a7670e,No finding,,,,
c60b8c80551ad7d90c91c3097deb160e,No finding,,,,
28119d05971cf37e7709c53a5e45c3a8,No finding,,,,
038f69f3cf0aaa00c9d7337be434f316,No finding,,,,
dc62f6cad2b946f4ae0b68626b419bf0,No finding,,,,
d5eb588f1db4fb6f311885be0a4aa6d3,No finding,,,,
6c0557a8c8475e92ba4118e480157ff5,No finding,,,,
7069dd8c7c8c846ce7e73e4b10a432fc,No finding,,,,
4000dc950b3d2e3065762471378692eb,No finding,,,,
cb111309371ea73ddf6cb912755ce5f7,No finding,,,,
dc4874ef7e2d7ad6f69d4c779df4aa9b,No finding,,,,
360d0940a6a47185b8fea2eccf1d639f,No finding,,,,
a6967906c3e742137e65cd797236c01f,No finding,,,,
bc171f3a7bd378efe1d1b304ed1d724b,No finding,,,,
fc303d1541385851384ebc0ff05fc395,No finding,,,,
235d5a43e07233fa0117ed8a185c06bf,No finding,,,,
2ff4d2a98e787e19d3b853df59493732,No finding,,,,
7824623176a69a914e31ec8769246ca0,No finding,,,,
3dd50dfa4f67ff1c2e0fc6af3c165fa6,No finding,,,,
5a85e877ecee5e7fd6cf3b9a4bc802d2,No finding,,,,
509b0a6e32afb4094897a916b3c72486,No finding,,,,
af72268c7cc92691f6f095ad6ba5af60,No finding,,,,
c85bd341e70f12a1653e6d3a48225e55,No finding,,,,
cdcbad2105eba82efac5f8352636a4f5,No finding,,,,
b3db42a01ac63823463dbfbc952d98fc,No finding,,,,
7285810152dc8bc8a7e300f7e431b553,No finding,,,,
1a43f9283adf717d36e65e0951afc629,No finding,,,,
15bb0fd575ecbe78c812dfb4eedd4b77,No finding,,,,
6f375ce065ee91c25505dc4677b1e495,No finding,,,,
475274f175ac0685d9ef2153e5d8e47a,No finding,,,,
52c4db1817a8262a7c2afa9c49a4210c,No finding,,,,
7e198e152ead58293763b80301b53ea7,No finding,,,,
b9b22942e3e21e497ac0923986c5f4a1,No finding,,,,
547c3618a312f5c3cb3095d457483a57,No finding,,,,
ea963ef24a74ec47734be65299d3094f,No finding,,,,
c377f3a25159c6cf5d48a346d522db65,No finding,,,,
6262074ab507148344a09ead5941c3b8,No finding,,,,
3975d9bd8377d6cbf2fa92ca2efcfc39,No finding,,,,
e8935719dd9a6c86a3780e18e8732b1c,No finding,,,,
5638340de6412cce7a4b7a81b7b1d92a,No finding,,,,
436bfe4e723272edcfe1cd8c85bd37a0,No finding,,,,
52e03964d4f942fc325a3154e88c4289,No finding,,,,
af45d7c1bc7db86bece7f8b21dfc228d,No finding,,,,
f1065eb06f92ed25f8be067394d12aa4,No finding,,,,
c047dfad0159ea8ea9d9bdba39e98a74,No finding,,,,
e0cb6328956c1b3b7f70c970cb9dcca7,No finding,,,,
b865bef830c36650ace8b36d2d07fba3,No finding,,,,
8fa99ab9d23eba8869ed9acd6429a0d5,No finding,,,,
034b98d64dc012298afb3d33fe880193,No finding,,,,
aa9277e026977e366962c42dc94a5598,No finding,,,,
cf573857242379aa3223fcb9f342133f,No finding,,,,
3dcc30d354b4502eb28e3dfbc697756b,No finding,,,,
925d945d9d6cf5d0f8bb294e8c68fdbc,No finding,,,,
e259b6e287f75fd57c9647b256c683be,No finding,,,,
cc3e3730a4f80e65697109c7e05a898b,No finding,,,,
05857909cbf214a6cbdef5306e18d48e,No finding,,,,
4e36b920e32cc309388138261b94f741,No finding,,,,
dae4ebcbbfa68430713520a26a19343c,No finding,,,,
39c48b218f46e9448e1f877de440faec,No finding,,,,
3685798c0a54f17473262707013b594f,No finding,,,,
94568a546be103177cb582d3e91cd2d8,No finding,,,,
d3f880d5db30b4178dd5ab083156c67a,No finding,,,,
02199417ff2a400cff64249f0399f0d7,No finding,,,,
e281bd78852ec4ea47e6be632419e832,No finding,,,,
7e3f715d72ac1d6f114d973493d7b26c,No finding,,,,
d242d48dd1067b27d7d13b0f7ce02640,No finding,,,,
037dc0be7504c7d1c5ff967f4a0a491a,No finding,,,,
cb8934ba47f04d30c7327ca23efce944,No finding,,,,
e77218455b3b041a85732d4718eab319,No finding,,,,
2562f346ed3db617c6cf209d6fbfd384,No finding,,,,
0ecb6d6e449d5f71b183a6f7fe214c10,No finding,,,,
5bac00dc9f948cebf2b3abe05a1ed729,No finding,,,,
87a17e0680f0324fb5e39c610ec1eabc,No finding,,,,
100c6c7390eec8d9548306514d80fd53,No finding,,,,
e6959c57425deed1ffb111f627420f03,No finding,,,,
3e00c13e8222abbd2c177f4d95d6d718,No finding,,,,
e4e30534950264060de2922ea4b77675,No finding,,,,
570cc0e3366db46a98ef038a6b5f0489,No finding,,,,
c793051629f27947bcf1796ef849384c,No finding,,,,
f6badb69877d94bde2043ca0ccc971fb,No finding,,,,
b87fe4c1166680aa2e67644306baa246,No finding,,,,
b0634373edac7074e2ab28a088ee0612,No finding,,,,
3eeac231c839fbc52b79514b34330663,No finding,,,,
bba85e01002c2197143466b7a8e9f692,No finding,,,,
9d6140d62003cb479bbc439c160b2abc,No finding,,,,
bc2d1001a5a4acb812b6a3b53337cb95,No finding,,,,
b4fe965a759d442827c1b2a9dd1cf07c,No finding,,,,
3fc0d536d17610d6811d9c725999e25e,No finding,,,,
225590024026b2900f745a21e5f86e45,No finding,,,,
472737987cecf2846b2f7453ec97a0e4,No finding,,,,
3097b40e5fe9ed1c66ef81dd98ecefec,No finding,,,,
c16c47a1f9a2a3e3b5c85338ad2ff317,No finding,,,,
38ad783850c6ef47e04130ae94af93df,No finding,,,,
f73679fe4e799ced4314a9fec6a054da,No finding,,,,
5817c3257a58b34a43122134fc3115f9,No finding,,,,
751fc253d84473e85a47a2826df12ce6,No finding,,,,
e0a9acf9c3eb6a6e4fffcec2aa766456,No finding,,,,
17201bfb22f098b084c8b355cfc45c97,No finding,,,,
3d718e505b0ee17de0f2e821eba38eef,No finding,,,,
a6df473195e09e64ea2dd37ab269b81f,No finding,,,,
33ef8fbf5f60047d375274a0a612119e,No finding,,,,
c78e3f7d26c9e4675005b46561c5a1d2,No finding,,,,
c0de486a10d82d07710af756e7b5c6a4,No finding,,,,
a8eea443a1b6ff5a66a5b3d9ca3b43ec,No finding,,,,
b8009ecfdc228cb909cbeae50c352d2e,No finding,,,,
98c6044176d9706381e15ff1ea27c751,No finding,,,,
e27db01e9a05734d422f6c1622463ba2,No finding,,,,
9ffc8ca8d76cfe864a79da8bafbd9342,No finding,,,,
e1681b6ced3912b798477d143c7e8f3f,No finding,,,,
071e3d1deecabb75178035e8dbad8b4d,No finding,,,,
271290de7e7e4fb8aa1c31327f48f4b5,No finding,,,,
5157d5c9b1f0004b29310652ea54e825,No finding,,,,
0d6d426159c634f71eb7fa9bf6f9e84a,No finding,,,,
6facd092dfec22384fd9446fd84c1ce3,No finding,,,,
c65e513c66dd262ab0558ed9d1b7e5be,No finding,,,,
d6c13c6bf7b72af84808603f82289b95,No finding,,,,
5f493090bbd86d604d1032df61b2bc8b,No finding,,,,
43f2bfe06c7c0bed1ea56abd891c46c1,No finding,,,,
fb3feb007c2e3a70ddc7cec5041da44b,No finding,,,,
c58fac126b9ea21f2188b3c57dd3beed,No finding,,,,
75ef4701bba51b04b002e82495d7fc6b,No finding,,,,
be16ae3b7ba6e3bdcfa6b262e819f78d,No finding,,,,
fcac5aea85139181c71e7e21ed9f2029,No finding,,,,
0f723c32aa819f9a24aed2fd407e3ff4,No finding,,,,
a9f5053df6cf18b5e52173b038bddcad,No finding,,,,
1e335e2b51bd598406b39b4f3974ea79,No finding,,,,
40cd10b8770cee353b0ae6a8192097ab,No finding,,,,
8bdba2010a4775f16a711feab58b8c1c,No finding,,,,
87763a0a0edd30e68ff86a100878c3be,No finding,,,,
fb5970d513055c03b3b04ca6a05387ff,No finding,,,,
4ef47d5bbd7105f7c7558bbb51735d36,No finding,,,,
225ee6b33560f3903d0427ea721e0690,No finding,,,,
36ffc780ab3e684e32802143790e5ee1,No finding,,,,
e1d40460f86f7b92f033b08d04b4ea6a,No finding,,,,
dd6a091c1317b198af6bb54438d3b87f,No finding,,,,
93cdc1245a32efee2b5ec92abe175e8b,No finding,,,,
e6f7ba58d99ec609df2460c60b8409ab,No finding,,,,
275f8dac86e5b584cf8382e195f3be75,No finding,,,,
e48737e0cc1a1fe43b0a02484894eaf0,No finding,,,,
42a70465f4b5859407233bb00aa64e7a,No finding,,,,
a1acb6294a7f94b05d33bf3945170b38,No finding,,,,
617ea36830c24b725ac31c81cbe6bdbd,No finding,,,,
55af1c9a0c2d59b4b6a07797df35b0d5,No finding,,,,
a45f609b1a50d56739f3ee575b70badb,No finding,,,,
aa1d47b139a6511c9d82741ec9dc8607,No finding,,,,
03f4ef7ff19190f220b13c0059ac506b,No finding,,,,
e34d4c8fea9d9626853069ebe3f30992,No finding,,,,
db82227084e1bb62ae1b82c16b71f819,No finding,,,,
5ed2380173b2e8517d11c525198474d0,No finding,,,,
a068f71d0687536e31df36ce45e9bac7,No finding,,,,
fcc202f312900fdff3053fcd45fe17e7,No finding,,,,
667ee8460269a5864a0fc00b4a9bf62f,No finding,,,,
f6502a2fcaa749e889a4cafb37227248,No finding,,,,
1e3741152ae10349083bdf40ef01789e,No finding,,,,
89d69479402c09787ae6663d2536a200,No finding,,,,
8eac0d67c1763bf49cff773d0acce819,No finding,,,,
63d11e1a4e6167f0625d0276fa926a47,No finding,,,,
ed8eee7061e062987cb2385657477236,No finding,,,,
67b03574d2c2a1cb24109269ceb021c3,No finding,,,,
9046a6b2fb904a20e144f9c26ac86ea7,No finding,,,,
4ba676bdd0c1b0c3876b6050c8fe0f31,No finding,,,,
53272263f44e3360b23a54230f7becf7,No finding,,,,
07304e029b89fc007bd64b7c9bb52979,No finding,,,,
c5862a6925bc6ecf894a73710cdf6b79,No finding,,,,
5c6ffc9cdf3d6d485aaf30a52eb9b525,No finding,,,,
45a67b52deef6d917675de9efcace27d,No finding,,,,
ca9717cffb655619ea3449fffabd024e,No finding,,,,
9e77743ee6d98ede10b36e8f12c1f226,No finding,,,,
18c93180fe5e1c5658a5d7ad18d7c26f,No finding,,,,
ed0ab46e05f7db39ec99200482833f63,No finding,,,,
32b33ed354f4f86cec0a90e53f584d58,No finding,,,,
859b2897036f5ebf281996b5c3ed5571,No finding,,,,
ddf377d1b071c2cec89dec0672f4156a,No finding,,,,
ea9601272370ee3c0b1e0b4b4bc5a2ae,No finding,,,,
64a157c58ebf8f3c33287c75c6ec4767,No finding,,,,
d06cddc18ffb530f46d3d1d3382dfbec,No finding,,,,
85bda836908ce9aa420b408de60d12b9,No finding,,,,
ec90a440c54e283d6950cafe4fdb1d65,No finding,,,,
69e11ab385dac820accda778f80af430,No finding,,,,
3d92749a082bc9206b4ba07779853e00,No finding,,,,
8bb8636f45e172949bb99b3d5dd715fd,No finding,,,,
7862687072c60da78260b61a00ddd256,No finding,,,,
1ddd49f2867bac4430aaad6d35445a61,No finding,,,,
5d8d9b5c072bbc2a4a2a0b89cd35ee9f,No finding,,,,
0b4e8de571c66cf889f2beb35182974b,No finding,,,,
f70e426b2d61fb8d53d844e0fdd032a3,No finding,,,,
4bed68bcc1b764cd964f5e96ca83884c,No finding,,,,
2b7ee30a6af65e9d2915764004122b36,No finding,,,,
1c41827efd6e236f8b05c6524f1a43c3,No finding,,,,
0a8dc3de200bc767169b73a6ab91e948,No finding,,,,
52547b2bd82aff7a631e41b23990a9ab,No finding,,,,
3d4c07ae432d5834781d532d833d75ac,No finding,,,,
12cea68e4b795e545877708c16b8dbdd,No finding,,,,
4e7c01fd1cfbfc54d2ac4913f6359be7,No finding,,,,
529e1b84a553a1eace23e78a49d041aa,No finding,,,,
800ba8f1fac83f75a00762f415780e9f,No finding,,,,
c07a2a2fae1462d1b0dc1bd308adf2d8,No finding,,,,
3be17a7a8e451ec0fb71ef3b8efa9425,No finding,,,,
a2df9968971d516062e5cd854f0ee7b8,No finding,,,,
751a2e7d04ad1296c7d0a9f9eabde0d8,No finding,,,,
cee65cff7342c464d3eeeaa26bde0b7e,No finding,,,,
342f1081f906354b4cca70450b27d32a,No finding,,,,
87d52b0c51edffcdd87793fe348aed71,No finding,,,,
e481a9470c00fea2fe261dd204075e45,No finding,,,,
19956c66c5528604e1043c766eeba90f,No finding,,,,
3f6fcfdcea0e6450a2c953c1768f0297,No finding,,,,
77fb6e22acdafb6900fd7624feefd953,No finding,,,,
2974f5f19670bae016a24ad38bf9106e,No finding,,,,
e35db9bce37902d5ad89909e69dd8c90,No finding,,,,
4b53f1475d0e4f4b617e7e3cb43bda2c,No finding,,,,
b2ebfd781d0d4b97f634e797cda68ef9,No finding,,,,
11ccd9217ba74bcc1021e91024591ba3,No finding,,,,
48f74b1df20e005b30cd5517ffe91aa4,No finding,,,,
fe07298fa1a9109de51c57e56a202df3,No finding,,,,
3f76b4107e59e33bfded211d2f95d4f4,No finding,,,,
98e7165c9909e187308e93f089384f9c,No finding,,,,
d1d3e01540ce1a7823136b20e98719d9,No finding,,,,
b6ee9286885962e0dd8670232858dda5,No finding,,,,
e27295afee6a7fda9e520f2e3f4ed2ef,No finding,,,,
9f3af32d10e06c9d1b3e0e2d39fbf9de,No finding,,,,
ae9c7e52d8a31c3898dcd1bcf7a6f19f,No finding,,,,
1033a2e669d3f19f68e6c8a2b5085661,No finding,,,,
ef2567e0167789de5b10ad9fc67f29df,No finding,,,,
b0119d70ae6410b497a0f2a74225ea9e,No finding,,,,
c65d1bc01538c40e79d946c4d7a14347,No finding,,,,
b5b8e63ea1d8857d9ef8972a5ffd40ad,No finding,,,,
6b872791e23742f6c33a08fc24f77365,No finding,,,,
dfd36190ad458c42961cf295a729aba5,No finding,,,,
a6f83640b41a64326aba96cdef3133dd,No finding,,,,
2e73e92e0c1d60ebb2d9a342dd73c277,No finding,,,,
99e1fdb74b8c507753026cd4ee28465c,No finding,,,,
6022bb1b65e1ffd7d70a6c5b70bc3962,No finding,,,,
729beaed8db4766d1aa3bb237a047e7a,No finding,,,,
7c56886a38be164d138314b50e7a20a3,No finding,,,,
de5295208703970acc0e59b7925a77c1,No finding,,,,
43e2eabebfa4a1545c0d5520a7435ca3,No finding,,,,
29d1fbd56a7ba8971054fa9d370e87da,No finding,,,,
bb3db5b1a3631c3f07ab30b3e53246e1,No finding,,,,
1bffe6caf3de56fc4ffcf7ce4176e757,No finding,,,,
80c68d62bf257cb6e0ab4f99b907d846,No finding,,,,
89026693453e72d07cdccd6a98999fd5,No finding,,,,
aa94a6c5aa2944663fbaf9b0fe6c23cc,No finding,,,,
e5e1e13efacea047b90d5fa6c78aa6e4,No finding,,,,
bd6d55f7df34a4347f106831229d0d18,No finding,,,,
fd16e07868605bc0136a2884be2742cb,No finding,,,,
844c74ccfd247080704e9118a2ef5ee6,No finding,,,,
c76cc6842dd21b058883c74433af4df7,No finding,,,,
3a515d9ba5419a9f35dc382017d5e98e,No finding,,,,
10d3204872c83731aeaee57e020b768a,No finding,,,,
c5275940f8aaa064bf37cbfcac5d3890,No finding,,,,
d343221fe29d689f6d6e5b1501774ee4,No finding,,,,
4593b44cd46a5ec9c8f341a16ddcba07,No finding,,,,
703f3e88b76dc44678a08cc71e2e23be,No finding,,,,
f05d1a0a4071c8f6e685d37e0a4ceafd,No finding,,,,
e06e6af1b1ae040355e80dc109d8406d,No finding,,,,
96601ac112a5e37c51dabe61bf063a8e,No finding,,,,
6f275a49e59b6d07416bfd3b8b73f7a8,No finding,,,,
104a4ddb44890a3289f04dc395741ef6,No finding,,,,
12237409e14e5a96605c4fb7613c35a1,No finding,,,,
9c84001b9cecc492efc1d459c8b18a85,No finding,,,,
edb0b27fb3602ffb157e5a022e6b5a70,No finding,,,,
f362fd880b0149646ccbb760be5f6354,No finding,,,,
e20886e0ccd8fafec82fee3ca05c366d,No finding,,,,
33475eb6c08efe5e59c243813d3df10e,No finding,,,,
e747a48664e3c9d14db83f7f271554de,No finding,,,,
f558366fc11e15db8e92a1d7d78c4585,No finding,,,,
68ea2c78d412b314ebe9b7261173f274,No finding,,,,
a88f300d72faf94ee8360906f4354851,No finding,,,,
690bb572300ef08bbbb7ebf4196099cf,No finding,,,,
3c134ccada9f182596bf6107b0dabb8d,No finding,,,,
c642210a54ca331c2a1bdcf6fbb7eac7,No finding,,,,
6d3d6b53f358a983b486e9e03144eb62,No finding,,,,
3e90adc40cb10bf9f49d34c6d54ba50c,No finding,,,,
aaf9e71b7ff5555aa096d77b2482ed56,No finding,,,,
0e7c94db444735ae4b8dfc72ae62ff3e,No finding,,,,
03aca410943c7f131b16572f03ee2cf6,No finding,,,,
bcb4b44fea2b97470a3cb8534a082421,No finding,,,,
bd27d79dffb6c8668a1e3da61e90a74f,No finding,,,,
0ed15ab15f2304a9a811d7fa6ce843de,No finding,,,,
0dc4847520090c7a38b61beb38d28963,No finding,,,,
fdd767c47adfda2c9fa48f5da76bc306,No finding,,,,
4c60b5ec140ae2e8611927fa82726f95,No finding,,,,
9b5a9ea07fc759ad8980f867fd114bc4,No finding,,,,
95202c6e6cf656274adf379f419ab244,No finding,,,,
edc8ec18f294ef376864542ed64570ec,No finding,,,,
b4f74f85787bc1cda0604360f5ed3480,No finding,,,,
8f4074350997e3cac1a8714363ce4069,No finding,,,,
81fd659ccf1dc3e815032762154a41fc,No finding,,,,
fdb8f8b25494dfa7024c24e61a56edb4,No finding,,,,
b1cf300f6c334fd9ed4ac90d4d345525,No finding,,,,
090a90ca6e01ed9f613578c95c151a01,No finding,,,,
f55c5c848362cf7bbf62a791ce585cbc,No finding,,,,
d44a11b83926a73c7082de7f3874b04c,No finding,,,,
887371388c9802ebf6e18d617d1c9ead,No finding,,,,
8f87062bcd359f1d6ba0c6ab4e1ce2aa,No finding,,,,
b3bde408c437a5395134a3126fc88060,No finding,,,,
eac03ab96bf30dcb4f35094b6ffd2cf9,No finding,,,,
3826548c8fedb944bee4f6eaa5c2090e,No finding,,,,
0ef99f92d68d16b8912cc073731ffad1,No finding,,,,
2bcf36484564a6ba7a1bda9c7ae96087,No finding,,,,
dbd35a22fd9a185ba6b5be43103f4e2a,No finding,,,,
c4feb69f2503b9b8877e7eb4fff64606,No finding,,,,
27a6da23941b4f586a6812b2d26e61dd,No finding,,,,
df3879d47989e97da7ff2aa037b62a93,No finding,,,,
fc4f13bf010ff3a5c661290a4e8fc2e2,No finding,,,,
024e693014e70d448f650267bed661ae,No finding,,,,
950259de679bcbb923e69129ef6640d5,No finding,,,,
93239daad566dbc55904c90e6f74a8f4,No finding,,,,
09defc0d2204d156a38f8391e491e7b2,No finding,,,,
33710a9edd291057f356433bcb50a632,No finding,,,,
38d60e4b63eeca0de18a1539dc527c93,No finding,,,,
cd18718ef1f66e1d753f3829f8e4ae82,No finding,,,,
6fa8814e8159cc0e7ac6d0477c0e6164,No finding,,,,
24d7e092a75fbc3f8756a6785a4d97c6,No finding,,,,
91a8f0bfbcfa86f399c6a1175ce78b48,No finding,,,,
9c76e31a24a12cc234f3a6e3fbd34cea,No finding,,,,
e6c0951354a0be53f6071e4a85ae5b06,No finding,,,,
f62a8210fdd97badd3a850adb5cd2d95,No finding,,,,
6f915569b8a5b8143cfe9e17f421355c,No finding,,,,
0fa816512a0a0342b0cf87fcaa672dab,No finding,,,,
618881f58ff428d49dc4b830c762845f,No finding,,,,
bbe5760fffa7c61ff8cf806b734ce19e,No finding,,,,
8e9dbebe9681191780dd66779a27a663,No finding,,,,
c9737f66509cc55924c6ffee7445c006,No finding,,,,
b9caeb519529294311110360f5c59a7c,No finding,,,,
2e7031642f0d951eda8e991c77c611c2,No finding,,,,
920798732c5a28ac4c00a8cf4a49e3ac,No finding,,,,
c833ff8336a9be7d5cd5510fa9e84c51,No finding,,,,
f6893d46b6ef55936ef1f17a95159304,No finding,,,,
cdb9c0046cc8f9e32fcafc5517000525,No finding,,,,
6a31846520f47386beb48675231cde3b,No finding,,,,
61327c4b99bf9a8459c9bbbb8cdb1e98,No finding,,,,
7d67ef151eaba48db4c8a4ea60d0c670,No finding,,,,
aab92c2f28c68c50ae92943aa4f00a13,No finding,,,,
9276f93cb5f5b511b7ad3caf71c45f10,No finding,,,,
48bcefd8a7e3b434f5680c174bd80ad4,No finding,,,,
e96043b446547ab8dad16e2fc0d7fb1f,No finding,,,,
8fc78cbddaaed14a33267a0b3e4094e3,No finding,,,,
4bc559f97e1d3c8c2ee52deef7de8811,No finding,,,,
d0d2addff91ad7beb1d92126ff74d621,No finding,,,,
c8fcdb8ff1a58c1c12d411271b003e3b,No finding,,,,
0e8d4e702da9eefdbb2696a98006ec55,No finding,,,,
27c40d7cad10950490cdc81752b328d7,No finding,,,,
df935ddeb1879b7cdf428682abb987b9,No finding,,,,
626185fb9e429be96fdf29f0c1ec665a,No finding,,,,
79b547f424c97c52e714d6e808035787,No finding,,,,
2af8fdf7c60bd75e480f5d992841a301,No finding,,,,
afea5cd9971b43df0e0e56faa5ec9e0a,No finding,,,,
e14840dd62dcaa3f2f429ed69a89059c,No finding,,,,
07ee5d541dcbf1131f0b84aee73d7705,No finding,,,,
3b742aa4d975709f2dada47203639704,No finding,,,,
bf89d440d622cb288d209ac9b7d63a19,No finding,,,,
e4e376d9aae02fa803ea2d9128aa3131,No finding,,,,
9d4c73f08e610430aa04a0e4149be21e,No finding,,,,
0c187ebe652499a7e28fd93da2e42ebb,No finding,,,,
dddab655208efc25d98e16790db35f25,No finding,,,,
6d2219f1c8c4af1e05acfe2c6e02f1d5,No finding,,,,
127c6048347e41fd040ae79d76fdfb3e,No finding,,,,
499855f7f211a8f2a5142182f1c6c177,No finding,,,,
fd0f5d8a369ce5026ea3be06a64980f5,No finding,,,,
9fda60640538c98e371a780e76b8a934,No finding,,,,
1e56d718a35fc14e4461717c9664c4c2,No finding,,,,
775bc8eece1917406112f0f626e190d3,No finding,,,,
3c6f70f56258cad13d74e7f17da1c7c5,No finding,,,,
66d46e46d052f43f708037a2fa8c3587,No finding,,,,
11548ab15b1e24e1daa31af618ef9468,No finding,,,,
40e58b0a128f657aec8d842c93ce17de,No finding,,,,
07c1810b7cb0d7ef900ab2b0007784cf,No finding,,,,
711dc542c6c7e2b21889838cd050a810,No finding,,,,
441e33ddef587e66391d3560e975b045,No finding,,,,
0fbf80807ef3fdece30d9356a171ae3d,No finding,,,,
8d14c321b87595be89926a9b5219150b,No finding,,,,
2b096376f5a0f62d10847e5d6f540a41,No finding,,,,
56cb181941ae9b45448469cc0e420ba7,No finding,,,,
16f3b4f52a2cbf5357547ca83cab6caf,No finding,,,,
e5457eeb0956976f320b1d648201bcda,No finding,,,,
dc2cf5d5d0c04cabed09513c44ede6d4,No finding,,,,
fc13de6ab8c42584502e004a4ed512af,No finding,,,,
6e930ab867c57f51c91565b9d251ecc0,No finding,,,,
1887e016e569b354a55e3fb4313def83,No finding,,,,
232e100235a5357cf19c135892af7d83,No finding,,,,
969570a649d3d7f430dd2e4ec11b7bc4,No finding,,,,
f6f3cbb0bef5a6d9da3f0cbdb9e94948,No finding,,,,
d73ac8ac7583749110d2e218e9456c49,No finding,,,,
44a61046e125f744ab317d7a463fbd9b,No finding,,,,
9d24b6b093579f86101c4760c7808986,No finding,,,,
e7bcf671b3a76fc9b0ba29727f3a7a5c,No finding,,,,
8b9c9d55bd03bf92f252c764bdc05bcf,No finding,,,,
2cbbb0c958dbc2f4d15171d1fc11ba2a,No finding,,,,
e18b20ca61e42b9c8ca5940a3721a5af,No finding,,,,
2744fe0f36f0523d926dd8bcca9fb826,No finding,,,,
cb1dc2b59f78abe4d2689f261d8e238c,No finding,,,,
ace60710b86a4f9e247f6a04c0b64418,No finding,,,,
36b6cdc7fa471226b319816a0935d9a3,No finding,,,,
2df0a695053bb26243095e62b3c2cf2c,No finding,,,,
04b700c4815f088728db9f093c739707,No finding,,,,
77de418d76da77b7e429227b83cd259f,No finding,,,,
c4ee0ef309fe9cda88a619df32e7f017,No finding,,,,
f592ac6b878d2b7929e3723347f2cfd4,No finding,,,,
5166706a90bb749862f3e3a5b7dd52fb,No finding,,,,
04da0054eed9aa1c8b95ade5e6c16a00,No finding,,,,
3658d0751f708f6676dce25b328dccca,No finding,,,,
09b017424bf8f0c76ba99e4f0dfc0019,No finding,,,,
ca5305844c45ccfa56bf83c4bcf8fa5a,No finding,,,,
cb0ab4b50a94ae805b052e56e18c7f43,No finding,,,,
03a395d9fc03a6f8c5a50e693c20ab15,No finding,,,,
440a93a65ecad8a5b0f77db19d5e8fb4,No finding,,,,
5424def929d8cb11e03df4a5c02df124,No finding,,,,
e541711f560cd700d7fdddd1d3dd98d4,No finding,,,,
3ec25a3d86136b2b3df04179d7118525,No finding,,,,
1aa1da1bf045b4eea350b501b1548351,No finding,,,,
6ce444e8adaafc7d20422f662b9ef160,No finding,,,,
d8583ad95a7d51980a2279b7d8c840e4,No finding,,,,
0c6f7b76bcc012fc5a9af4470f735aba,No finding,,,,
38d2d9277b7de0d843bb1b283e6814e9,No finding,,,,
ff761085c11792ec5f439f6b74774550,No finding,,,,
5f187acbe31f6335db2d8ec41c2815b5,No finding,,,,
add028f733f04ffb837bae1ab64ecdab,No finding,,,,
b68ed20e5c6ebee881077e813b8328d0,No finding,,,,
fdf93ea409b0d2e4a8a1ba885caa59e4,No finding,,,,
6547bec43838410978ebabe333495e7a,No finding,,,,
d1a36615c86adaaef3b2da10ddcd19e9,No finding,,,,
6fe306d319701f17fdf9d477bc2d1251,No finding,,,,
5a09dc583a83bf49eb3a245a4dcbea1d,No finding,,,,
7eab979ca2f6044cb662b86b414dac67,No finding,,,,
cde7402cebf0e691afe3220425b2782e,No finding,,,,
3f2dcbb885cf38e7b07d29785d81215e,No finding,,,,
fd332164e7924efb4e11f3186bc8fa4d,No finding,,,,
54a6bb5b22305b51f9a17728202d1180,No finding,,,,
98ed8a6f5992837800be0732813b9c57,No finding,,,,
f7b383025dbf8471573457bcdb714d84,No finding,,,,
cb818f1c6930fae5045710b2f8f9647c,No finding,,,,
4d5b56a3024f00356ce28de7f499eaa1,No finding,,,,
d264fcaa182ae4474c3b8f9b63fa1e99,No finding,,,,
69aae4076223158f2e0cfe8f6f74ce68,No finding,,,,
b461cd28bc17c294dd986d0d91577ac3,No finding,,,,
f75e7e2b2cf9b30dc523010b12d814f9,No finding,,,,
4fef4a4c55426766f8eaff240f1050dd,No finding,,,,
96ccdf8a8c6680b235e532b179a89285,No finding,,,,
455955fc58bafe84b70a4e92384cc07c,No finding,,,,
ba38573ea116b6f1b299fe7f8843325d,No finding,,,,
3cb7123b676ed1963d77850bfe185482,No finding,,,,
b444c3063cb1d803686df3e724af8ffc,No finding,,,,
79054bd52e5f6ebcda94fdc54e2fada5,No finding,,,,
eb52a2ddb6554ba3684c9b5082e52123,No finding,,,,
84d97a74cb6d007c8b4370c07920137c,No finding,,,,
2bc8d5ac6ce8651f95b07a2753dcb04b,No finding,,,,
5b3620a56668010877cfafa9322e18b5,No finding,,,,
2ff406f25425c2066fb57e7e534d1c90,No finding,,,,
cad4ad7a78acb352d36e1fb2db14c1d8,No finding,,,,
53f6b9d988c8195673ea55343c046187,No finding,,,,
0f4fd9b975fc4cc80c28b9539769f8e6,No finding,,,,
78528b631de407173ba09edd7b465e68,No finding,,,,
b6aecabe61430787ed4cdeb4409da3cb,No finding,,,,
f985935c1c34308b60dc8b75d207e669,No finding,,,,
3919111229e688f20ec426237af05162,No finding,,,,
d0ab6e17c2e03b8b73a2358cfc50a963,No finding,,,,
3fd3c7e4f7012ea21a2f8eba496c6748,No finding,,,,
d6678cb7ae39f575d35ab9da6d7cb171,No finding,,,,
27f070654756a43ea9ebb71802e8bb2c,No finding,,,,
f490b80263d4ef522a9f73e22201c73b,No finding,,,,
6b3e4fda37acc0d488a930b100fa0317,No finding,,,,
e37e6945fda3fe8118a033cc43b247fb,No finding,,,,
4c942bf5c39903d0ac282810185ddf7a,No finding,,,,
93c4edb47311463feddf87a0ea36f128,No finding,,,,
59da7ba739c19ecee53fbcb6f6d1f707,No finding,,,,
ac4491828474ddb108feea97a3dd9b2e,No finding,,,,
0c15e19c74ef8ddd9bed0a4fc7f4b5a8,No finding,,,,
b6742642009842b72acce666991e9495,No finding,,,,
8db986c7dad6ac1f5b3bcbf23b358d63,No finding,,,,
29c02ba2cb51e8cedbe8165049d37fa5,No finding,,,,
3fb7243f97d1493015a5f3cb880d8e4a,No finding,,,,
5852bd535b5b625b64bc5b8c2f59f0b3,No finding,,,,
715f936a0ab2aca1f671041c7704e15f,No finding,,,,
6ebfa96ac20b0558ad4d0ff155df4035,No finding,,,,
f030f0fa1c11c6f00d7d14bb95913fa3,No finding,,,,
a1d96d68f5fe42adc4f0fd93578cc52f,No finding,,,,
a3196674db73c50c7450c8964370e783,No finding,,,,
75235499405464bc6746650e1bcfaacf,No finding,,,,
03ea976a276b66285825246525357949,No finding,,,,
5fa0495898bec4aa9880079a3073ebe9,No finding,,,,
898f3a2c28f2267652a51a0163da0a19,No finding,,,,
f03c691227ab4d5df7de366b47d8069b,No finding,,,,
0ce3ae82d1f5c69f253432c5ec47c1be,No finding,,,,
cf0a24839c64a550eddaf76fb31765e7,No finding,,,,
d3697ddfca205604feb39867a9858ffc,No finding,,,,
603f46ee0064be1ad82c131af4f5c5df,No finding,,,,
35d9d826e89a38a66484430f6ebf85c9,No finding,,,,
b05eea6e753afa1cc9c957633eb03515,No finding,,,,
ceae9de35f06cd72dd7125b340970536,No finding,,,,
7c0e3ff480b02e9e709884f7f0e17864,No finding,,,,
3bde9f07f146da27d795709456f6ab17,No finding,,,,
f8959ec07e6b04f0e422f2a8fb18e074,No finding,,,,
7f1a8fc7aa0e045c3da67f710bbb0006,No finding,,,,
2a48953e401d5a9375966491758310a0,No finding,,,,
21adda7cffdfc008f99e15f8608f389e,No finding,,,,
3ca907c03b1409d8a703591f6ca7882e,No finding,,,,
17e37e29b02ef0f01a1e9e5e0c0e9d6e,No finding,,,,
22470824d6539f5aae6f5df896e49630,No finding,,,,
100a27b68566d2e53cf8c3822e2c7e30,No finding,,,,
6dd5ddb94bf5028c69056c4d9af92cd9,No finding,,,,
e0287e0fab8e6a90dc15dd8eb964931c,No finding,,,,
e860d5b79befb7a3ec741dddb2106e65,No finding,,,,
eb4c1f7a8fcd7ee076ae9f5eca8d05fc,No finding,,,,
865f04d531a2cea8ae54bea8419a143b,No finding,,,,
1c2898a294e3a212280feeac16396e7c,No finding,,,,
6ee6a322ef5a5c52b1e160c2ef5e83fd,No finding,,,,
953e9c48167874db643fd1dc010605c1,No finding,,,,
b310740e310e57b4e817bc1eea810695,No finding,,,,
a81511be3f69b30f5d04989b3b2319f0,No finding,,,,
cb811fdb74fb4f7efafad55da5efb7e6,No finding,,,,
f4e77a5ddc822faaf55570590689466b,No finding,,,,
2ce9d73f2f2b9809f54f5ced22abb25e,No finding,,,,
920adb61fe4f2cad8c72b874d2f06653,No finding,,,,
d7a747c3bd660fdb17d07d68c293ada9,No finding,,,,
8a1b171f8f5fff7acafec5dcb11b67da,No finding,,,,
1b3810d022fb64d409d7d579f7739b14,No finding,,,,
4ef769d2aaadffc2343a01771a9d378c,No finding,,,,
047815a469503dfe21da4a12e2514a15,No finding,,,,
3075716fb54707f068e0ecd8d687f799,No finding,,,,
d3aa566318310e1132a19b28151a4007,No finding,,,,
24263689acdde18b84fc1f464c908ccf,No finding,,,,
71ae8a44d7e82a2d5672d04d3d7b48f8,No finding,,,,
32f4fc5f09a10e5dd9bbdf35d7656fb6,No finding,,,,
0cadc7fd92caf5c27d7ce718d089897d,No finding,,,,
ff8d249021841a1af6f721db80550228,No finding,,,,
01f8f17dba6c5e67ba5bcf30ce70ea3f,No finding,,,,
222d99d554686c4ab478f830fa25028e,No finding,,,,
bb1156d79ce6e6bae259c2292e20e857,No finding,,,,
f81edf69d69a4aa3c228a01b01f10b4e,No finding,,,,
c7f4c7182d606d08ab042eae595defa3,No finding,,,,
0c9ba9fe4ff5e339f3a71d1a58824392,No finding,,,,
f6fa75664ef8fe0877fbf541b589e4c7,No finding,,,,
f2f0b6c373587033789cbae6a918d847,No finding,,,,
0e033fc78ddfc67dbd8382a8b3198e5a,No finding,,,,
3d281a2a2c78f8e0713166ed125a183a,No finding,,,,
fed370b0c413ea8bb9881636a6018ed2,No finding,,,,
31ccf1b8a9992b055d0d26043eea3c30,No finding,,,,
fd6b274f9e2ef0f660d52ed947e58ac3,No finding,,,,
15fb0d3878a7df2897e387cdd592577f,No finding,,,,
f4d47aa68af0a6a3b5ca91e721707421,No finding,,,,
aa6eac68ec54061a4d8db4e92fe26fca,No finding,,,,
d7494cea30e4fa1e4b4ebd0ecc6e03e5,No finding,,,,
9c2c384198990eca39cf2fe3ee00eb04,No finding,,,,
e233c5c385e063281c919be01d9fd81e,No finding,,,,
49cdb90b456d95c6b522acdbda2305c1,No finding,,,,
7902baf009b3169371fe1c3de95c3b99,No finding,,,,
39af4d0dbe33277af4520b6bdee5e1b2,No finding,,,,
aafba37e808192258f4a1c806113d678,No finding,,,,
0c0b8e98262a662c362929aa60e6bed9,No finding,,,,
8b80c6d513fcc465dee24402e8431bd3,No finding,,,,
f00ca048153e98ae17200c59e46d1212,No finding,,,,
5b77e693767a6cf469f16bd9e498f780,No finding,,,,
7b45d75262ca16f5bb6b4d05bc9ff151,No finding,,,,
5790429cd6ee14e2fbce734dba47dc21,No finding,,,,
89f9bf838081221588361f1da1e9a81a,No finding,,,,
4adb2de9973bd84b83298d045891ee3e,No finding,,,,
78b44b96b121d6075d7ae27135278e03,No finding,,,,
c433a34f8cf9c7b894a9d52c80678b0e,No finding,,,,
e78d8db6e521e07c0d1d4da2b40a192d,No finding,,,,
333feefeb39e5d2df1e5de640c82a9a4,No finding,,,,
6039745a7cf89b4f65da84eaa8c1a226,No finding,,,,
6e7d4b9cf93fee47afe3c299da9cd589,No finding,,,,
45d1c2d9c830ed7a526cdad0d908397a,No finding,,,,
a501e9ea8988356d9bf03155518dad34,No finding,,,,
8b83b4587641993e3b01daa61e207ba9,No finding,,,,
f1c94b69b9f1468a758cf2a8b5825716,No finding,,,,
b112545c70dffa1f3070ca17ae314782,No finding,,,,
1deb5e6595022e9cad8cb8fb00863e8f,No finding,,,,
d21b756f5ab5cdb2b8e54fb8f4c3e3d0,No finding,,,,
0b8ec8f17db23936e86de9ca3f36d206,No finding,,,,
818a1e7fcce109b3640d73dcf9ae74da,No finding,,,,
5b1e75dd15524be14eb8722cb4370490,No finding,,,,
e911e444e80e7a7a0a44b666513e282e,No finding,,,,
7b579c49ced6cef817e42812d6b78f1b,No finding,,,,
4567d789f16f8cad11b2e53f4b808256,No finding,,,,
57b473e8eaf284e0d3321d9def714930,No finding,,,,
1da78a23d8738003d24bdeb4a47c07ba,No finding,,,,
b0a22a2ed9f2511c83628c3c149c620e,No finding,,,,
a7ce329e4064a63c4b7f3efb7c6b2dde,No finding,,,,
aaa95202579b81b6c1fd30a32e416e4b,No finding,,,,
f1346d86077f3f3014e64112a8e72eef,No finding,,,,
2ed178b03fe6156fa3f4985d16620094,No finding,,,,
36a77e1a171a23bfd214fe07fc90ea2b,No finding,,,,
17d06e7d3f142ebb8f50088b417df79a,No finding,,,,
e36e3dd2e1b1269c3035fa6018346b68,No finding,,,,
4924e87f8069a1e4d3bb55f7bbeecdab,No finding,,,,
3e41c27c6bd34d990b4b4c33f9920342,No finding,,,,
b977cbb35dc5a4d783bf23ed11249e20,No finding,,,,
c71ec718a548aec5a16ff655d9bf9a04,No finding,,,,
9d68356f37f8ed3cdea24fcf8392b028,No finding,,,,
5a5364fb4f700d6a3daad03dc7a3eefc,No finding,,,,
4597cf072dafa598c3396af5b395da05,No finding,,,,
cc56549766a3a7acd001d5b0cf1342ce,No finding,,,,
c7d5032adf1f4001b80e7fe7e3d593d7,No finding,,,,
ac2ff5fbe1414b37f6c093af463a2e8c,No finding,,,,
ab98dfb77bbb5deff60345b5b4111666,No finding,,,,
6a7a509436c9822e6481247f7df41779,No finding,,,,
225fa92b59afa8d1e96a9b3a5291aaaf,No finding,,,,
7e406876f2125c3be2c61f32965384c4,No finding,,,,
c0f93c6eb04c2dc01ace95c784f73cd3,No finding,,,,
fa4aa1bac27679cc1aeafa437ee00030,No finding,,,,
9261a4818a8933262ea1b9b9bebd2b4d,No finding,,,,
7441457f4e2b2eba4682470448f256c1,No finding,,,,
8f21e046be34b9fd8fe5a3f6bff1b139,No finding,,,,
0b4888cfca12e55c3020026d4a0c33a4,No finding,,,,
034814210bf2105ecb3e7ed6876f43e9,No finding,,,,
72d693c05239faab88247fd1d98f2cbe,No finding,,,,
83a4f5f3b182b887bceba354c8721161,No finding,,,,
f316834a24c622f77486c596acfb46c9,No finding,,,,
5d47fc0830ff38a5a584e9fc83928990,No finding,,,,
73899609bfb60b2fd74a699b2e5add8c,No finding,,,,
298ba40fdf4ed6ad85ffd10748e805df,No finding,,,,
773144bbf1ced7a17fb84cdcbf7e6504,No finding,,,,
7b90ce31f08d1207a851a97626ccbea0,No finding,,,,
d2baf8c1bd359c4e7084134ab6fa92a9,No finding,,,,
d48c93c98a043291f28ae47c9be3b2e4,No finding,,,,
e796ffb0dc7afc67c75d4896a703ff8e,No finding,,,,
bfdcd33a8d6f3a4c40ea46a733c323e9,No finding,,,,
833920cee0073b2295b713e8e99a1183,No finding,,,,
8833925206c256a23d191bf9e976a37c,No finding,,,,
1782aa7185480390105391366e207a8d,No finding,,,,
458dba2869d82b94f34858fc0e9d420d,No finding,,,,
923555428f4043c4b5eac18d242021a7,No finding,,,,
0a1addecfc432a1b425d61fe57bc29d2,No finding,,,,
299a26bc4cc1680b6d22047a5a7aca2a,No finding,,,,
44e38e19f2d5fa89ebc805b4e4249f4a,No finding,,,,
5dcc4cf4ea03103c20218117eb9fb9b0,No finding,,,,
aaef5c76717e048a21ca0bbe328e3552,No finding,,,,
e95afeb0d8d25125ed07fbac5fdddb01,No finding,,,,
9466f15cf32369021196e4a474d6864e,No finding,,,,
415fe8e39c0546ff191f8e33888f09d4,No finding,,,,
920b51a079a6918a500745fd5dcc1c03,No finding,,,,
ec2176e084f94ee8f9fc662354262062,No finding,,,,
5dcc32890d8892aa5583f07b8308f6d9,No finding,,,,
a2dbf5279ee801c86326bfbff7e451b5,No finding,,,,
0f8e45ea561be377320632bcb7348f72,No finding,,,,
9a8b1df88ad29e363d897f4806bfe15c,No finding,,,,
6bf51457a3a0798a7d00fdce6d50756f,No finding,,,,
ea10cb0d473159762db63e0493a079b3,No finding,,,,
bc247fbc4a986f2974c1d8b158de77bd,No finding,,,,
945e911b21f8a7a61e1828b1b96e9b57,No finding,,,,
8dec5497ecc246766acfba5a4be4e619,No finding,,,,
6ddb758545f7aa226b736fa869cfb946,No finding,,,,
1870fb4ff8d9cd26be7ba8bc7959e4d7,No finding,,,,
73b9dabe01f791147d0da48d4c6b6bb8,No finding,,,,
df5c9296ecae6da1288c490c37c8e3fc,No finding,,,,
9b9d4926513c155d102818c7e746dc67,No finding,,,,
0eca5bbff12b841c18d231fc8cda0eeb,No finding,,,,
056815f22ac3de9b9eb6fb963d4cfa5a,No finding,,,,
0c0097d1ce174bc3bd6a0268b01ea90f,No finding,,,,
1bd17c03a70dbb1e8f4723d5aacb1e52,No finding,,,,
afa956946ef7e3933b6847a3ceabb448,No finding,,,,
5f7ff740eb512cd79270692b145d9f43,No finding,,,,
dba57a290feab2befedbd92212a87e5d,No finding,,,,
c6d180c86c53a79553a1773e9df1ca86,No finding,,,,
53675dd5b4676fb96d77abf225209f41,No finding,,,,
5e6bdaa0089a60e2d44f8414c188abb3,No finding,,,,
e46387455235ca9767ea8648b6ed08c1,No finding,,,,
4fef5faf22105d6c29f218236dd44d66,No finding,,,,
b9d474f14b730f98f89ebacc42de9dcf,No finding,,,,
40b2a81a852f7138879e5d0ba0a7ebc4,No finding,,,,
2362bae8a9b107f454ce8bcb5dd80180,No finding,,,,
5d6805e3bd24dcb9489d6718b9e60875,No finding,,,,
79b6946338c30268ead5a6253484f852,No finding,,,,
279ec29b29dbdf10c6311439ffaa6e03,No finding,,,,
88225a0655ff2e979a4901a74d206118,No finding,,,,
5254623fe2189d170d018917e5833c79,No finding,,,,
4e6377304c6519ef809c744ef376c319,No finding,,,,
39fb994092b2b3b96068fe06724af10e,No finding,,,,
c327595fc9f648b5deacf0dbf3c4533c,No finding,,,,
e1de1ed3e172099e6bfe687ec96c502f,No finding,,,,
61eab9bde303d3cd00fb9a4137b7ea22,No finding,,,,
2ce93e10c745a4e18901ae37073bc29e,No finding,,,,
d49baee1abbde153ef985a0091d603f8,No finding,,,,
bf6fd03f1aec7297c29722cf210c16f6,No finding,,,,
08e4edc0d35455c8e25a74b9ed3137b0,No finding,,,,
31446c7e7cae2f7aac75a2a922643474,No finding,,,,
affa908e7a8578ea510b37c08b7fa1ee,No finding,,,,
69454c090ae1d9ff81da56af7c2d27b8,No finding,,,,
4b8cfc33da08ab5309230eeeda306d3d,No finding,,,,
4a3a03c8e79cd72efd984b4fef5c157e,No finding,,,,
5f465c42b5dabad92561ebc83310755f,No finding,,,,
3457c18599e510d039aa44c4c3d56e3c,No finding,,,,
58a34363814d97cd8dd5c26f5673d6cb,No finding,,,,
e367d71562cfb24ea77e770ea199b767,No finding,,,,
19d24dee80c92094175c10817959c5fa,No finding,,,,
7d6d84f1373f54e8b4a7c72e4b0be842,No finding,,,,
eea860baa10cf65d1fabf38fad5c910e,No finding,,,,
ab9a830042ed3df8a972a382b5c2d152,No finding,,,,
71c27a4f0124bfee54339b40ee4164cc,No finding,,,,
79d2a2619a836e33f35407b0bba32eca,No finding,,,,
c97e54a78bab9c05ce2e04fe6c284bcd,No finding,,,,
d922cc7124ae504b4e53b8d016c25cca,No finding,,,,
c9c96c529b368b1a26c6cadc143c5aae,No finding,,,,
33e9093de7567d13466efefda65aa682,No finding,,,,
6c9502d09e81b5505727e86481d2ed51,No finding,,,,
12d598be7970fc60aa76bd7c21eef405,No finding,,,,
68de8599cb0dad09fd695e507f3ddfd0,No finding,,,,
e3577b39095e21bb64dc0d339fd22d68,No finding,,,,
f3a7ef6a3a8ca6ba35f19fdd3773912a,No finding,,,,
4a8ac39c7a3610502f46ae647da2ef19,No finding,,,,
0919cca5a55ea3b156f45b5cd14fe8d3,No finding,,,,
25d536e3c96e22c7c258d2ed859c304a,No finding,,,,
5acff5ccf1bcb3137e2c12dc99919396,No finding,,,,
bcf0466bfc6c67cd3b20194aa5df4d97,No finding,,,,
8b367525fe691a088991bf7ceb7b0ba9,No finding,,,,
b8e2cb8633a5299a8dec2087ad3e997e,No finding,,,,
e802d767e46566f02727d69836cc76cb,No finding,,,,
0b9f58b6f12a231738723f4d2dda0312,No finding,,,,
80a409944c5ca4ecd39a7af44592d392,No finding,,,,
ff425d16ade3f71bb7a6386f2f650cfa,No finding,,,,
aab1d5f56900ecdddc2687176293ee8d,No finding,,,,
7a4e9f9b2fd1e2423d98dbaa316d199f,No finding,,,,
687a7fcfa8f707f5770e5191f0008037,No finding,,,,
f8d475279c79dfa992b6857acd6a090d,No finding,,,,
35140570aec20f94b22429d00dc142e9,No finding,,,,
5b12004cef17343beaf944f5868016c3,No finding,,,,
03da4593b25a2e0095170197050cb551,No finding,,,,
08504fa0ea409654d6328e51de2fb3b9,No finding,,,,
e88b3436d7a70ca66e4a67a79c26d79c,No finding,,,,
bf5674a53aa324a186a71c78c2810679,No finding,,,,
de394dfae5c93d86d9531cdd119531ec,No finding,,,,
0c5bc5fdf756d1251e431c9281349376,No finding,,,,
35360687c230a5851d43ee95597d7b71,No finding,,,,
8ca35bde756454ae2789f75ad12dfa1a,No finding,,,,
ebfcc8cf8fd9e8daea61fcce22fab782,No finding,,,,
6621cc841cea87c5e90550935fdfb730,No finding,,,,
6039aea81ebf9094b5b3a1be940e09eb,No finding,,,,
cd9c4d04fa5cebf24886b4bdd7f0e7cd,No finding,,,,
d7e050bc044ea3aeafdbaa3994dc066d,No finding,,,,
8c1da0c0eb67a8b7bb7cfac84ecb1cc9,No finding,,,,
7e8d4dedd33473b5b4b247b9301d0bd7,No finding,,,,
bc783ccd6ff9cc50bbf3b4f5cdc7b147,No finding,,,,
710139037804abe11795c4544fba66e5,No finding,,,,
61353a4bf860223894df6ca7dcd857d1,No finding,,,,
59c201e80a79922c74bf490f5f571369,No finding,,,,
e7ec9f012b2c254deafe673333099553,No finding,,,,
2df2669e9b045feb28e5bf4b585f8d2c,No finding,,,,
1b4407d5e1e9ec1e602c75fc80b7b001,No finding,,,,
b22a606ccf819ba00d16d8f5a315db33,No finding,,,,
b8f93143f14cf418de65d17783e1beff,No finding,,,,
a6a9a60f22b70029f82e04bd2d5823cd,No finding,,,,
c44019b20cfb91f016432acfd1ae267b,No finding,,,,
a1adf6de567308fd21b771f24d1ad721,No finding,,,,
0171021638f9272a34a41feb84ed47a0,No finding,,,,
6e1cefab110115d73b04accbe36df6f0,No finding,,,,
0c8cb29888d314a0a8cfd0f8278af74c,No finding,,,,
da89d223c87e21b2a7d4a1930541177c,No finding,,,,
28da626e8fb2241c3799343618b7b509,No finding,,,,
f3e203d1372f41c6d574914254cb6529,No finding,,,,
234c0ca0777f8614476112bc7412caa5,No finding,,,,
5b50b56feb8f2129463d1c825ceb00f0,No finding,,,,
f0f700707355c83f4142ee3358fd1a78,No finding,,,,
2a1bf9e93ae38f5c230e5deed9db4182,No finding,,,,
f4369698e1827c458d3c316fc09111a5,No finding,,,,
4b4c014996678e36fa5aa1d74ff71a1a,No finding,,,,
2149d92bf6e0a54eefb4ad12a24decd9,No finding,,,,
9a2a32405209c4c47fc684255f4a1d1f,No finding,,,,
f075d4f926c4130f37b341da61efaf60,No finding,,,,
d970e435e12ad66711d0d93f4b3ab21d,No finding,,,,
57fdcbf8bf0215b154b097ee3cbe7c10,No finding,,,,
945654132299ed39a4001917a63442b5,No finding,,,,
7c010308edc7a272bb8c67dc6024d989,No finding,,,,
58d5bdf590c4892a7a1dff01b6be48ba,No finding,,,,
5b7e2ccb87c1e20394f7a84f3bb8c821,No finding,,,,
8cdb33b248a22754d1c2d8b409695a23,No finding,,,,
c3f6c25774cd7a6190ce10f919087585,No finding,,,,
bc5d6b85baf1c2737efd005e66e1995d,No finding,,,,
4a6d4be950d20bd987baaabf6a986ab0,No finding,,,,
2e2f4e832dc3bd12ddd8d405cbf7fdf5,No finding,,,,
e91fa68e2ba762b434a9fc7571ccdd3d,No finding,,,,
c057d680cc5c76dc89f01c5945267508,No finding,,,,
c881718c7b12b311fdc898370fd74d53,No finding,,,,
37f45b3477ae15855f96dbe3f1f7f9c0,No finding,,,,
1aa44e88c12853c45ac703f24309ac3e,No finding,,,,
aea4295e0193631de4bcab7792b9da7e,No finding,,,,
aff1207c6ecd90843ab144eed9467a49,No finding,,,,
25aec56a720623274a5d51c6faa764b4,No finding,,,,
58d2bf66beb82854825bef7db742819f,No finding,,,,
150ae0840d191a04af860941593c5fc5,No finding,,,,
44a4ac9c03955122caf8db97ae2fcec6,No finding,,,,
9cb8ad93052c913e3cce32c0d5ca8e62,No finding,,,,
da9d4494e91eedba860f6ad44139a591,No finding,,,,
fa7345f6e9515223cc3f3fc88651d940,No finding,,,,
1b26be04540ce7c6b0618a57cb295d13,No finding,,,,
c4311217936b89f9dbcc6fb57e00b40d,No finding,,,,
4fcf87976ca07858d6ee9af47b2a719c,No finding,,,,
3ea9f49ba17cbf6865a29bcb8d01b3b6,No finding,,,,
899071c789c858f5f18e7bb8cc01e9d8,No finding,,,,
cc5503112f1ca892fee7fb0d1002a6f9,No finding,,,,
fb36e668ed268bf65084fe3d1ff7a21f,No finding,,,,
293c5203bc1aa6aed90bed875b06dda8,No finding,,,,
74a3a1f2bbeacbfe81b567713d01cc85,No finding,,,,
b19485638f07adff512a5a70a7226510,No finding,,,,
1b3e916aa92b328e17f24d1c892cb749,No finding,,,,
a54dfc022eedd7f8ba392bc6dc243f5b,No finding,,,,
8e6dca156b7d89a13ab8849b30bf511f,No finding,,,,
cf4c3f5cd39bb00ca2b44a5254f1a311,No finding,,,,
d0ce010fd5c4d7c2b3f0d00b16449b1a,No finding,,,,
094d5c1af40f7f565d8d68cf28c06ba5,No finding,,,,
f951f6a6d4fd2ac09f5e95a33c731a38,No finding,,,,
801877d4b0ea3c93d4a926091916eebe,No finding,,,,
fd536e3e8f6f2336f27c76360c183b72,No finding,,,,
cd545e608ba6a194ea4a0c45c3c49980,No finding,,,,
bd20f59b67212bfe34b7b144c09f1280,No finding,,,,
dc697df7ec030fa4520e37d6ccb4b801,No finding,,,,
eed7b2051a72814f598a2325d16613d0,No finding,,,,
b39c13808b09d93117fa755e6f8e64ab,No finding,,,,
b12232ebf575db0226671621146f76e1,No finding,,,,
f0310a7e6a81b1a7efc5ef323727e974,No finding,,,,
378c5843d109c9f0bd82baa85b15dac8,No finding,,,,
b09780a59f371d11441de06aad993437,No finding,,,,
a9653a3944debde919a631ede6f9ac5e,No finding,,,,
08d6125cda5ffceb8f235c96179a7061,No finding,,,,
bf529c2d05e73db33c61d0672d768ffe,No finding,,,,
6073528e3a3ae67cf0f69e79c2d65c7a,No finding,,,,
734c7dc48a16c5a16188bd0ec7d05fe9,No finding,,,,
a98eb78f76b41f3b87faecc6e10e56fa,No finding,,,,
6febf1e7c57204153c4751a1bf6e39cc,No finding,,,,
a9bdb1569185a68c00c7e1df3a5c7a7a,No finding,,,,
b061d6df893b4bb48b7533e853df4220,No finding,,,,
1b13d20e122a770f28228027f03a010c,No finding,,,,
2a0554b42dbf31adb9cd5b4d0b865b84,No finding,,,,
81a5542dd5a975bc98bf9ea8fe6239b1,No finding,,,,
56f24c084776e6bef2576015b4caf11d,No finding,,,,
fb0b3aea7b0a3ced3aff87fd302c9ffd,No finding,,,,
1fd9d5d1bb0ce0f60396950f07270c09,No finding,,,,
aba3d1f5b1c04236f52a8980929b2cfa,No finding,,,,
f6ed82702d0d0c10a5e4091142c2d484,No finding,,,,
af585facfdf8aea6ca8175f5bc2b7c6e,No finding,,,,
60c667d029a8c9a394a64e83af944953,No finding,,,,
da01eec65d8c0cd330612b514627c6cb,No finding,,,,
1e3fadece3c8d4259c2b5a7de61e12ef,No finding,,,,
0a2e45455fe2c76ddbbb5f38ab35f6f2,No finding,,,,
d70f75311a5e09f9c97c5aedf915f313,No finding,,,,
ea4cfe15483f345e950261a2bc38f286,No finding,,,,
b95f1cf07f0b4aa8a18d890b1712223e,No finding,,,,
2a974dff02147c8c34b2e5f9f90c312f,No finding,,,,
9dd83beafe70432164f9945fef7da826,No finding,,,,
0b877b934aada3284ac13cfa74b5419c,No finding,,,,
7bbef01d8c97746a9cf656bc9748bee2,No finding,,,,
32761b596170dacbce163df97a5d935b,No finding,,,,
116bad01608f53b0e0a859461b3d5a76,No finding,,,,
6d63702f8b638639e72c9b72e504d45d,No finding,,,,
2829ec7e67ae926ce846f71c05b08440,No finding,,,,
ea61778151fddab8cb09907266663307,No finding,,,,
743ba45b288dad1b64c80f525226df65,No finding,,,,
b4d7956d7abb534e5eb9654cb6ce0447,No finding,,,,
d7c8f7be70272a97de03db9f7a3cd6ca,No finding,,,,
08534e46be27043b31a2b648d7c62350,No finding,,,,
3075e85dda12262bc9e34a5bd518d226,No finding,,,,
ff490fbf2d5613bc7c8cc13e2c2b1901,No finding,,,,
3e34595ad37ca0b7b2658b09792c9b04,No finding,,,,
1a43b8deb6025a95ea74603d897c95a5,No finding,,,,
fcc5d1a7ca6ebf34571e1213939e60c2,No finding,,,,
c31f6dca61b85d62c7ed381953ecf7a4,No finding,,,,
b681e8429d0e437034518de0ae6f6468,No finding,,,,
806771c21d67c39c6b251a8ef624b04b,No finding,,,,
0af8628f5cbe0786db483a10934d1be5,No finding,,,,
ba4aab9350d482e5540d27184ededf0b,No finding,,,,
76bb0ae099afc9ab5e218f55755a02ad,No finding,,,,
3c620ca6be5c87ad9f167e85b43defc2,No finding,,,,
07ee04ca7bb66d99ae283ded05f1af76,No finding,,,,
7ac10f1986662a02a6448205578299c9,No finding,,,,
a514cf41182665c95c401f8be8bb4b7d,No finding,,,,
f0f97aabfd0b5da7f290723a91b4e74f,No finding,,,,
6cce56dda2a5b90c9ac2987b1a8e3f45,No finding,,,,
477e93583988faa67e54d97cc39a8df9,No finding,,,,
004f33259ee4aef671c2b95d54e4be68,No finding,,,,
26fa2f95e008965bec79eddf40220618,No finding,,,,
841f26fd47640f87331ff714df4d2791,No finding,,,,
c470f50ba44e94bd97618c758c360557,No finding,,,,
52c52586097de7c4e1aa3761d28bb5e3,No finding,,,,
6f80079783fd3bf3df3fed4d0733d511,No finding,,,,
2ab2b7040d46ac3babebb3eca1d92b0f,No finding,,,,
968a90b80ec6b68aae9703ff30509acc,No finding,,,,
c6e3be1241543bb899417700ee878ccc,No finding,,,,
66f8ea5f21b26731b6bd4a1574c25abb,No finding,,,,
cc52d987264b9fa0ce8a0debcbf435ee,No finding,,,,
8545aad85354b8db7d5ce731a985a5dd,No finding,,,,
775aa6a334426b6dc282c61c48478a87,No finding,,,,
7b29ce6b9a2822aadc7ef891bd2ee88b,No finding,,,,
13a6d3d468c044807b06e160c0723c33,No finding,,,,
690f60dc7bb8faf32394031b8c300891,No finding,,,,
1863dc75544ef9c4fed99adc7148d45b,No finding,,,,
da4481593caa5fc2a1a7a7de90058720,No finding,,,,
2a3e22dea097a54f357d2634ca9837a1,No finding,,,,
c32e57bf82f608263ecdd1a221a1ac37,No finding,,,,
72039a144501dd60065d7f5e9e0c8385,No finding,,,,
20adb39b3684a4a5315c6c07c11f6a85,No finding,,,,
3a443e2a67c5b0956e461a7fb853bf9e,No finding,,,,
a43c51dd8e8e501bb4c3a3054dd046c0,No finding,,,,
5fe1faff313cb7b3019b7e1686f7ff57,No finding,,,,
5d8ade464909d72789ba814870c30e0d,No finding,,,,
e7ee4a97afd5a9ead92603ab934d0532,No finding,,,,
07ea0f8d7b7f1fb150c5afb04dc26c9a,No finding,,,,
48170b1f039b7cd08841af54449b5018,No finding,,,,
8d92d5da9bcba061cf36ee0a6c4d5d45,No finding,,,,
71b4eda82984d225fdddc3a4d1d32ad5,No finding,,,,
2ba6db6ed664e2aacd6e274edb609ec1,No finding,,,,
402d2d78d516f7a6899b25ae6f6b7b91,No finding,,,,
b4b4f6bd4783d0b7659280181ac022e3,No finding,,,,
9b7b30c14e12598ee4bd19777ef0557e,No finding,,,,
cb2d8fe8c739f18cc5c0155690e77319,No finding,,,,
449090e7c3df33a02d8f935a57af7f74,No finding,,,,
ab58f6f43dd2ed4995a4db00799061a2,No finding,,,,
86c250394507375a62f41b8178cee56b,No finding,,,,
1cd859e3b7a6ea36735fa06b03fcbdd7,No finding,,,,
a0dabcf104fe074b53d98c6935efffb1,No finding,,,,
26b335d3fb7b871bc7714c05421de9a5,No finding,,,,
9a581d10b649544c3bf01227bb2d728f,No finding,,,,
2a59884092b4774790654f357628cd77,No finding,,,,
3c8a5906888ab86560daf594daf3b3c2,No finding,,,,
4e60eda03b7df9196e6309009114f54b,No finding,,,,
0c26e997c79d2a3149cf1a62c9444554,No finding,,,,
98425caa984cc12173ccf14b815c3adb,No finding,,,,
b6306e43c25510ae95720bc16ce3e9df,No finding,,,,
b0b7dbd9b65c26a225e8f068c30036c5,No finding,,,,
4d22210e645f5c3ac3b98e06afd94046,No finding,,,,
dc3b840446057490dffe8eb7633cde30,No finding,,,,
a96be9e6b0e037a1c534c965fe7c5e44,No finding,,,,
a68eed5e92eba6f867bf9cfbcc7c6d86,No finding,,,,
204c690fdc9b400342f9b5a271523bfe,No finding,,,,
1ccc9029a1f9a8cb57a4913a7c239acc,No finding,,,,
3e15991154a164d30bb9fbbb29fe437c,No finding,,,,
eb70242f7644caa93343aebf7eef793a,No finding,,,,
65d990620d6cdcf8e92ea7e2eb624fc0,No finding,,,,
73a47bff27e977dc25c0b2cd4a470eea,No finding,,,,
b71c18e9ca2ee28e46da0e5a97d38e91,No finding,,,,
12df63c7ee868a1677ba273c3c775476,No finding,,,,
afe26bd69f04e1a0eb437ed8fad12d63,No finding,,,,
4aace7806718a917535d92c97eec097c,No finding,,,,
d32a4152c2e7b4d6e658ec58fbeea760,No finding,,,,
80f3da71b6af9134388dee22f0d386d9,No finding,,,,
b64e66f5c1d00d05deccaa8be754073a,No finding,,,,
b7a6886c351cbdd8af911e2f813d9c65,No finding,,,,
fd63afac528fb70393d1ca8f442427c4,No finding,,,,
533e87c55ad38b554f3ff19bf751eb14,No finding,,,,
4cd5e48c37b1e88e734e6e59dbf8bd6d,No finding,,,,
0cc3831c89471998bee7a1fa78d0aa19,No finding,,,,
50ab3d3a339eaeeb929368cb63599ea7,No finding,,,,
c6c7b52660b17c859e81f3e29a9290fd,No finding,,,,
c8680038be7f9cdebf0ae0c522b67746,No finding,,,,
173f8f59c15a521dc3ea16ee8783159c,No finding,,,,
18beac8a923ed6b1e08cb5a631a73e76,No finding,,,,
bc49943587ae2b5222a500b9a964d827,No finding,,,,
002a34c58c5b758217ed1f584ccbcfe9,No finding,,,,
74b23792db329cff5843e36efb8aa65a,No finding,,,,
c359405507bb499761ca794c4951dd57,No finding,,,,
967a55293ed97ec1447c0da5162a430e,No finding,,,,
9c424665bf74063ddb60cddbfa76c20f,No finding,,,,
e5e029e73bea7ccacc35541a73f566a5,No finding,,,,
6f2237ac129bdb372382853afb3fee6f,No finding,,,,
21e82a2a2a98836a5932f08ae4538bdd,No finding,,,,
2d4a0f76c837262f10a610d8b9c69e5f,No finding,,,,
564141a415cfa32841bb2de146faa5eb,No finding,,,,
03a2e400656f58841beb7f62584ee3e9,No finding,,,,
c507a510f4c6b6f210fb060d241c6d8a,No finding,,,,
92fa602b722ed0b664edb0b7ef6efc6e,No finding,,,,
9b43a48d28746e26aa54baa1e025e8f4,No finding,,,,
cc1c7fa04d3806bfc02688bc3da0caa5,No finding,,,,
3980fbd0f4f131b672d5dac9b4b044a0,No finding,,,,
6ca2a9acd3421424f26805ef49e9bdff,No finding,,,,
9c39e251d5c438f0320cbb39fa33b351,No finding,,,,
fb0cfde02670fe81d340cd708e2a30be,No finding,,,,
5797ed009ccc4840c86e430aa66f3e8e,No finding,,,,
18e12fb03036d68da9f672073967c753,No finding,,,,
0e6d7de1c4b73e5a5a12d6a5f20f9711,No finding,,,,
8ee3612f9072477512f638498c50d788,No finding,,,,
235fa5309a20f02f306297fee158a109,No finding,,,,
926f386ea35e891d7bfbcf9cab111866,No finding,,,,
e53cc6bed636edf2d7c63b005282c4a5,No finding,,,,
512ab0e4091190c453987236dd18c14e,No finding,,,,
79dc479648b23db3616339b4a79011b8,No finding,,,,
c8679fab8bbb201d145cebda1a332c57,No finding,,,,
29d5ed367182f9edefd323fc97f0edd6,No finding,,,,
2f8f4f988fd84809caf191477ebc05db,No finding,,,,
5e0835a600b595340117661ddcf40874,No finding,,,,
c337eb2061afda32f9639e065cfcfa51,No finding,,,,
a2a6d6a2246027eb628f5841701644cc,No finding,,,,
7222b97b9a833ddac0e188319a3c4af3,No finding,,,,
419aa74d3b1447debce1775ba7084c29,No finding,,,,
879e183709977d43bd02d4e51ef325b4,No finding,,,,
db5b376b80f23ff48277d11b6450eaad,No finding,,,,
27dd187f50de71108de3de2bfa52698c,No finding,,,,
fd2e07088ff35c77448f636ad1816039,No finding,,,,
7ddcf554c85d4a2bfc3803d448247e8f,No finding,,,,
e230375555e299e93f54e2cf397f0ff8,No finding,,,,
7d9e13dac6ed48dbd0577c3c65b214eb,No finding,,,,
08cad5510452011e9c519bbbc9741fda,No finding,,,,
1e2a07154cad985c88bf3668850c3587,No finding,,,,
5ef0d0b605f39b09df42d293e87971e3,No finding,,,,
c009c5428f102cd58e7679dedff33718,No finding,,,,
7f48ff3a2eeb49be6ab8de17ffbd97b6,No finding,,,,
7b60d69158c11381cad26574b327c723,No finding,,,,
474007ded9b6b99e3619a705ef34d0dc,No finding,,,,
05fd4bbf127858eb83ae01cd454d3e2a,No finding,,,,
77479e09e740cfce8962e9e55963330e,No finding,,,,
4dc355ac95a17cd1a361779cba717ade,No finding,,,,
cb3b210015a31adab114493e1150eaf8,No finding,,,,
d7fc2b6c5cf6a46da19d00c61886c37d,No finding,,,,
7a4af4d5b559ac1a4f9dd849c0aec107,No finding,,,,
df231556391a360eabcd45df13986daa,No finding,,,,
85c79168f44971d4ed1a4ceb92f52782,No finding,,,,
ef7f329f4e29124e1d3bfec2b974f83c,No finding,,,,
51f634dd2e12def131b68288f1e7eca1,No finding,,,,
3cff8dcf3354f5ed794061627d7d24a7,No finding,,,,
e82e5f7cf9eaffcf52a36ee49e4b576a,No finding,,,,
bcdeff957f94624ea168c2908ab41eaf,No finding,,,,
9874724dd188122d0142f38b1011dbce,No finding,,,,
bdf39912dfbf595b96291c08833ba940,No finding,,,,
cbefb01084be6c3ae418628c66cca996,No finding,,,,
ae2c627a8cdf3ed34305217f530fad73,No finding,,,,
d2dbf0f7d587a2e9cf11afe263b0289f,No finding,,,,
d800be728a73341ba74459a533474fdc,No finding,,,,
e413f0b40162af48d87bece11e6812b4,No finding,,,,
6f69a6354bed9fabd85e9d5766075075,No finding,,,,
b355f072e13b16791b85280fe272e2d2,No finding,,,,
35a7775073c28080ee57ce23585cf17b,No finding,,,,
9af18fd0a3ba73f3340c69a5af4f3053,No finding,,,,
79272925caa941829eb32e77a0262c3c,No finding,,,,
88026d37fe4202ab073fa838da4fa438,No finding,,,,
f4c7a984e4c5c33174f6132f47a3a6f7,No finding,,,,
c79ad7c6175224bae4c1c82473d2402f,No finding,,,,
1f2238036d246a568553191ed099c1e3,No finding,,,,
442e1e71a3b1c97fe654fc7439119534,No finding,,,,
eb355cf2855e493443600ab7e8a8d98e,No finding,,,,
ab0272eeb4b1d71bb816b39fb872f817,No finding,,,,
6f85d2a7982a02cea67abf229e402404,No finding,,,,
7f5503caa936a623b4388fbd88e890c5,No finding,,,,
9cef6970daacf97ee86d7b9bf54034a5,No finding,,,,
043111cdad4d26204503d3396876046f,No finding,,,,
d05829a2a79ab20326e3ddcd339a8baf,No finding,,,,
cd907f4eff4c31b66d2feb2fa7185d36,No finding,,,,
7a14d694617e5bc2aa937e16bbfd213c,No finding,,,,
58675a9b3a6015291c518c1327d81ab5,No finding,,,,
5f6f2b299b3563b39f0a81dc4045f38a,No finding,,,,
099e4272e7aa6f18b8fa322e1277c6a9,No finding,,,,
ebb4c7e1dee5c840751626bcfff3c2fd,No finding,,,,
9060abafbf20514eb23dacaec98e5001,No finding,,,,
e05c2d1640c302ad80c558d74285f1a6,No finding,,,,
3210943635d98be46b4864dc5fae5079,No finding,,,,
645f1d663a0008a679a6187bef19e968,No finding,,,,
999739311885dd8eceab3dbdc55ebd80,No finding,,,,
7109c2bb3c552f274418c7d7d769445d,No finding,,,,
c374e62c67f8e7a4d460e37d56bfa852,No finding,,,,
b7087046414717d69791b6fd66fa9e4d,No finding,,,,
df249823cb86309870560a47a6dff686,No finding,,,,
a59a3566eec80ff22c3bc7d1e3f4f72d,No finding,,,,
85e3f349aa7ffca50350583c0e872b3e,No finding,,,,
9b41c13ac918adcc1261f750a1d61b40,No finding,,,,
fa65f9c4a8e431255655cebb6606f71b,No finding,,,,
0dc797718326e05d1decd2996f748fc7,No finding,,,,
65e600f7fd5b8cf1c3027e2165585ed8,No finding,,,,
dc328df041d1a9727d5925828c6637d9,No finding,,,,
b4801175f8c958f46679cb01729a3aa3,No finding,,,,
76cee2dfef93ddd6caaa04a93ce1ea01,No finding,,,,
49ff79c0235064bd067c31148066acf0,No finding,,,,
66204c1c0e3628601c10aae51963b5ea,No finding,,,,
f49a4d12c7b619760bfc173c183e0f3a,No finding,,,,
20b7a770145a276ab4f3ccd12e28aa45,No finding,,,,
f76c63188029651973219b355e31fa33,No finding,,,,
cb5a71f2ba8bcfe8d6f946fa49245c4b,No finding,,,,
de09c63ee469c67331ed80c4ec0d325c,No finding,,,,
f9a162208a90cf000184cf1798c0d2f0,No finding,,,,
fc49e387cd9955fc80d0124967ef303b,No finding,,,,
a04f8ce606d065b30adcd26b231e7ff2,No finding,,,,
5d6a25163584e7b05a528d3f94fda500,No finding,,,,
4783897bac1d991d9a95f8c6bdb14766,No finding,,,,
67626c635c3b17db4acd9052a06f8be5,No finding,,,,
11b8e52dde21c314c67ead9547b1002a,No finding,,,,
92a7c4fdc48bc4b5567b292cb57a201d,No finding,,,,
a12c4d0713661192a6e0bbd0ed1b231e,No finding,,,,
c4232411727c2821c17c059a260427d9,No finding,,,,
7803162d59bc010353f64ffbaabc452f,No finding,,,,
42866ae76e629e8a612a5898ad377afb,No finding,,,,
fc94cb673061ef39128437a97f960704,No finding,,,,
013c169f9dad6f1f6485da961b9f7bf2,No finding,,,,
9b4caa22dbd06599d42f7ec9434ca00f,No finding,,,,
f4d61d727424622b8c54212967467c32,No finding,,,,
f1af2617d49d2b413f6356860972c52f,No finding,,,,
2204fe4a8d1b984f7b6b9951e5f11c79,No finding,,,,
2f977e3238400bf52f146ed0eb3a57c1,No finding,,,,
6d5cbffaa090403113687a73278ba98e,No finding,,,,
703257c7585df8905ab7962f4a598bb2,No finding,,,,
a9e40cab375d5e1ce347b4f5587d7579,No finding,,,,
8718fb6c453339e5db252d14328d8ae9,No finding,,,,
d505378e162ec9099017c7ff6d35b812,No finding,,,,
721f5da499fd2c079738720daaa2706f,No finding,,,,
407a0f9b955a811bd3dbb459a8ac7576,No finding,,,,
4f5fe9950e605a42d75ea7bfb8230866,No finding,,,,
a2188a01235ae6d38e99371e3459f5a3,No finding,,,,
6c4f50895f5342d5377b80c6dca50ac4,No finding,,,,
eefe8288df6d67f2deced0ba60cb7651,No finding,,,,
c0347e6100231b22e4f5f80eb0e08613,No finding,,,,
e51fb1d29627f9ed31e65a53048b7cd6,No finding,,,,
66fcdc246e2d6dbe7aae14db8b54d2ef,No finding,,,,
70b513210efb66bdbb469eeb3b3266d5,No finding,,,,
39d9ea42feb3af75ef0ea3dd91e7e1f5,No finding,,,,
36cd56c10616e2089c21010d73d0df3b,No finding,,,,
5eda4abc36bf4f4d7553ce62ad167fc3,No finding,,,,
3401e0a653e4b1489ce0d770c0f3748b,No finding,,,,
a18bff6167ed3c03d4135439c2fa4242,No finding,,,,
12ed43ece0b7bff835c1461a7f501cdb,No finding,,,,
75dd4fb1cb781471b7f34b678b8dc547,No finding,,,,
e77a8e0acc0663c80e108291e664d378,No finding,,,,
787506d2456ea43f00689850f3a4e797,No finding,,,,
f5f77203f00504c40b45a65d23cd8948,No finding,,,,
472672f4fbd1e5093c54346466ef8b6c,No finding,,,,
f91f6cc13266b906c5840fbb73efd9b5,No finding,,,,
f0ce214777f0b2c457e7456b5349ba89,No finding,,,,
119a7830be7eaba5f4feb67d1ee9011e,No finding,,,,
2b004c4cb35e703a7b28d5f3d80ac310,No finding,,,,
bce6bcf6038371280f01a046751af32c,No finding,,,,
a3da04532e2668e7fcc7f3e544b6e7e3,No finding,,,,
1e5df6a5f0edfdce728581219123811f,No finding,,,,
4957a9685207cc3eb8425318dc83fafb,No finding,,,,
72b5767e2d03a32d3a3514f851f0c872,No finding,,,,
73dba107969801cde6ff7bfe518274b2,No finding,,,,
d512f7d29b98de13e6607c82ca5e2614,No finding,,,,
0cc5600e54fe599fefce87de375268e3,No finding,,,,
247d4f43ebb5cef2dec03ec8afaff90a,No finding,,,,
b97f303f7576feb4b730d785af3fde1d,No finding,,,,
6087594b3cfce30c211a8e2edcc3421e,No finding,,,,
adca1d936c8d6b0cd25c0011894f20dd,No finding,,,,
4983daeac755e646cb10670f26f04168,No finding,,,,
66999352526e3fe5ea5e2fcb065eb2c5,No finding,,,,
d025e3d642cb20b297bb70aa06eb3447,No finding,,,,
5149be077d0b6e167ccc0f9c3e3de686,No finding,,,,
ae6434cc392e34dc83ce31ce480c5858,No finding,,,,
9b4c819c56238d760d50d8ee8b4cea15,No finding,,,,
78a65ae9e49e19db9eb86324f483fd67,No finding,,,,
d442b46f858afa0bbc87e0fd6a88bbb4,No finding,,,,
230ced5935d8f83f1b9f52bb95059263,No finding,,,,
9a0b2fcfccac08e3ed0f1c8d2021d56d,No finding,,,,
8441d98d5b146a30546686ea74f22cb8,No finding,,,,
9c0bd741b166e8fddfdb445430beaa35,No finding,,,,
7d1370ec3e5406ad436adf55a3bcf6f4,No finding,,,,
51b7daabe78f2a56ec22993e3a77dd3b,No finding,,,,
3533a82817c5bba65a24f2799679fb50,No finding,,,,
8a4ebdea1fd73168d73755a4335b6ac6,No finding,,,,
3313b32f4a3d416440ef4509591ecc68,No finding,,,,
921ae3e2888fcc1250129a6e8e585350,No finding,,,,
92b86dc30366b13fa742c386fb146594,No finding,,,,
19c904c92f411c3bccc89f0024587543,No finding,,,,
4c213a6dd028309618851387389b7a30,No finding,,,,
83de33a22bd34496e5a48e703757f955,No finding,,,,
dbd9e1d7586876d95f1f1923db1c830f,No finding,,,,
dd0dffca34bf56e24fa0fe2fc04ead94,No finding,,,,
ae65f96c6901de63e9ca768bb58c3253,No finding,,,,
d76a0128b3bd173cec3958c31feddac7,No finding,,,,
6ddfbc87602afc5ef112b401637ef3ae,No finding,,,,
5e5fc315d2f1aa94c2a06dd54aaba053,No finding,,,,
4378b6e8a912d95d9eadeff7b3b9a48e,No finding,,,,
8c5f21ee2a5e13f48eddb5877084a11f,No finding,,,,
99ccfe1695993a5275d11aad4e2abb9c,No finding,,,,
d0d647dd59a4b1fb3ceb3aee3a09282a,No finding,,,,
d03bca40fd8aa7ad5940d73d00b1e95a,No finding,,,,
a7b95bc6823cdde758fc58a57885ca20,No finding,,,,
802ee38a7da17f26985c121f68bb9d26,No finding,,,,
ab5b4a334ecfc9544fb26cc268f85794,No finding,,,,
158c6d4adf43b8fb9c3c51bd47180e9e,No finding,,,,
cae5070a27b63070ecee61beafa2c8c4,No finding,,,,
e12d455aebc3767b5a4c38c6f51ca7b8,No finding,,,,
fd3f2abb3ba1d00026654a220d53d9bb,No finding,,,,
c3f81b5f19dd0e3518026b662fad6ce9,No finding,,,,
e4de98153b1e0be0bed9a965872a544d,No finding,,,,
2e72c2566be0f82a09336a05d58499af,No finding,,,,
8704b3b6daca3fa2a42630a22b6ded1a,No finding,,,,
cd74ffabbafebe43115d854373e1d75e,No finding,,,,
20b35d7ea287071b586c37690162b556,No finding,,,,
be39af57fa823e11f4559891d1d6ea1f,No finding,,,,
3b68bc60f5353a7f3a8c30a99ed5cc3f,No finding,,,,
c063548352d80a5460f857b15ff472ec,No finding,,,,
43f22c9287a262c3621ee246b6153a1b,No finding,,,,
a1bffc253b662f0ed464ab6e7ab6950a,No finding,,,,
cd8951119bb88588f134bbbc4a93ac0d,No finding,,,,
e4f0bab50765cafa3feb728cfbb210b3,No finding,,,,
b3c53b567b4981605f758d83d2e91d90,No finding,,,,
3d31da3e8d49304c7752e3522b0e3a9f,No finding,,,,
ac5b9c5e3b65367ddbd1097db80f7a3c,No finding,,,,
9dc84f214b1b2069a81805d2f93b81a2,No finding,,,,
ec2ffd5ae3e2e05cd3045a3de917f4b3,No finding,,,,
8071111321da026443f7b87a0b41b089,No finding,,,,
6818934fdace67a5ebca75f90d598002,No finding,,,,
0168eb925aa6f28a78b16134792f5d0e,No finding,,,,
122b52a4ec108c2ed3e934b4abfcaac0,No finding,,,,
1aac6d9d0a45609aa2771e91e59451da,No finding,,,,
1b78d27f9d6dbeb9296c6b610262c95e,No finding,,,,
e0791ea6fad65312a47124a1ed644c63,No finding,,,,
b9e16712bb4e0ba0adfe77973be8942b,No finding,,,,
74925ac400da8ead8dfa6a30de1e8f4d,No finding,,,,
e94fde220360e4b769921e16059cc6af,No finding,,,,
3cc3637e5b01e1fb105326b58dfc7fa2,No finding,,,,
2b526a754c5cae80c2c45bc85ce95bb6,No finding,,,,
7daad4dedca1737fe750c7ce8df6fa88,No finding,,,,
0e302ce9dc207afa54c8661ebdfc9051,No finding,,,,
5d29e7137d24e923a347d54eb81eefcd,No finding,,,,
ae39157042d5ff9e264c7f6b18812938,No finding,,,,
766238ff8d88651dfb314bc9c70986f9,No finding,,,,
d49b0726f2ed9bc21fc5e7beeca51013,No finding,,,,
605186158128f2160564d7b3c9898db3,No finding,,,,
1fffff933eea7cb619d35e5ae18920d5,No finding,,,,
696b2f74de8b69decbb4f884b77c7429,No finding,,,,
a550a845b14d4d14fb51aec4638101e1,No finding,,,,
d12e6816fa4914c7720aea3bf6f8d701,No finding,,,,
1ca5675a7a3042ccb0334a42d14d145f,No finding,,,,
352ec28500e57fa5c87183f1eb83ffa0,No finding,,,,
9c08285e9324c9e7efbfed86b5a93fd6,No finding,,,,
97eefe9bc5a1a7d4dd2c0fa36b407b2d,No finding,,,,
2c779143ede5ab9248e40bd83d6b72bf,No finding,,,,
ebe24ca91a2a7f7f445a294afbae746c,No finding,,,,
f3da3f6e8cbc9b17d27754339b0b2311,No finding,,,,
0d8b5533f40cf4b0c3f2d86b1d61d6bc,No finding,,,,
50ab53e4414b6551c81b447fee0e43c5,No finding,,,,
7142d5dae053a2b32c4225f7cf671d8c,No finding,,,,
e568aadc2126ba7274c86fa661cb7d69,No finding,,,,
84c632197eb00d0bf42931649cf26a84,No finding,,,,
5fbbcff7a47bce1f31ac6ca777e79a2d,No finding,,,,
912a20a92e3eec09b59aad46c4451241,No finding,,,,
90a2ee123827454effd1632e5a0d2214,No finding,,,,
670058d081c80065f0bc1087737093cb,No finding,,,,
d2f46e1af0a1d93e1f8ec92633f1df86,No finding,,,,
523a0dcc2fdba0812176614c5302258c,No finding,,,,
9575166c507d7862f5924bc606eb6c1d,No finding,,,,
5995bef3891e94a9666695e1302247cc,No finding,,,,
eb2597bd5418c1159fea819aa03c29fa,No finding,,,,
df8adf0cc2608573128fb4a6cb650079,No finding,,,,
80ad748edd617396cc973d20b4e481fb,No finding,,,,
91283908618845879937985817083c93,No finding,,,,
adb78a62d4d98624dc87fd1da2a47fbf,No finding,,,,
8b783188befa28d99bbf268a7f30bf0c,No finding,,,,
f54d1a125632850b7774cd5144ad3bc2,No finding,,,,
7dcb78885da74ebf4adb54042bd23d5b,No finding,,,,
6e07fab2014be723250f7897ab6e3df2,No finding,,,,
699a8677439fd564ed21abdbf7b44db0,No finding,,,,
acc6f0b29ac46e8211ee8af34623d226,No finding,,,,
69cab0314beaa8eefe2f3b4d316b2642,No finding,,,,
311301e3ac19b4b8eda85672e625b2e8,No finding,,,,
9c965bb9be35d8f706f836fdfabb92ea,No finding,,,,
cc0522c7e62e67cb9b26acede6e1d404,No finding,,,,
74e44965f52b614f4f200468b9594382,No finding,,,,
ac355b28467401582eb29bcba2222201,No finding,,,,
b07db2b7a19271c348cd0138fb0ea6a2,No finding,,,,
fb1150a90723df92e2385c956db5aeef,No finding,,,,
77c48e5d1314b7a38a9af6b91b6636ee,No finding,,,,
9c71b33d836534579e8c2c15a9849eb0,No finding,,,,
e2ed2255485f5ced03268f821041cd5b,No finding,,,,
a197da40ea602ae169a5bb958e58e65d,No finding,,,,
533bf2420ef58839a93d4fcbec6e27ec,No finding,,,,
e8bffa66025df05ffe10232af1046542,No finding,,,,
ca06f0a42e10816d50258f5cd663414a,No finding,,,,
793aa89237cb495f1b83dcc5a1434934,No finding,,,,
da35978a37f990de5a0d68b1e9399e9e,No finding,,,,
5ba0a669fd3430e9386758e838210b98,No finding,,,,
dca31a2cd40cde0683837dcdf10eca09,No finding,,,,
d99cb848aa26cad3f4178bda906edad3,No finding,,,,
206a3bdb39970f971f505da837a5bfd4,No finding,,,,
4419786026e61be0d0cc38481e6d4a6f,No finding,,,,
a4bb549a594457090a24f663d38e314d,No finding,,,,
6be87996a6f4e9339892c7b8c3af42f3,No finding,,,,
72842226962cd50c932146b07bec593e,No finding,,,,
f923cd5cb2daf790272dbef850f5647b,No finding,,,,
e31c6dc2eccf48d5b8680648e731085c,No finding,,,,
9221b0d7c0029ef3ac6e12f5aa330fa6,No finding,,,,
a384e99cde85590d5d4273d65b921282,No finding,,,,
e268bfef734c0cf02c2dc7f30db79cb6,No finding,,,,
560ff4beac01961b07e664cda2419933,No finding,,,,
fa1f952dd2567c9e516cae5a59c30692,No finding,,,,
8e45289dba71354bafe44794b7d60d2c,No finding,,,,
28e90b2f52b47a0b0398cd6e47abaa0b,No finding,,,,
dee60decdde445d8e7b9e9c0f7d1382e,No finding,,,,
1db20acd44b0e120b91f137a46da1ff6,No finding,,,,
b381d2dc6d77140e137a70933adf2f23,No finding,,,,
05dbd765ff84cbb24759b0c135ba4447,No finding,,,,
47d8960b72621abb40a2544697b6308f,No finding,,,,
7989ee219436f5636916b09612055915,No finding,,,,
8a0914af872a03770cd65e63ac220504,No finding,,,,
bfc96c37612b42b22d20e825b588d94e,No finding,,,,
995c6aa1693e2998b61f2db55f73d4b0,No finding,,,,
897c9283fc1e7c7c9c27db654aec8d73,No finding,,,,
3ff458f907610a9eae3130e961a8e3f4,No finding,,,,
c4588ebcfb2b1a1fb509c168bcc8a5d2,No finding,,,,
ca647ee01080d09ddf7855aa4a09a7a0,No finding,,,,
86a162a046aa05913ec0ea15a37bf6ec,No finding,,,,
3274df5c70fba85244fd07f57dd95e3e,No finding,,,,
9be029176ee67d946f67f6c737e748ca,No finding,,,,
4293c777d8e33cc6d4d6d7f2c72ff43f,No finding,,,,
2f629036ede0886b8a4eef89f6526fc6,No finding,,,,
788c42c6b87bb62f1d5def6b0e7ca9da,No finding,,,,
97d10edc0bd4a9bdf9265467678944ae,No finding,,,,
d2d074d49c5ee6b469006f259f98773f,No finding,,,,
e244fb86e085ac10727602e7ab36971b,No finding,,,,
d49e92ae76d99be46e09d76b90a2a35d,No finding,,,,
0c803c4810a8c5ec362f5d4504489431,No finding,,,,
9fc090c6d79c30b3979bd20b6c05ec83,No finding,,,,
50772fd4aff6e953333b6812356040f7,No finding,,,,
67b79ff73377ea7e3b3077e7fe493ca0,No finding,,,,
b680342f191c8188c2ac1b2b1876a2ee,No finding,,,,
543063d457e1f7416a0b80b451064f43,No finding,,,,
82e41a990090318996b32addee7ed8af,No finding,,,,
69cdda9dc9e51f15384964918ef50806,No finding,,,,
6e27c7b2eed8f7a3d6342e242a89c631,No finding,,,,
993a0157e7afc9b9ef2857349e3efe6d,No finding,,,,
065473884bfa339d2e464e5394d56fd6,No finding,,,,
42182063da0162c48411742e08e48d2c,No finding,,,,
b5beecb493aba85a65672ec29595e2ec,No finding,,,,
1205221385629d1199a6ed82fff7c18f,No finding,,,,
c7ce1b138108b73cd9a77c488b8b3e76,No finding,,,,
069198879ff8140bab6c47c58242a0a4,No finding,,,,
af2c39b21636af413907f7f1cf658446,No finding,,,,
42d7070a36e7edfa295f9aea2f472e6b,No finding,,,,
bf8d52c878563a85c0a07857bfba0d58,No finding,,,,
9dd7f778ffcaa49e3a0f66aa27ed2105,No finding,,,,
c8b11df73b43cb08a60ffe48d4738297,No finding,,,,
5263004c6cdd4b53933a5669c3a4975f,No finding,,,,
6f04094bb30e028d5ae7dba96788e9dd,No finding,,,,
9fd7502c56c4c91aa88f6442d3ccb567,No finding,,,,
d41d8830d84bbbbce9584a341d0bf2e5,No finding,,,,
4055ab5787f624b27978cc8e612e09a0,No finding,,,,
f417b4769acedb45cf83492c0a79774b,No finding,,,,
a7e8992bfbf1e24fb95721fb71e51159,No finding,,,,
f89ab5da4af9b087e43cd09f2ebd8463,No finding,,,,
919ae0be4914f8ab1309afd084b552f9,No finding,,,,
ade7c2225ef5aa319a66de15812a7e79,No finding,,,,
436088e347319cbffc494a8d24005299,No finding,,,,
7f941b941253b7e3e6d14b5b472cd109,No finding,,,,
780f385ed80d16130dad48d823b1ee0f,No finding,,,,
967cc2106c325f85a5447798328f5d33,No finding,,,,
0538230ced64be2db111ff5d07624db1,No finding,,,,
49c8db913e71138d6d0bbea0ab047490,No finding,,,,
b6909bb49fea3015f46335ed2ebb9da4,No finding,,,,
c4c30a5d7c71d6fe1c94d6be7084c5f3,No finding,,,,
95c1cb84d859b7ef18e61b5e2d052bb5,No finding,,,,
ee5abbb404a247b05f2961565a0760f1,No finding,,,,
b06913e5c32078f74280d5937e316d96,No finding,,,,
dad0ade8390ad4e53a98a69bf94ea288,No finding,,,,
127e2784b91becce4ac297255904033e,No finding,,,,
ec596958fa957e06e899f1fa21915c4f,No finding,,,,
4b848db9936cee0aa033439f83426f91,No finding,,,,
b946a39ccc9817429acdf4034de8ad5a,No finding,,,,
e713fe6ed28f23aed83f54c56ff30189,No finding,,,,
b5db31329914f79adc2225e63238e057,No finding,,,,
7a9a75ad8f406d7561aa2f0ef7000933,No finding,,,,
03f9ce3f34a38cf5c6411acd8fd4c5ff,No finding,,,,
3f6b6e7041b06528c5629fb7de92d61e,No finding,,,,
c7d4b0c22945845851e2c248ac237da1,No finding,,,,
71c75db6da20e3320fb90ca9b018ab31,No finding,,,,
8915d3a6c700fd26eddb5c5d7f67571c,No finding,,,,
97c27cc1254725212a62ca9af162d54d,No finding,,,,
3c948bc922d30f6c7ed39df29f5cd989,No finding,,,,
4237ca5336f5d9aae908608e00b0ff4b,No finding,,,,
dbc51fb3223bace177f22521c166a830,No finding,,,,
13775f4e51c24f0cd01ba11398e2caeb,No finding,,,,
7333af45f987aed199da0aed5dd59fd6,No finding,,,,
f18f78dc60869c8b9e96393876669b9e,No finding,,,,
5be05d9818c57db3635e33dca8315507,No finding,,,,
2d94fa68576a921838bdfec98d9a3767,No finding,,,,
6ced1a5ca6625e9c00070e14a98cf816,No finding,,,,
973b316bee7e6ccda97c07d096008fea,No finding,,,,
59da30abf63819b706a361028157735e,No finding,,,,
bbab4dd25cce6bcce8cfbc431301d5e1,No finding,,,,
4cf0e4032e75d8766b1a3881e8975fe7,No finding,,,,
121e650bba0d2537b821fb20bcc0db86,No finding,,,,
7707509ad13c3c9d41d2417ef8fecaa6,No finding,,,,
cb322def72a6d1b8318ec954f5aba12a,No finding,,,,
f7c9af76d1b6223f1eef8f20b51f1513,No finding,,,,
61073332776c189abf3844bb71f990ab,No finding,,,,
410d67ef44a7845ca56750960a4b6fed,No finding,,,,
37c489f4e9b80a82bfec581082e14dd2,No finding,,,,
8b20c3eebf97ebe4a939ec16f1be2ccf,No finding,,,,
c390e5919988358ba2aaf0b7acd2c7b9,No finding,,,,
900b1f760a359497ccf2a17d08413357,No finding,,,,
dccc12d62dc2179f542fa001200ed364,No finding,,,,
0aa43b52e98700f8696bf36c10a76cea,No finding,,,,
0f0e0e7e8ab91026bb659e58297b88d5,No finding,,,,
b933b11d1a87912401b3839c0624bf48,No finding,,,,
0493431e2beef20230dfc2837e95fe7b,No finding,,,,
2edfac59a792f8bf27a0d5beead24c27,No finding,,,,
d2e77def0302c94f744079974be9bc53,No finding,,,,
c94dea3d697a01b6dc68b4a810830fa9,No finding,,,,
a271ab4abb8bff077a50fa2e4e8ac663,No finding,,,,
a9eb578a8362fedb2ae92bc6f2ba72c9,No finding,,,,
271a21b7999e4bf82fb94c8ed51c9e45,No finding,,,,
473ad58ee65663186dbab2bcae8cd0a7,No finding,,,,
d75a718e64f556d92fada391278ac5f3,No finding,,,,
608614185411b42c65111af9fc737f35,No finding,,,,
5c0fa88ca172de9b668b330f0b4d7e60,No finding,,,,
2d106d30e4ddce3aca77d00715c8a655,No finding,,,,
4f7ce99ee360877a27e4e34a03d71bfd,No finding,,,,
f2385e76586b911c47398381b3ab3dd3,No finding,,,,
f2cee76e8d488de8de9a602b505cfe9d,No finding,,,,
da48002e9656b3ae99cf7cad5fef4d33,No finding,,,,
b437738182ad6fbdcfa6f6e1d220dad2,No finding,,,,
cf392dbe49a0cdbf85aa42adefe63d07,No finding,,,,
b65467fc097115261fe11d2a99ccb5cd,No finding,,,,
af6e3cf591f1ef220c22cefe19b638a0,No finding,,,,
b49ae99734943af981150e563b4bf26f,No finding,,,,
968735441bd2c77d7cfcf4d504b1fd5b,No finding,,,,
4112f6a0a3a7509212801f2b3132dfda,No finding,,,,
d154ed5ece3a6da5cadf6658a7076cc7,No finding,,,,
d19e1c13fb8bf4a55c6726e4114957f4,No finding,,,,
e84944fa26ca15c5f0babbac442855a0,No finding,,,,
65279dbfdffd5d1250e8f7d0293d5727,No finding,,,,
f058c6ba1cd65bc8ec4947d12f45d81d,No finding,,,,
5e0c289e7bf4efc3780975780ca3dcf4,No finding,,,,
ef840fd4320e6048b9ef9cc0bf7b90d4,No finding,,,,
c810e34a7f10490d032f80b95037199f,No finding,,,,
caff7d83d7749c842bce12286d311164,No finding,,,,
e626e81df9243e43371c8881fbc6d8b7,No finding,,,,
7a5e63853f72b1cf6180e4d33aecbf93,No finding,,,,
997fdbeb9910b1d22539b9311cc565a5,No finding,,,,
0e2a6f637bc997be18ec30687bdc3762,No finding,,,,
b5da01c47f383175b34189c9e0a604fc,No finding,,,,
624ad6845050f024902fd3fce5402988,No finding,,,,
778153803200347fa9e3573824d89e8f,No finding,,,,
4e6269ee38f7c8afc70792e62d0a05e8,No finding,,,,
17eefd92847c5a56c84990047ab2d5ae,No finding,,,,
ff41bdfc0c7fae671caabbe6dcf071bb,No finding,,,,
3a14159e53495689a8b21a371aa54ef7,No finding,,,,
db01060306d1f3eb3ea7c1beb8be6edf,No finding,,,,
6ce0806845f2f73ef1665353979d581f,No finding,,,,
e0c6e37639776cb11ed37eb94922df25,No finding,,,,
ee24bfc8651524e8efeee45ff30cb532,No finding,,,,
61b5b9b49242ae40885781dd2c1a2cb0,No finding,,,,
3a0135174fe1bec08b8318fba4aa951c,No finding,,,,
c93f821385bd67adda8a84155a5560e9,No finding,,,,
4601f338b350b816ad50be7c58deed92,No finding,,,,
cbd0a639798ad947081a059a87ca3e94,No finding,,,,
17520d7b23b5a393d697ecf139b736fc,No finding,,,,
deb72391b998de457c5132511a3af7e1,No finding,,,,
86f879c042c8a2860eb6f3177d374998,No finding,,,,
e4c50af34882d9a1c5631007c1d2e05d,No finding,,,,
cdd5481fd9376b5e7828aec48799255a,No finding,,,,
331dd7060c9d960473535fdd82355bb0,No finding,,,,
69f8a7c2bc453e0c3c71442dd0c46d91,No finding,,,,
8861966283668b026211d4789e556e32,No finding,,,,
475405daeac63ae42731ddf2b8a53508,No finding,,,,
99f7683a4b94a0cdb5f3b98953647a47,No finding,,,,
5b26309e228cdffb49fee96063e2c880,No finding,,,,
3f311e13697f83d41f55f079232fe7ee,No finding,,,,
375230098adb78e73b6d162c9e30acd6,No finding,,,,
6490e2cf8ea994ef53c06c287d59085d,No finding,,,,
6ae66f1bc9c08766adb65d366a60e2b0,No finding,,,,
2aa621807bfa78b2fc36c1ca34962f1c,No finding,,,,
867fdc610019d6500f0d02205491d6b3,No finding,,,,
f54bd15a6816454bbd8c5306af16a730,No finding,,,,
3689f084f7fa4d0f6336cca39a224f22,No finding,,,,
2a7a59327e473f50b0fa174fe0ba6d30,No finding,,,,
0b2cc81ad04ca2e91f2a8626b645cad8,No finding,,,,
1fad8a04142b39fb650138dc933334b3,No finding,,,,
df229b77da3656e5264f74025b4990f2,No finding,,,,
6325341c36f40a4641b62c3131d82b4e,No finding,,,,
8665a7a54f95442fbf721f9865fd2215,No finding,,,,
8622b8fb70af2568eb36fe1e9bf944df,No finding,,,,
3cfc0bb78ca18773c9ec91ad9bbe3d4d,No finding,,,,
8f0e9a83c1e26189ede1bd22fd751ead,No finding,,,,
327f8c6c13ad1a6efefd78409c9f2191,No finding,,,,
923e8cd400a4e914b50f3ee0ee7297e3,No finding,,,,
3ba1428b5a468133d0b75b0418514c23,No finding,,,,
cfb23f265ba1ca551b0fbb8720e30e6d,No finding,,,,
b3b085d09a42cfd9d885f4abd7948b03,No finding,,,,
5ba94d99f827e546b59846aa66eea08c,No finding,,,,
5d6e9e74f44b6f359525af6c176bf9fa,No finding,,,,
c1d8e02bc4d3b5e14672235659c061d3,No finding,,,,
05e951c63e80999f13e6e09e7ec8439a,No finding,,,,
0764ce517782604a7b81bb6e17c798e9,No finding,,,,
28381c8323917ac88d571e1213a2d382,No finding,,,,
b31896c53faf22384b2ec503b2657139,No finding,,,,
5cd7b69add950d3e0fd7d6a0b84d9ce3,No finding,,,,
d135d69679fd7976d2d6ec01bb167f9d,No finding,,,,
0e36597f559be16b6304f3771082c82a,No finding,,,,
1264a14de4ec7c401eaf55b1440e2d20,No finding,,,,
f1e4ac8d6db9d986fbff411c6a314857,No finding,,,,
fc28fc9ede2c505c2125343c048124b6,No finding,,,,
f06b3e9d9422ea8de3b22d5db99913f5,No finding,,,,
88b95ee8ca5cf416d2d4eefe6fdda544,No finding,,,,
7ce84780a2d602c08c800ff2e769514c,No finding,,,,
8d87354fed4d79fe6e33267600d66adf,No finding,,,,
4d656bcd93f3e99d46fde6c2fa36e7d4,No finding,,,,
d5d43ffa4e64e63ccd92c40397d6b48b,No finding,,,,
3fe12c24bee9c864bf65441b49a53d79,No finding,,,,
5e9b9e927b853f5a95cd487b249e77b2,No finding,,,,
2249e2c552b44d15f36f05266a7d2b7c,No finding,,,,
b8a064a85a04c00695de94136bd58955,No finding,,,,
e9c690c6b50e976406e953e6cfdb7a0b,No finding,,,,
20d0c4e2d3473e9f1f2891f01d5edf63,No finding,,,,
5175798e4a23ac250b47c0c4fd83a725,No finding,,,,
69d19f0d8ac223581188a5adf05cd313,No finding,,,,
75c2894e7a12b8f12d35b1c02ab383f6,No finding,,,,
91a0ba6661f1216e3e0efa1da5085927,No finding,,,,
3aa53ed6b890f65e41d2d359912626dd,No finding,,,,
1d12b94b7acbeadef7d7700b50aa90d4,No finding,,,,
91c465dad262c2d07cc9d98ebd3126cf,No finding,,,,
face7d0feea230cb057697e34fcb3ad3,No finding,,,,
80bc7a1af89f2b8b60ed33c83ae8ed5d,No finding,,,,
fcdd777de2f86604758044246dd7bebb,No finding,,,,
9408e65cccb846a922ba24c1482d1f4e,No finding,,,,
f8f82030def9bc103a16dba159f0b957,No finding,,,,
7565b2f86dadd6aca63ab9d6a285d53d,No finding,,,,
cabaca5197759010eda73ad3e3f372d2,No finding,,,,
f1bf11a8a2164e6adc930df26a5dd75e,No finding,,,,
4eef841c5708308c2ff8957ebc79ae06,No finding,,,,
e45ce3fb58c703c15ba13efd80e95128,No finding,,,,
57efd697f8ed1fe9bd4c44a139b7aa66,No finding,,,,
d09ec8573f5c237e56bbeae80f877f18,No finding,,,,
c84c9afed6d26c87c30b76ae29ebd290,No finding,,,,
c5026a45c2acc85937d1f13c2638f97c,No finding,,,,
8fc6580091f8d24be3dbd700d4630833,No finding,,,,
60485f64a1de6c652639c3ab84fcd12f,No finding,,,,
d6ac4b653b357bcebaff24830d8423cb,No finding,,,,
528800fde9832ed21a8c8c6f45cddf14,No finding,,,,
90ff0f6edbdb16fdeeaf3a8471f576ff,No finding,,,,
3d26f5e39259810fb7a332f50bd9d867,No finding,,,,
54cf3b86aba7151a1bbca30db954307e,No finding,,,,
016bc723c3ceedb78e27ebfe7032498e,No finding,,,,
f734d8823f31d805567d6480513003d2,No finding,,,,
d668f847d1fbfef0784961b91ad913bd,No finding,,,,
a1c39becc9835462d84db8c51229779f,No finding,,,,
0e580dda54b8d1df7e3a888c41e69704,No finding,,,,
6fdc6a34720c31d685942b7bb44f9612,No finding,,,,
acb798cac2ce66c6c9b1570fab4e4adc,No finding,,,,
5c4202e130bd01f555e57d8503de6491,No finding,,,,
4fd4306bfaeb5322082642bee9ef3ff8,No finding,,,,
9e8a5a85012b7b8c5dd164382d93e089,No finding,,,,
8b9ea72de468504f3dbc3fc711f905a3,No finding,,,,
b6c2293402377da9dc28dc65609022f0,No finding,,,,
84564d34f32254f20e49bcb6ab603421,No finding,,,,
3c0da76eb43946a1f718198ef00bea1a,No finding,,,,
